تاریخ تهران,ساعت تهران,پنجره ET,جهت,قانون‌ها,پله,مبلغ,نتیجه,سود/زیان,انفجار,موجودی,قیمت شروع,قیمت پایان
2026-06-03,05:05,09:35PM,بالا,۱,1,20,باخت,-20,,1980,66538.98,66423.0
2026-06-03,05:10,09:40PM,بالا,۱,2,40,برد,40,,2020,66423.0,66541.02
2026-06-03,06:35,11:05PM,بالا,۱,1,20,برد,20,,2040,66331.0,66432.79
2026-06-03,06:45,11:15PM,بالا,۱,1,20,برد,20,,2060,66309.0,66344.99
2026-06-03,06:55,11:25PM,بالا,۱,1,20,باخت,-20,,2040,66065.98,65949.99
2026-06-03,07:00,11:30PM,بالا,۷,2,40,باخت,-40,,2000,65949.99,65936.95
2026-06-03,07:05,11:35PM,بالا,۷,3,80,باخت,-80,انفجار,1920,65936.95,65671.0
2026-06-03,07:10,11:40PM,بالا,۲،۵،۷,1,20,باخت,-20,,1900,65671.0,65603.26
2026-06-03,07:15,11:45PM,بالا,۷,2,40,برد,40,,1940,65603.26,65846.01
2026-06-03,07:30,12:00AM,پایین,۵,1,20,برد,20,,1960,66399.8,66284.99
2026-06-03,07:35,12:05AM,پایین,۵,1,20,برد,20,,1980,66284.99,66249.55
2026-06-03,08:30,01:00AM,پایین,۱،۵,1,20,باخت,-20,,1960,66921.01,66974.26
2026-06-03,08:35,01:05AM,پایین,۱،۵,2,40,باخت,-40,,1920,66974.26,67045.02
2026-06-03,08:40,01:10AM,پایین,۱،۵,3,80,باخت,-80,انفجار,1840,67045.02,67079.0
2026-06-03,08:45,01:15AM,پایین,۱،۵,1,20,برد,20,,1860,67079.0,66953.49
2026-06-03,08:55,01:25AM,پایین,۶,1,20,برد,20,,1880,67008.01,66866.0
2026-06-03,09:20,01:50AM,پایین,۱،۲,1,20,باخت,-20,,1860,67220.31,67238.17
2026-06-03,09:25,01:55AM,پایین,۱,2,40,برد,40,,1900,67238.17,67152.82
2026-06-03,09:50,02:20AM,پایین,۱,1,20,برد,20,,1920,67246.41,67153.12
2026-06-03,10:00,02:30AM,پایین,۱،۶,1,20,باخت,-20,,1900,67359.15,67402.65
2026-06-03,10:05,02:35AM,پایین,۱,2,40,برد,40,,1940,67402.65,67217.0
2026-06-03,10:25,02:55AM,بالا,۵,1,20,برد,20,,1960,66885.0,66887.87
2026-06-03,10:45,03:15AM,پایین,۲,1,20,برد,20,,1980,67180.55,67111.07
2026-06-03,13:10,05:40AM,بالا,۷,1,20,برد,20,,2000,66639.38,66920.52
2026-06-03,13:30,06:00AM,پایین,۵,1,20,باخت,-20,,1980,67078.25,67333.99
2026-06-03,15:00,07:30AM,بالا,۲,2,40,باخت,-40,,1940,67090.93,67046.89
2026-06-03,15:45,08:15AM,بالا,۷,3,80,برد,80,,2020,66751.0,66798.56
2026-06-03,16:45,09:15AM,پایین,۱,1,20,برد,20,,2040,67128.73,67016.75
2026-06-03,16:55,09:25AM,بالا,۱,1,20,برد,20,,2060,66749.06,67027.33
2026-06-03,17:10,09:40AM,بالا,۱،۵,1,20,برد,20,,2080,66641.44,66688.78
2026-06-03,17:45,10:15AM,بالا,۱,1,20,برد,20,,2100,66588.65,66606.21
2026-06-03,18:35,11:05AM,بالا,۱،۲,1,20,باخت,-20,,2080,66486.35,66428.03
2026-06-03,18:40,11:10AM,بالا,۱,2,40,باخت,-40,,2040,66428.03,66254.8
2026-06-03,18:45,11:15AM,بالا,۱،۲،۵,3,80,برد,80,,2120,66254.8,66272.49
2026-06-03,18:50,11:20AM,بالا,۵,1,20,برد,20,,2140,66272.49,66492.84
2026-06-03,19:00,11:30AM,بالا,۱,1,20,باخت,-20,,2120,66242.81,66220.64
2026-06-03,19:05,11:35AM,بالا,۱,2,40,باخت,-40,,2080,66220.64,66197.87
2026-06-03,19:10,11:40AM,بالا,۱,3,80,برد,80,,2160,66197.87,66209.41
2026-06-03,19:20,11:50AM,بالا,۱,1,20,باخت,-20,,2140,66113.69,65979.71
2026-06-03,19:25,11:55AM,بالا,۱,2,40,برد,40,,2180,65979.71,66054.92
2026-06-03,19:45,12:15PM,بالا,۱,1,20,باخت,-20,,2160,65959.92,65554.69
2026-06-03,19:50,12:20PM,بالا,۱،۲،۵،۷,2,40,باخت,-40,,2120,65554.69,65517.09
2026-06-03,19:55,12:25PM,بالا,۱،۵،۷,3,80,برد,80,,2200,65517.09,65653.91
2026-06-03,20:00,12:30PM,بالا,۵,1,20,برد,20,,2220,65653.91,65814.97
2026-06-03,21:00,01:30PM,پایین,۵,1,20,باخت,-20,,2200,66063.39,66071.39
2026-06-03,23:20,03:50PM,بالا,۱،۷,2,40,برد,40,,2240,65269.96,65371.67
2026-06-03,23:30,04:00PM,بالا,۱،۵,1,20,برد,20,,2260,65237.09,65309.0
2026-06-04,00:10,04:40PM,بالا,۱,1,20,باخت,-20,,2240,65104.65,65022.98
2026-06-04,00:15,04:45PM,بالا,۱,2,40,باخت,-40,,2200,65022.98,64971.92
2026-06-04,00:20,04:50PM,بالا,۱,3,80,باخت,-80,انفجار,2120,64971.92,64916.94
2026-06-04,00:25,04:55PM,بالا,۱،۳,1,20,برد,20,,2140,64916.94,65188.74
2026-06-04,00:45,05:15PM,پایین,۵,1,20,برد,20,,2160,65438.68,65436.62
2026-06-04,01:00,05:30PM,پایین,۱,1,20,برد,20,,2180,65509.2,65375.25
2026-06-04,01:15,05:45PM,پایین,۱,1,20,برد,20,,2200,65658.04,65566.27
2026-06-04,01:25,05:55PM,پایین,۱,1,20,برد,20,,2220,65676.16,65458.19
2026-06-04,01:45,06:15PM,بالا,۵,1,20,باخت,-20,,2200,65174.1,65135.39
2026-06-04,02:15,06:45PM,بالا,۱,2,40,باخت,-40,,2160,64828.5,64732.01
2026-06-04,02:20,06:50PM,بالا,۱,3,80,برد,80,,2240,64732.01,64818.23
2026-06-04,02:30,07:00PM,بالا,۱,1,20,باخت,-20,,2220,64555.0,64389.99
2026-06-04,02:35,07:05PM,بالا,۱،۷,2,40,برد,40,,2260,64389.99,64512.97
2026-06-04,02:50,07:20PM,بالا,۱,1,20,برد,20,,2280,64290.85,64396.62
2026-06-04,03:05,07:35PM,بالا,۱,1,20,باخت,-20,,2260,64236.84,64161.79
2026-06-04,03:10,07:40PM,بالا,۱,2,40,برد,40,,2300,64161.79,64206.36
2026-06-04,03:20,07:50PM,بالا,۱,1,20,برد,20,,2320,64005.57,64045.64
2026-06-04,03:50,08:20PM,بالا,۱،۲,1,20,باخت,-20,,2300,63931.15,63283.57
2026-06-04,03:55,08:25PM,بالا,🏆 ورودِ طلایی،۱،۲،۵،۷,2,40,برد,40,,2340,63283.57,63635.38
2026-06-04,04:00,08:30PM,بالا,۵,1,20,باخت,-20,,2320,63635.38,63051.06
2026-06-04,04:05,08:35PM,بالا,۱،۵,2,40,برد,40,,2360,63051.06,63512.53
2026-06-04,04:20,08:50PM,بالا,۵,1,20,برد,20,,2380,63100.0,63241.74
2026-06-04,04:40,09:10PM,بالا,۱,1,20,باخت,-20,,2360,63045.38,62808.62
2026-06-04,04:45,09:15PM,بالا,۱،۲,2,40,باخت,-40,,2320,62808.62,62546.12
2026-06-04,04:50,09:20PM,بالا,۱،۲،۵,3,80,برد,80,,2400,62546.12,62626.86
2026-06-04,04:55,09:25PM,بالا,۵,1,20,برد,20,,2420,62626.86,62788.82
2026-06-04,05:15,09:45PM,بالا,۱,1,20,باخت,-20,,2400,62440.08,62165.42
2026-06-04,05:20,09:50PM,بالا,۱،۵,2,40,باخت,-40,,2360,62165.42,62105.62
2026-06-04,05:25,09:55PM,بالا,۱،۵,3,80,باخت,-80,انفجار,2280,62105.62,61402.31
2026-06-04,05:30,10:00PM,بالا,🏆 ورودِ طلایی،۱،۲،۵،۷,1,20,برد,20,,2300,61402.31,61954.24
2026-06-04,05:50,10:20PM,پایین,۲،۵,1,20,برد,20,,2320,62960.79,62937.54
2026-06-04,05:55,10:25PM,پایین,۵,1,20,باخت,-20,,2300,62937.54,63217.83
2026-06-04,06:00,10:30PM,پایین,۵,2,40,باخت,-40,,2260,63217.83,63280.22
2026-06-04,06:05,10:35PM,پایین,۵,3,80,باخت,-80,انفجار,2180,63280.22,63335.01
2026-06-04,06:10,10:40PM,پایین,۱,1,20,باخت,-20,,2160,63335.01,63469.26
2026-06-04,06:15,10:45PM,پایین,۱,2,40,برد,40,,2200,63469.26,63204.69
2026-06-04,06:30,11:00PM,پایین,۱,1,20,باخت,-20,,2180,63635.67,63751.49
2026-06-04,06:35,11:05PM,پایین,۱,2,40,باخت,-40,,2140,63751.49,63889.47
2026-06-04,06:40,11:10PM,پایین,۱،۵,3,80,باخت,-80,انفجار,2060,63889.47,64004.84
2026-06-04,06:45,11:15PM,پایین,۱،۵,1,20,برد,20,,2080,64004.84,63836.13
2026-06-04,07:00,11:30PM,پایین,۱,1,20,باخت,-20,,2060,64383.75,64410.86
2026-06-04,07:05,11:35PM,پایین,۱,2,40,برد,40,,2100,64410.86,64320.9
2026-06-04,07:25,11:55PM,پایین,۶,1,20,باخت,-20,,2080,64291.37,64428.04
2026-06-04,07:50,12:20AM,پایین,۱,2,40,برد,40,,2120,64687.36,64529.79
2026-06-04,09:00,01:30AM,پایین,۲,1,20,برد,20,,2140,64157.81,64068.0
2026-06-04,10:45,03:15AM,بالا,۷,1,20,برد,20,,2160,63476.72,63551.65
2026-06-04,12:45,05:15AM,بالا,۲,1,20,باخت,-20,,2140,63039.01,62946.36
2026-06-04,12:55,05:25AM,بالا,۳،۷,2,40,برد,40,,2180,62779.99,62918.12
2026-06-04,14:15,06:45AM,بالا,۱,1,20,باخت,-20,,2160,62328.77,62323.38
2026-06-04,14:20,06:50AM,بالا,۱,2,40,برد,40,,2200,62323.38,62363.13
2026-06-04,14:35,07:05AM,بالا,۱,1,20,باخت,-20,,2180,62251.73,62201.7
2026-06-04,14:40,07:10AM,بالا,۱,2,40,برد,40,,2220,62201.7,62473.57
2026-06-04,15:10,07:40AM,بالا,۱,1,20,برد,20,,2240,62174.96,62431.84
2026-06-04,15:50,08:20AM,پایین,۱،۲,1,20,برد,20,,2260,63245.0,63196.89
2026-06-04,15:55,08:25AM,پایین,۵,1,20,باخت,-20,,2240,63196.89,63432.17
2026-06-04,16:00,08:30AM,پایین,۱،۵،۶,2,40,باخت,-40,,2200,63432.17,63627.99
2026-06-04,16:05,08:35AM,پایین,۱،۵،۷,3,80,برد,80,,2280,63627.99,63498.04
2026-06-04,16:15,08:45AM,پایین,۱،۶,1,20,برد,20,,2300,63850.76,63761.0
2026-06-04,16:45,09:15AM,بالا,۲،۳,1,20,باخت,-20,,2280,63209.39,63083.78
2026-06-04,16:50,09:20AM,بالا,۳,2,40,برد,40,,2320,63083.78,63152.01
2026-06-04,17:05,09:35AM,پایین,۱،۲،۵,1,20,برد,20,,2340,64104.61,63737.1
2026-06-04,17:25,09:55AM,پایین,۱,1,20,برد,20,,2360,64130.52,64002.0
2026-06-04,17:35,10:05AM,پایین,۱,1,20,باخت,-20,,2340,64247.36,64313.99
2026-06-04,17:40,10:10AM,پایین,۱,2,40,برد,40,,2380,64313.99,64115.0
2026-06-04,21:20,01:50PM,پایین,۲,1,20,برد,20,,2400,63498.6,63457.28
2026-06-04,21:55,02:25PM,پایین,۱،۲،۵,1,20,برد,20,,2420,63805.62,63739.6
2026-06-04,22:00,02:30PM,پایین,۵,1,20,باخت,-20,,2400,63739.6,63887.98
2026-06-04,22:05,02:35PM,پایین,۱،۶,2,40,برد,40,,2440,63887.98,63847.84
2026-06-04,22:15,02:45PM,پایین,۱,1,20,برد,20,,2460,63925.98,63847.04
2026-06-04,22:50,03:20PM,پایین,۱,1,20,باخت,-20,,2440,63935.38,64031.77
2026-06-04,22:55,03:25PM,پایین,۱,2,40,برد,40,,2480,64031.77,63873.98
2026-06-04,23:25,03:55PM,بالا,۳,1,20,باخت,-20,,2460,63546.64,63332.7
2026-06-04,23:30,04:00PM,بالا,۲،۳,2,40,باخت,-40,,2420,63332.7,63288.46
2026-06-04,23:35,04:05PM,بالا,۳,3,80,برد,80,,2500,63288.46,63444.0
2026-06-05,01:05,05:35PM,بالا,۳,1,20,برد,20,,2520,63246.0,63432.67
2026-06-05,02:30,07:00PM,پایین,۳,1,20,برد,20,,2540,63756.76,63702.39
2026-06-05,02:45,07:15PM,بالا,۲,1,20,برد,20,,2560,63334.0,63382.05
2026-06-05,03:20,07:50PM,پایین,۶,1,20,باخت,-20,,2540,63784.93,63814.8
2026-06-05,04:30,09:00PM,بالا,۱،۲،۵،۷,2,40,برد,40,,2580,62999.28,63149.49
2026-06-05,04:35,09:05PM,بالا,۵,1,20,برد,20,,2600,63149.49,63253.02
2026-06-05,05:45,10:15PM,بالا,۱،۲,1,20,باخت,-20,,2580,62937.23,62815.4
2026-06-05,05:50,10:20PM,بالا,۱،۷,2,40,باخت,-40,,2540,62815.4,62635.0
2026-06-05,05:55,10:25PM,بالا,۱،۲،۳،۵،۷,3,80,برد,80,,2620,62635.0,62764.59
2026-06-05,06:35,11:05PM,بالا,۲،۳,1,20,باخت,-20,,2600,62339.83,62316.0
2026-06-05,06:40,11:10PM,بالا,۳,2,40,برد,40,,2640,62316.0,62730.81
2026-06-05,07:35,12:05AM,پایین,۱,1,20,برد,20,,2660,62860.12,62795.0
2026-06-05,07:55,12:25AM,پایین,۱,1,20,برد,20,,2680,63169.42,63028.88
2026-06-05,08:20,12:50AM,پایین,۱,1,20,باخت,-20,,2660,63245.11,63543.63
2026-06-05,08:25,12:55AM,پایین,۱،۵,2,40,برد,40,,2700,63543.63,63350.63
2026-06-05,09:10,01:40AM,بالا,۲,1,20,باخت,-20,,2680,62834.79,62716.62
2026-06-05,09:15,01:45AM,بالا,۵,2,40,باخت,-40,,2640,62716.62,62648.0
2026-06-05,09:20,01:50AM,بالا,۵,3,80,باخت,-80,انفجار,2560,62648.0,62271.55
2026-06-05,09:25,01:55AM,بالا,🏆 ورودِ طلایی،۱،۲،۳،۵،۷,1,20,باخت,-20,,2540,62271.55,62112.82
2026-06-05,09:30,02:00AM,بالا,۱،۳،۵،۷,2,40,برد,40,,2580,62112.82,62375.48
2026-06-05,09:40,02:10AM,بالا,۱،۵,1,20,باخت,-20,,2560,62020.08,61769.22
2026-06-05,09:45,02:15AM,بالا,۱,2,40,باخت,-40,,2520,61769.22,61405.0
2026-06-05,09:50,02:20AM,بالا,۱،۲،۵،۷,3,80,برد,80,,2600,61405.0,61609.4
2026-06-05,09:55,02:25AM,بالا,۵,1,20,برد,20,,2620,61609.4,61682.95
2026-06-05,10:10,02:40AM,پایین,۲،۵,1,20,برد,20,,2640,62095.27,61862.14
2026-06-05,10:55,03:25AM,پایین,۲،۵,1,20,باخت,-20,,2620,62206.19,62389.75
2026-06-05,11:00,03:30AM,پایین,۵,2,40,باخت,-40,,2580,62389.75,62736.0
2026-06-05,11:05,03:35AM,پایین,🏆 ورودِ طلایی،۱،۲،۵,3,80,باخت,-80,انفجار,2500,62736.0,62826.76
2026-06-05,11:10,03:40AM,پایین,🏆 ورودِ طلایی،۱،۳،۵,1,20,برد,20,,2520,62826.76,62794.99
2026-06-05,11:20,03:50AM,پایین,۱،۶,1,20,باخت,-20,,2500,62881.42,63056.24
2026-06-05,11:25,03:55AM,پایین,۱,2,40,برد,40,,2540,63056.24,62816.57
2026-06-05,12:40,05:10AM,پایین,۲،۵,1,20,برد,20,,2560,63025.05,62912.72
2026-06-05,15:30,08:00AM,بالا,۲،۷,1,20,برد,20,,2580,61588.38,61997.88
2026-06-05,15:50,08:20AM,پایین,۵,1,20,برد,20,,2600,62351.0,62148.34
2026-06-05,17:15,09:45AM,بالا,۱،۵،۷,1,20,باخت,-20,,2580,61214.78,61175.53
2026-06-05,17:20,09:50AM,بالا,🏆 ورودِ طلایی،۱،۵،۷,2,40,باخت,-40,,2540,61175.53,60688.76
2026-06-05,17:25,09:55AM,بالا,🏆 ورودِ طلایی،۱،۲،۵،۷,3,80,باخت,-80,انفجار,2460,60688.76,60577.15
2026-06-05,17:30,10:00AM,بالا,🏆 ورودِ طلایی،۱،۵،۷,1,20,برد,20,,2480,60577.15,61097.8
2026-06-05,17:50,10:20AM,بالا,۱،۲,1,20,باخت,-20,,2460,60538.25,60376.21
2026-06-05,17:55,10:25AM,بالا,۱،۵,2,40,برد,40,,2500,60376.21,60809.85
2026-06-05,19:05,11:35AM,بالا,۱،۲،۵,1,20,برد,20,,2520,60166.76,60330.87
2026-06-05,19:35,12:05PM,بالا,۱,1,20,برد,20,,2540,60015.94,60854.14
2026-06-05,19:50,12:20PM,پایین,🏆 ورودِ طلایی،۱،۲،۵,1,20,برد,20,,2560,61190.0,60887.02
2026-06-05,19:55,12:25PM,پایین,۵,1,20,برد,20,,2580,60887.02,60746.04
2026-06-05,20:20,12:50PM,پایین,۱,1,20,برد,20,,2600,61349.36,61346.44
2026-06-05,20:40,01:10PM,بالا,۲,1,20,باخت,-20,,2580,61012.91,60796.19
2026-06-05,20:50,01:20PM,بالا,۳,2,40,باخت,-40,,2540,60775.43,60641.36
2026-06-05,20:55,01:25PM,بالا,۳،۵,3,80,برد,80,,2620,60641.36,60834.24
2026-06-05,21:55,02:25PM,بالا,۳،۷,1,20,برد,20,,2640,60106.35,60193.51
2026-06-05,22:15,02:45PM,بالا,۷,1,20,باخت,-20,,2620,59736.01,59167.8
2026-06-05,22:20,02:50PM,بالا,۲،۵،۷,2,40,برد,40,,2660,59167.8,59343.06
2026-06-05,22:25,02:55PM,بالا,۵,1,20,برد,20,,2680,59343.06,59376.75
2026-06-05,23:35,04:05PM,پایین,۱،۶,1,20,برد,20,,2700,60839.32,60826.86
2026-06-05,23:45,04:15PM,پایین,۱,1,20,برد,20,,2720,60930.87,60869.35
2026-06-05,23:50,04:20PM,پایین,۵,1,20,باخت,-20,,2700,60869.35,60896.0
2026-06-06,00:00,04:30PM,پایین,۱,2,40,باخت,-40,,2660,61023.88,61202.7
2026-06-06,00:05,04:35PM,پایین,۱,3,80,باخت,-80,انفجار,2580,61202.7,61244.55
2026-06-06,00:10,04:40PM,پایین,۱,1,20,باخت,-20,,2560,61244.55,61437.21
2026-06-06,00:15,04:45PM,پایین,۱,2,40,باخت,-40,,2520,61437.21,61482.28
2026-06-06,00:20,04:50PM,پایین,۱،۳,3,80,باخت,-80,انفجار,2440,61482.28,61614.0
2026-06-06,00:25,04:55PM,پایین,۱،۳,1,20,باخت,-20,,2420,61614.0,61796.79
2026-06-06,00:30,05:00PM,پایین,۱،۳,2,40,باخت,-40,,2380,61796.79,61797.57
2026-06-06,00:35,05:05PM,پایین,۱،۳,3,80,باخت,-80,انفجار,2300,61797.57,61825.56
2026-06-06,00:40,05:10PM,پایین,۱،۳,1,20,برد,20,,2320,61825.56,61711.21
2026-06-06,01:40,06:10PM,بالا,۳,1,20,برد,20,,2340,61365.06,61617.63
2026-06-06,03:00,07:30PM,بالا,۲،۳،۵،۷,1,20,برد,20,,2360,60580.65,60715.33
2026-06-06,03:30,08:00PM,پایین,۲،۳,1,20,باخت,-20,,2340,61372.54,61420.32
2026-06-06,03:35,08:05PM,پایین,۳,2,40,برد,40,,2380,61420.32,61406.72
2026-06-06,07:40,12:10AM,بالا,۷,1,20,باخت,-20,,2360,60116.0,60023.98
2026-06-06,07:45,12:15AM,بالا,۵،۷,2,40,برد,40,,2400,60023.98,60085.59
2026-06-06,07:50,12:20AM,بالا,۵,1,20,باخت,-20,,2380,60085.59,59949.31
2026-06-06,07:55,12:25AM,بالا,۷,2,40,باخت,-40,,2340,59949.31,59503.92
2026-06-06,08:00,12:30AM,بالا,۱،۵،۷,3,80,برد,80,,2420,59503.92,59679.72
2026-06-06,08:20,12:50AM,پایین,۵,1,20,برد,20,,2440,60254.46,60077.41
2026-06-06,08:50,01:20AM,پایین,۱،۵,1,20,برد,20,,2460,60799.57,60696.27
2026-06-06,08:55,01:25AM,پایین,۵,1,20,برد,20,,2480,60696.27,60586.22
2026-06-06,09:00,01:30AM,پایین,۵,1,20,باخت,-20,,2460,60586.22,60776.51
2026-06-06,09:05,01:35AM,پایین,۵,2,40,باخت,-40,,2420,60776.51,60786.0
2026-06-06,09:15,01:45AM,پایین,۱,3,80,برد,80,,2500,60917.0,60864.74
2026-06-06,09:30,02:00AM,پایین,۱,1,20,برد,20,,2520,61118.38,61086.5
2026-06-06,09:40,02:10AM,پایین,۱،۶,1,20,برد,20,,2540,61120.31,60999.74
2026-06-06,13:10,05:40AM,بالا,۲,1,20,باخت,-20,,2520,61083.02,60869.43
2026-06-06,13:15,05:45AM,بالا,۲،۵,2,40,برد,40,,2560,60869.43,60915.23
2026-06-06,13:40,06:10AM,بالا,۷,1,20,باخت,-20,,2540,60595.93,60508.78
2026-06-06,13:45,06:15AM,بالا,۵،۷,2,40,برد,40,,2580,60508.78,60563.17
2026-06-06,14:00,06:30AM,بالا,۷,1,20,باخت,-20,,2560,60326.47,60278.75
2026-06-06,14:30,07:00AM,پایین,۲,2,40,برد,40,,2600,60728.91,60681.41
2026-06-06,15:55,08:25AM,بالا,۲,1,20,برد,20,,2620,60700.0,60762.13
2026-06-06,18:30,11:00AM,بالا,۲,1,20,برد,20,,2640,60604.01,60685.23
2026-06-06,18:45,11:15AM,بالا,۱,1,20,برد,20,,2660,60459.29,60521.82
2026-06-06,20:00,12:30PM,بالا,۳,1,20,برد,20,,2680,60479.98,60565.0
2026-06-06,21:35,02:05PM,بالا,۱,1,20,برد,20,,2700,60447.99,60467.62
2026-06-06,21:45,02:15PM,بالا,۱,1,20,برد,20,,2720,60408.13,60493.01
2026-06-07,00:40,05:10PM,پایین,۷,1,20,باخت,-20,,2700,60811.43,60838.98
2026-06-07,00:45,05:15PM,پایین,۳،۷,2,40,باخت,-40,,2660,60838.98,60880.24
2026-06-07,00:50,05:20PM,پایین,۳،۷,3,80,برد,80,,2740,60880.24,60867.98
2026-06-07,01:00,05:30PM,پایین,۶،۷,1,20,برد,20,,2760,60966.97,60779.01
2026-06-07,01:50,06:20PM,بالا,۱,1,20,باخت,-20,,2740,60488.22,60436.21
2026-06-07,01:55,06:25PM,بالا,۱,2,40,برد,40,,2780,60436.21,60490.52
2026-06-07,03:05,07:35PM,پایین,۱,1,20,باخت,-20,,2760,60804.98,60820.84
2026-06-07,03:10,07:40PM,پایین,۱,2,40,باخت,-40,,2720,60820.84,60835.0
2026-06-07,03:15,07:45PM,پایین,۱,3,80,باخت,-80,انفجار,2640,60835.0,60854.4
2026-06-07,03:20,07:50PM,پایین,۱،۳,1,20,باخت,-20,,2620,60854.4,60858.64
2026-06-07,03:25,07:55PM,پایین,۱،۳,2,40,باخت,-40,,2580,60858.64,60907.7
2026-06-07,03:30,08:00PM,پایین,۳,3,80,برد,80,,2660,60907.7,60832.62
2026-06-07,04:00,08:30PM,پایین,۱,1,20,برد,20,,2680,60908.69,60904.0
2026-06-07,04:30,09:00PM,پایین,۱,1,20,باخت,-20,,2660,61036.7,61302.0
2026-06-07,04:35,09:05PM,پایین,🏆 ورودِ طلایی،۱،۵،۷,2,40,باخت,-40,,2620,61302.0,61303.43
2026-06-07,04:40,09:10PM,پایین,🏆 ورودِ طلایی،۱،۵،۷,3,80,باخت,-80,انفجار,2540,61303.43,61482.37
2026-06-07,04:45,09:15PM,پایین,🏆 ورودِ طلایی،۱،۲،۵،۷,1,20,برد,20,,2560,61482.37,61468.0
2026-06-07,04:50,09:20PM,پایین,۵،۷,1,20,باخت,-20,,2540,61468.0,61606.39
2026-06-07,04:55,09:25PM,پایین,۱،۵،۶،۷,2,40,برد,40,,2580,61606.39,61527.0
2026-06-07,05:55,10:25PM,بالا,۵,1,20,برد,20,,2600,61214.73,61259.01
2026-06-07,06:15,10:45PM,پایین,۲,1,20,باخت,-20,,2580,61470.35,61489.53
2026-06-07,06:45,11:15PM,پایین,۱،۲,2,40,برد,40,,2620,61725.19,61598.0
2026-06-07,08:15,12:45AM,پایین,۱,1,20,باخت,-20,,2600,61791.0,61815.4
2026-06-07,08:20,12:50AM,پایین,۱،۳,2,40,باخت,-40,,2560,61815.4,61871.68
2026-06-07,08:25,12:55AM,پایین,۳,3,80,برد,80,,2640,61871.68,61782.45
2026-06-07,09:30,02:00AM,بالا,۲,1,20,برد,20,,2660,61594.8,61665.35
2026-06-07,10:00,02:30AM,پایین,۱،۲،۵,1,20,باخت,-20,,2640,62114.66,62151.53
2026-06-07,10:05,02:35AM,پایین,۱،۵,2,40,باخت,-40,,2600,62151.53,62179.96
2026-06-07,10:10,02:40AM,پایین,۱،۳،۵،۷,3,80,برد,80,,2680,62179.96,62095.97
2026-06-07,11:05,03:35AM,پایین,۶,1,20,برد,20,,2700,62223.23,62211.6
2026-06-07,11:25,03:55AM,پایین,۷,1,20,برد,20,,2720,62374.66,62343.31
2026-06-07,11:55,04:25AM,پایین,۷,1,20,برد,20,,2740,62514.51,62462.36
2026-06-07,12:05,04:35AM,پایین,۶,1,20,برد,20,,2760,62542.4,62536.77
2026-06-07,12:15,04:45AM,پایین,۷,1,20,باخت,-20,,2740,62746.32,62835.48
2026-06-07,12:20,04:50AM,پایین,۵،۷,2,40,باخت,-40,,2700,62835.48,62835.58
2026-06-07,12:25,04:55AM,پایین,۵،۷,3,80,برد,80,,2780,62835.58,62807.99
2026-06-07,13:30,06:00AM,بالا,۱,1,20,باخت,-20,,2760,62410.68,62372.06
2026-06-07,13:35,06:05AM,بالا,۱,2,40,برد,40,,2800,62372.06,62375.49
2026-06-07,13:50,06:20AM,پایین,۲,1,20,برد,20,,2820,62514.67,62489.54
2026-06-07,14:05,06:35AM,بالا,۱,1,20,باخت,-20,,2800,62349.94,62344.36
2026-06-07,14:10,06:40AM,بالا,۱,2,40,برد,40,,2840,62344.36,62392.17
2026-06-07,15:05,07:35AM,پایین,۱,1,20,باخت,-20,,2820,62621.36,62665.9
2026-06-07,15:10,07:40AM,پایین,۱,2,40,باخت,-40,,2780,62665.9,62695.79
2026-06-07,15:15,07:45AM,پایین,۱,3,80,برد,80,,2860,62695.79,62639.99
2026-06-07,15:40,08:10AM,بالا,🏆 ورودِ طلایی،۱،۵،۷,1,20,باخت,-20,,2840,62057.64,61973.02
2026-06-07,15:45,08:15AM,بالا,🏆 ورودِ طلایی،۱،۵،۷,2,40,باخت,-40,,2800,61973.02,61967.23
2026-06-07,15:50,08:20AM,بالا,🏆 ورودِ طلایی،۱،۵،۷,3,80,باخت,-80,انفجار,2720,61967.23,61916.08
2026-06-07,15:55,08:25AM,بالا,🏆 ورودِ طلایی،۱،۵،۷,1,20,باخت,-20,,2700,61916.08,61756.83
2026-06-07,16:00,08:30AM,بالا,۱،۲،۳،۵،۷,2,40,برد,40,,2740,61756.83,61867.69
2026-06-07,16:10,08:40AM,بالا,۱،۵،۷,1,20,برد,20,,2760,61627.21,61837.04
2026-06-07,17:45,10:15AM,پایین,۱،۲,1,20,باخت,-20,,2740,61901.87,62014.77
2026-06-07,17:50,10:20AM,پایین,۱،۲،۵,2,40,باخت,-40,,2700,62014.77,62055.18
2026-06-07,17:55,10:25AM,پایین,۳،۵,3,80,باخت,-80,انفجار,2620,62055.18,62208.22
2026-06-07,18:00,10:30AM,پایین,🏆 ورودِ طلایی،۲،۳،۵،۷,1,20,برد,20,,2640,62208.22,62119.02
2026-06-07,18:15,10:45AM,بالا,۲،۵,1,20,برد,20,,2660,61768.94,61835.52
2026-06-07,18:20,10:50AM,بالا,۵,1,20,برد,20,,2680,61835.52,61875.8
2026-06-07,19:05,11:35AM,پایین,۵,1,20,باخت,-20,,2660,62065.88,62083.15
2026-06-07,19:45,12:15PM,پایین,۱,2,40,باخت,-40,,2620,62170.02,62248.7
2026-06-07,19:50,12:20PM,پایین,۱,3,80,برد,80,,2700,62248.7,62154.16
2026-06-07,22:30,03:00PM,بالا,۲،۵،۷,1,20,باخت,-20,,2680,61852.65,61561.0
2026-06-07,22:35,03:05PM,بالا,🏆 ورودِ طلایی،۲،۵،۷,2,40,برد,40,,2720,61561.0,61623.0
2026-06-07,22:40,03:10PM,بالا,۵،۷,1,20,باخت,-20,,2700,61623.0,61263.0
2026-06-07,22:45,03:15PM,بالا,🏆 ورودِ طلایی،۱،۵،۷,2,40,برد,40,,2740,61263.0,61461.0
2026-06-07,22:50,03:20PM,بالا,۵,1,20,باخت,-20,,2720,61461.0,61448.66
2026-06-07,23:00,03:30PM,بالا,۵,2,40,باخت,-40,,2680,61327.95,61274.45
2026-06-07,23:10,03:40PM,بالا,۱,3,80,برد,80,,2760,61185.6,61381.79
2026-06-08,00:15,04:45PM,پایین,۱,1,20,باخت,-20,,2740,61814.51,61822.2
2026-06-08,00:20,04:50PM,پایین,۱,2,40,باخت,-40,,2700,61822.2,61852.95
2026-06-08,00:25,04:55PM,پایین,۱,3,80,برد,80,,2780,61852.95,61681.08
2026-06-08,00:40,05:10PM,پایین,۱,1,20,برد,20,,2800,61918.93,61828.24
2026-06-08,01:40,06:10PM,پایین,🏆 ورودِ طلایی،۱،۲،۵،۷,1,20,برد,20,,2820,63638.51,63140.92
2026-06-08,01:45,06:15PM,پایین,۵,1,20,برد,20,,2840,63140.92,62934.1
2026-06-08,01:50,06:20PM,پایین,۵,1,20,باخت,-20,,2820,62934.1,62951.68
2026-06-08,01:55,06:25PM,پایین,۵,2,40,باخت,-40,,2780,62951.68,63016.15
2026-06-08,02:00,06:30PM,بالا,۵,3,80,باخت,-80,انفجار,2700,63016.15,63003.98
2026-06-08,02:10,06:40PM,پایین,۶,1,20,باخت,-20,,2680,63136.98,63137.71
2026-06-08,02:35,07:05PM,بالا,۵,2,40,برد,40,,2720,62789.87,62985.0
2026-06-08,02:55,07:25PM,پایین,۵,1,20,برد,20,,2740,63241.0,63208.22
2026-06-08,04:05,08:35PM,پایین,۵،۶,1,20,برد,20,,2760,63778.67,63687.85
2026-06-08,04:10,08:40PM,پایین,۵,1,20,باخت,-20,,2740,63687.85,63711.42
2026-06-08,04:30,09:00PM,بالا,۲,2,40,باخت,-40,,2700,63351.09,63278.3
2026-06-08,04:35,09:05PM,بالا,۵,3,80,باخت,-80,انفجار,2620,63278.3,63050.64
2026-06-08,04:40,09:10PM,بالا,۲،۵,1,20,باخت,-20,,2600,63050.64,63038.22
2026-06-08,04:45,09:15PM,بالا,۳،۵,2,40,باخت,-40,,2560,63038.22,62844.08
2026-06-08,04:50,09:20PM,بالا,۲،۳،۵,3,80,باخت,-80,انفجار,2480,62844.08,62804.19
2026-06-08,04:55,09:25PM,بالا,۳،۵,1,20,برد,20,,2500,62804.19,62996.38
2026-06-08,08:10,12:40AM,بالا,۷,1,20,برد,20,,2520,62665.73,62819.1
2026-06-08,09:30,02:00AM,پایین,۲،۵,1,20,باخت,-20,,2500,62860.37,62918.89
2026-06-08,09:35,02:05AM,پایین,۵,2,40,برد,40,,2540,62918.89,62908.24
2026-06-08,09:45,02:15AM,پایین,۶,1,20,برد,20,,2560,63081.78,62948.97
2026-06-08,11:00,03:30AM,پایین,۶,1,20,باخت,-20,,2540,63176.02,63232.7
2026-06-08,11:15,03:45AM,پایین,۱,2,40,برد,40,,2580,63306.32,63212.39
2026-06-08,12:45,05:15AM,پایین,۱,1,20,برد,20,,2600,63419.63,63355.82
2026-06-08,13:00,05:30AM,بالا,۲,1,20,برد,20,,2620,63153.0,63272.0
2026-06-08,13:25,05:55AM,پایین,۱,1,20,برد,20,,2640,63453.47,63396.11
2026-06-08,13:45,06:15AM,بالا,۲,1,20,باخت,-20,,2620,63198.45,63148.99
2026-06-08,13:55,06:25AM,بالا,۳,2,40,برد,40,,2660,63099.71,63266.45
2026-06-08,14:15,06:45AM,بالا,۱,1,20,برد,20,,2680,63096.36,63106.0
2026-06-08,14:30,07:00AM,بالا,۱,1,20,برد,20,,2700,63042.15,63201.97
2026-06-08,14:45,07:15AM,پایین,۱،۵,1,20,باخت,-20,,2680,63503.56,63522.68
2026-06-08,14:50,07:20AM,پایین,۱،۵,2,40,باخت,-40,,2640,63522.68,63568.7
2026-06-08,14:55,07:25AM,پایین,۱،۵,3,80,برد,80,,2720,63568.7,63547.74
2026-06-08,15:05,07:35AM,پایین,۱،۶،۷,1,20,برد,20,,2740,63716.0,63579.52
2026-06-08,15:30,08:00AM,بالا,۱،۵,1,20,برد,20,,2760,62836.19,62982.39
2026-06-08,15:35,08:05AM,بالا,۵,1,20,باخت,-20,,2740,62982.39,62683.0
2026-06-08,15:40,08:10AM,بالا,۱،۵,2,40,برد,40,,2780,62683.0,62813.69
2026-06-08,15:45,08:15AM,بالا,۵,1,20,برد,20,,2800,62813.69,62932.36
2026-06-08,16:00,08:30AM,پایین,۵,1,20,باخت,-20,,2780,63164.02,63392.45
2026-06-08,16:05,08:35AM,پایین,۲،۵,2,40,باخت,-40,,2740,63392.45,63591.59
2026-06-08,16:10,08:40AM,پایین,🏆 ورودِ طلایی،۲،۳،۵,3,80,برد,80,,2820,63591.59,63534.72
2026-06-08,16:15,08:45AM,پایین,۵,1,20,برد,20,,2840,63534.72,63529.82
2026-06-08,16:25,08:55AM,پایین,۱،۵,1,20,برد,20,,2860,63807.72,63685.26
2026-06-08,16:35,09:05AM,پایین,۱,1,20,برد,20,,2880,63821.0,63737.15
2026-06-08,17:40,10:10AM,پایین,۱,1,20,برد,20,,2900,63839.78,63758.56
2026-06-08,18:00,10:30AM,پایین,۱,1,20,برد,20,,2920,63870.17,63794.02
2026-06-08,18:35,11:05AM,پایین,۶,1,20,باخت,-20,,2900,64041.18,64158.1
2026-06-08,20:40,01:10PM,بالا,۷,2,40,برد,40,,2940,63308.37,63411.99
2026-06-08,23:45,04:15PM,بالا,۳,1,20,برد,20,,2960,63222.17,63255.66
2026-06-09,00:35,05:05PM,پایین,۲،۷,1,20,برد,20,,2980,63764.01,63707.11
2026-06-09,01:10,05:40PM,پایین,۱,1,20,برد,20,,3000,63828.02,63768.08
2026-06-09,01:30,06:00PM,بالا,۲,1,20,باخت,-20,,2980,63538.94,63425.84
2026-06-09,01:35,06:05PM,بالا,۵,2,40,باخت,-40,,2940,63425.84,63276.67
2026-06-09,01:40,06:10PM,بالا,۲،۳،۵,3,80,باخت,-80,انفجار,2860,63276.67,63248.48
2026-06-09,01:45,06:15PM,بالا,۱،۳،۵,1,20,برد,20,,2880,63248.48,63335.77
2026-06-09,02:45,07:15PM,بالا,۱,1,20,برد,20,,2900,63125.06,63181.09
2026-06-09,02:55,07:25PM,بالا,۵,1,20,باخت,-20,,2880,63136.8,63059.33
2026-06-09,03:00,07:30PM,بالا,۱،۵,2,40,برد,40,,2920,63059.33,63087.42
2026-06-09,03:15,07:45PM,بالا,۱,1,20,برد,20,,2940,63006.58,63013.24
2026-06-09,03:30,08:00PM,بالا,۱,1,20,باخت,-20,,2920,63004.85,63000.64
2026-06-09,03:35,08:05PM,بالا,۱,2,40,باخت,-40,,2880,63000.64,62977.95
2026-06-09,03:40,08:10PM,بالا,۱,3,80,برد,80,,2960,62977.95,62981.72
2026-06-09,03:50,08:20PM,بالا,۱,1,20,باخت,-20,,2940,62871.01,62707.89
2026-06-09,03:55,08:25PM,بالا,۱،۵,2,40,برد,40,,2980,62707.89,62720.0
2026-06-09,04:05,08:35PM,بالا,۱،۵,1,20,برد,20,,3000,62592.0,62702.96
2026-06-09,04:15,08:45PM,بالا,۱،۵،۷,1,20,برد,20,,3020,62419.0,62516.28
2026-06-09,04:30,09:00PM,پایین,۲,1,20,برد,20,,3040,62633.08,62624.01
2026-06-09,08:00,12:30AM,پایین,۱,1,20,باخت,-20,,3020,63155.23,63300.67
2026-06-09,08:05,12:35AM,پایین,۱،۵,2,40,برد,40,,3060,63300.67,63207.01
2026-06-09,08:10,12:40AM,پایین,۵,1,20,باخت,-20,,3040,63207.01,63390.47
2026-06-09,08:15,12:45AM,پایین,🏆 ورودِ طلایی،۱،۵،۶,2,40,برد,40,,3080,63390.47,63258.62
2026-06-09,09:00,01:30AM,پایین,۱،۶,1,20,برد,20,,3100,63491.41,63399.75
2026-06-09,10:55,03:25AM,بالا,۵,1,20,برد,20,,3120,62993.0,63123.35
2026-06-09,11:35,04:05AM,بالا,۱,1,20,برد,20,,3140,62847.71,62876.42
2026-06-09,11:55,04:25AM,بالا,۱,1,20,برد,20,,3160,62838.76,62892.28
2026-06-09,12:25,04:55AM,بالا,۱,1,20,باخت,-20,,3140,62818.89,62795.62
2026-06-09,12:30,05:00AM,بالا,۱,2,40,باخت,-40,,3100,62795.62,62736.37
2026-06-09,13:00,05:30AM,بالا,۲,3,80,باخت,-80,انفجار,3020,62624.21,62574.63
2026-06-09,13:05,05:35AM,بالا,۵,1,20,برد,20,,3040,62574.63,62634.43
2026-06-09,15:30,08:00AM,پایین,۲,1,20,برد,20,,3060,62785.99,62784.0
2026-06-09,15:40,08:10AM,پایین,۶,1,20,برد,20,,3080,62799.92,62764.33
2026-06-09,16:45,09:15AM,بالا,۱,1,20,باخت,-20,,3060,62335.18,62283.15
2026-06-09,16:50,09:20AM,بالا,۱,2,40,برد,40,,3100,62283.15,62299.44
2026-06-09,16:55,09:25AM,بالا,۵,1,20,باخت,-20,,3080,62299.44,62261.84
2026-06-09,17:00,09:30AM,بالا,۱,2,40,باخت,-40,,3040,62261.84,62177.28
2026-06-09,17:05,09:35AM,بالا,۱,3,80,برد,80,,3120,62177.28,62392.56
2026-06-09,17:30,10:00AM,بالا,۱,1,20,باخت,-20,,3100,62140.52,62089.48
2026-06-09,17:35,10:05AM,بالا,۱،۵,2,40,باخت,-40,,3060,62089.48,61964.28
2026-06-09,17:40,10:10AM,بالا,۱،۲،۵,3,80,باخت,-80,انفجار,2980,61964.28,61797.78
2026-06-09,17:45,10:15AM,بالا,۱،۲،۳،۵،۷,1,20,باخت,-20,,2960,61797.78,61757.28
2026-06-09,17:50,10:20AM,بالا,۱،۳،۵،۷,2,40,باخت,-40,,2920,61757.28,61541.43
2026-06-09,17:55,10:25AM,بالا,🏆 ورودِ طلایی،۱،۲،۳،۵،۷,3,80,باخت,-80,انفجار,2840,61541.43,61516.04
2026-06-09,18:00,10:30AM,بالا,۱،۳،۵،۷,1,20,باخت,-20,,2820,61516.04,61387.04
2026-06-09,18:05,10:35AM,بالا,۱،۲،۳،۵،۷,2,40,باخت,-40,,2780,61387.04,61321.43
2026-06-09,18:10,10:40AM,بالا,۱،۳،۵,3,80,باخت,-80,انفجار,2700,61321.43,61171.9
2026-06-09,18:15,10:45AM,بالا,۱،۲،۳،۵،۷,1,20,برد,20,,2720,61171.9,61280.07
2026-06-09,18:35,11:05AM,پایین,۵,1,20,برد,20,,2740,61652.16,61604.76
2026-06-09,18:40,11:10AM,پایین,۵,1,20,برد,20,,2760,61604.76,61528.51
2026-06-09,18:50,11:20AM,بالا,۲,1,20,باخت,-20,,2740,61405.32,61280.69
2026-06-09,18:55,11:25AM,بالا,۲،۵,2,40,برد,40,,2780,61280.69,61332.05
2026-06-09,19:25,11:55AM,بالا,۱,1,20,باخت,-20,,2760,61086.71,60991.61
2026-06-09,19:30,12:00PM,بالا,۱,2,40,باخت,-40,,2720,60991.61,60946.29
2026-06-09,19:35,12:05PM,بالا,۱،۵،۷,3,80,برد,80,,2800,60946.29,60952.12
2026-06-09,19:45,12:15PM,بالا,۱,1,20,برد,20,,2820,60835.62,60983.99
2026-06-09,20:05,12:35PM,بالا,۱,1,20,برد,20,,2840,60782.0,61190.76
2026-06-09,20:25,12:55PM,پایین,۵,1,20,باخت,-20,,2820,61332.98,61581.31
2026-06-09,20:30,01:00PM,پایین,۱،۵,2,40,برد,40,,2860,61581.31,61475.02
2026-06-09,20:40,01:10PM,پایین,۵,1,20,باخت,-20,,2840,61546.13,61788.99
2026-06-09,20:45,01:15PM,پایین,۱،۵,2,40,برد,40,,2880,61788.99,61733.09
2026-06-09,21:45,02:15PM,پایین,۱،۶,1,20,برد,20,,2900,61901.01,61748.82
2026-06-10,04:25,08:55PM,پایین,۱،۲,1,20,باخت,-20,,2880,61880.99,61926.15
2026-06-10,04:30,09:00PM,پایین,۱،۵,2,40,برد,40,,2920,61926.15,61688.09
2026-06-10,05:45,10:15PM,بالا,۱،۲,1,20,برد,20,,2940,61384.98,61405.7
2026-06-10,06:00,10:30PM,بالا,۱,1,20,باخت,-20,,2920,61303.33,61294.2
2026-06-10,06:05,10:35PM,بالا,۱,2,40,برد,40,,2960,61294.2,61326.18
2026-06-10,06:15,10:45PM,بالا,۱,1,20,باخت,-20,,2940,61292.66,61200.36
2026-06-10,06:20,10:50PM,بالا,۱,2,40,برد,40,,2980,61200.36,61260.49
2026-06-10,08:00,12:30AM,بالا,۲,1,20,باخت,-20,,2960,61310.15,61219.01
2026-06-10,08:10,12:40AM,بالا,۷,2,40,برد,40,,3000,61182.39,61299.74
2026-06-10,10:00,02:30AM,بالا,۲,1,20,برد,20,,3020,61129.94,61380.17
2026-06-10,10:15,02:45AM,پایین,۱,1,20,باخت,-20,,3000,61426.02,61447.68
2026-06-10,10:20,02:50AM,پایین,۱،۵,2,40,برد,40,,3040,61447.68,61422.57
2026-06-10,10:30,03:00AM,پایین,۱,1,20,باخت,-20,,3020,61488.0,61514.94
2026-06-10,10:35,03:05AM,پایین,۱,2,40,باخت,-40,,2980,61514.94,61531.0
2026-06-10,10:40,03:10AM,پایین,۱,3,80,باخت,-80,انفجار,2900,61531.0,61628.71
2026-06-10,10:45,03:15AM,پایین,۱,1,20,باخت,-20,,2880,61628.71,61634.09
2026-06-10,10:50,03:20AM,پایین,۱,2,40,برد,40,,2920,61634.09,61593.84
2026-06-10,11:00,03:30AM,پایین,۱،۶,1,20,برد,20,,2940,61727.55,61668.01
2026-06-10,12:10,04:40AM,بالا,۷,1,20,باخت,-20,,2920,61196.55,61175.99
2026-06-10,12:15,04:45AM,بالا,۷,2,40,برد,40,,2960,61175.99,61231.92
2026-06-10,12:40,05:10AM,بالا,۲,1,20,باخت,-20,,2940,61014.02,60972.74
2026-06-10,12:50,05:20AM,بالا,۳,2,40,برد,40,,2980,60915.62,61161.56
2026-06-10,13:05,05:35AM,پایین,۵,1,20,برد,20,,3000,61331.74,61213.22
2026-06-10,14:25,06:55AM,پایین,۱,1,20,برد,20,,3020,61332.1,60968.0
2026-06-10,14:30,07:00AM,بالا,۵,1,20,برد,20,,3040,60968.0,61047.99
2026-06-10,14:45,07:15AM,بالا,۵,1,20,برد,20,,3060,60988.37,61069.03
2026-06-10,14:55,07:25AM,بالا,۱,1,20,برد,20,,3080,60920.99,60923.99
2026-06-10,16:00,08:30AM,پایین,🏆 ورودِ طلایی،۱،۵،۷,1,20,باخت,-20,,3060,61621.51,61667.24
2026-06-10,16:05,08:35AM,پایین,🏆 ورودِ طلایی،۱،۵،۷,2,40,برد,40,,3100,61667.24,61635.57
2026-06-10,16:10,08:40AM,پایین,۵,1,20,باخت,-20,,3080,61635.57,61731.62
2026-06-10,16:15,08:45AM,پایین,🏆 ورودِ طلایی،۱،۵،۶،۷,2,40,برد,40,,3120,61731.62,61617.17
2026-06-10,17:00,09:30AM,پایین,۱،۲,1,20,باخت,-20,,3100,61735.51,62118.75
2026-06-10,17:05,09:35AM,پایین,🏆 ورودِ طلایی،۱،۲،۵،۷,2,40,باخت,-40,,3060,62118.75,62314.78
2026-06-10,17:10,09:40AM,پایین,🏆 ورودِ طلایی،۱،۲،۵،۷,3,80,باخت,-80,انفجار,2980,62314.78,62394.93
2026-06-10,17:15,09:45AM,پایین,🏆 ورودِ طلایی،۱،۳،۵،۷,1,20,برد,20,,3000,62394.93,62172.18
2026-06-10,17:20,09:50AM,پایین,۵,1,20,برد,20,,3020,62172.18,62108.56
2026-06-10,18:05,10:35AM,بالا,۲,1,20,برد,20,,3040,61863.34,61908.01
2026-06-10,18:50,11:20AM,پایین,۲,1,20,برد,20,,3060,62253.45,62208.04
2026-06-10,19:00,11:30AM,پایین,۱،۵,1,20,برد,20,,3080,62286.39,62218.78
2026-06-10,19:10,11:40AM,پایین,۱,1,20,برد,20,,3100,62340.9,62253.49
2026-06-10,19:20,11:50AM,پایین,۱،۵,1,20,برد,20,,3120,62786.72,62589.05
2026-06-10,19:25,11:55AM,پایین,۵,1,20,برد,20,,3140,62589.05,62423.33
2026-06-10,19:40,12:10PM,بالا,۲،۵,1,20,باخت,-20,,3120,62274.65,62265.85
2026-06-10,19:50,12:20PM,بالا,۳,2,40,برد,40,,3160,62175.08,62225.1
2026-06-10,20:15,12:45PM,بالا,۲,1,20,برد,20,,3180,61928.01,62107.36
2026-06-10,20:30,01:00PM,پایین,۲,1,20,برد,20,,3200,62307.09,62116.82
2026-06-10,20:55,01:25PM,بالا,۱,1,20,باخت,-20,,3180,61835.4,61805.0
2026-06-11,00:40,05:10PM,بالا,۷,2,40,برد,40,,3220,61476.0,61551.47
2026-06-11,01:20,05:50PM,بالا,۵,1,20,برد,20,,3240,61187.13,61296.73
2026-06-11,01:30,06:00PM,بالا,۵,1,20,برد,20,,3260,61124.45,61209.41
2026-06-11,02:10,06:40PM,پایین,۲,1,20,برد,20,,3280,61484.0,61375.04
2026-06-11,02:55,07:25PM,پایین,۱,1,20,برد,20,,3300,61494.4,61438.92
2026-06-11,03:45,08:15PM,پایین,۱،۲،۵،۷,1,20,برد,20,,3320,61873.36,61787.74
2026-06-11,03:55,08:25PM,پایین,۶,1,20,برد,20,,3340,61821.98,61768.6
2026-06-11,04:45,09:15PM,پایین,۱،۵,1,20,برد,20,,3360,62146.66,62111.06
2026-06-11,05:05,09:35PM,پایین,۱,1,20,برد,20,,3380,62212.4,62199.53
2026-06-11,05:15,09:45PM,پایین,۶,1,20,برد,20,,3400,62210.54,62161.01
2026-06-11,07:00,11:30PM,پایین,۱،۲،۵,1,20,برد,20,,3420,62349.51,62304.0
2026-06-11,07:05,11:35PM,پایین,۵,1,20,برد,20,,3440,62304.0,62292.06
2026-06-11,07:15,11:45PM,پایین,۵,1,20,باخت,-20,,3420,62338.19,62394.99
2026-06-11,07:20,11:50PM,پایین,۱,2,40,باخت,-40,,3380,62394.99,62618.14
2026-06-11,07:25,11:55PM,پایین,۱،۲،۵،۷,3,80,برد,80,,3460,62618.14,62566.5
2026-06-11,07:45,12:15AM,پایین,۶,1,20,برد,20,,3480,62572.01,62553.99
2026-06-11,08:15,12:45AM,پایین,۱,1,20,باخت,-20,,3460,62707.32,62754.07
2026-06-11,08:20,12:50AM,پایین,۱,2,40,برد,40,,3500,62754.07,62646.71
2026-06-11,09:50,02:20AM,پایین,۱،۵،۶,1,20,برد,20,,3520,62901.01,62800.82
2026-06-11,10:30,03:00AM,بالا,۲،۵,1,20,باخت,-20,,3500,62585.01,62578.52
2026-06-11,10:35,03:05AM,بالا,۳,2,40,باخت,-40,,3460,62578.52,62577.05
2026-06-11,10:40,03:10AM,بالا,۳,3,80,برد,80,,3540,62577.05,62621.66
2026-06-11,11:50,04:20AM,پایین,۲،۳,1,20,باخت,-20,,3520,62844.76,62871.65
2026-06-11,11:55,04:25AM,پایین,۳,2,40,باخت,-40,,3480,62871.65,62876.2
2026-06-11,12:00,04:30AM,پایین,۳,3,80,باخت,-80,انفجار,3400,62876.2,62901.01
2026-06-11,12:05,04:35AM,پایین,۳,1,20,برد,20,,3420,62901.01,62786.43
2026-06-11,14:15,06:45AM,پایین,۳,1,20,باخت,-20,,3400,62897.25,63035.07
2026-06-11,14:20,06:50AM,پایین,۲،۳،۷,2,40,باخت,-40,,3360,63035.07,63088.5
2026-06-11,14:25,06:55AM,پایین,۳،۵،۷,3,80,باخت,-80,انفجار,3280,63088.5,63115.82
2026-06-11,14:30,07:00AM,پایین,۳،۵،۷,1,20,برد,20,,3300,63115.82,63070.72
2026-06-11,14:40,07:10AM,پایین,۶,1,20,برد,20,,3320,63126.2,63049.89
2026-06-11,15:50,08:20AM,بالا,۱،۵,1,20,باخت,-20,,3300,62661.95,62612.61
2026-06-11,15:55,08:25AM,بالا,۱،۵,2,40,برد,40,,3340,62612.61,62707.68
2026-06-11,16:00,08:30AM,بالا,۵,1,20,برد,20,,3360,62707.68,62730.0
2026-06-11,16:05,08:35AM,بالا,۵,1,20,برد,20,,3380,62730.0,62859.4
2026-06-11,16:10,08:40AM,پایین,۲,1,20,باخت,-20,,3360,62859.4,62893.12
2026-06-11,16:15,08:45AM,پایین,۵,2,40,برد,40,,3400,62893.12,62886.46
2026-06-11,17:15,09:45AM,پایین,۲,1,20,باخت,-20,,3380,62982.86,63099.93
2026-06-11,17:20,09:50AM,پایین,🏆 ورودِ طلایی،۱،۲،۵,2,40,برد,40,,3420,63099.93,63026.01
2026-06-11,17:25,09:55AM,پایین,۵,1,20,برد,20,,3440,63026.01,63014.0
2026-06-11,17:35,10:05AM,بالا,۲,1,20,باخت,-20,,3420,62836.16,62733.81
2026-06-11,17:40,10:10AM,بالا,۲،۵,2,40,برد,40,,3460,62733.81,62751.1
2026-06-11,17:45,10:15AM,بالا,۵,1,20,برد,20,,3480,62751.1,62896.31
2026-06-11,18:25,10:55AM,بالا,۱,1,20,باخت,-20,,3460,62670.02,62641.54
2026-06-11,18:30,11:00AM,بالا,۱,2,40,برد,40,,3500,62641.54,62700.9
2026-06-11,18:40,11:10AM,بالا,۱,1,20,باخت,-20,,3480,62639.03,62610.47
2026-06-11,18:45,11:15AM,بالا,۱,2,40,برد,40,,3520,62610.47,62722.79
2026-06-11,19:15,11:45AM,بالا,۱,1,20,برد,20,,3540,62566.95,62568.09
2026-06-11,19:50,12:20PM,بالا,۱,1,20,برد,20,,3560,62556.17,62577.83
2026-06-11,20:15,12:45PM,بالا,۱,1,20,برد,20,,3580,62551.05,62556.03
2026-06-11,20:25,12:55PM,بالا,۱,1,20,باخت,-20,,3560,62508.02,62350.01
2026-06-11,20:30,01:00PM,بالا,۱,2,40,برد,40,,3600,62350.01,62436.83
2026-06-11,20:45,01:15PM,بالا,۱,1,20,برد,20,,3620,62325.0,62336.05
2026-06-11,20:55,01:25PM,پایین,۱،۵,1,20,باخت,-20,,3600,62880.03,63192.0
2026-06-11,21:00,01:30PM,پایین,🏆 ورودِ طلایی،۱،۲،۵،۷,2,40,برد,40,,3640,63192.0,63148.39
2026-06-11,21:05,01:35PM,پایین,۵,1,20,باخت,-20,,3620,63148.39,63256.02
2026-06-11,21:10,01:40PM,پایین,🏆 ورودِ طلایی،۱،۵،۶,2,40,باخت,-40,,3580,63256.02,63522.56
2026-06-11,21:15,01:45PM,پایین,🏆 ورودِ طلایی،۱،۵،۷,3,80,برد,80,,3660,63522.56,63385.99
2026-06-11,21:25,01:55PM,پایین,۱،۵،۶,1,20,برد,20,,3680,63558.14,63440.08
2026-06-11,22:45,03:15PM,پایین,۱,1,20,باخت,-20,,3660,63568.46,63616.02
2026-06-11,22:50,03:20PM,پایین,۱,2,40,برد,40,,3700,63616.02,63525.13
2026-06-11,23:00,03:30PM,پایین,۱,1,20,برد,20,,3720,63675.0,63608.03
2026-06-12,03:10,07:40PM,پایین,۲,1,20,برد,20,,3740,63571.02,63541.92
2026-06-12,06:50,11:20PM,بالا,۲,1,20,برد,20,,3760,63334.61,63347.87
2026-06-12,07:45,12:15AM,پایین,۱,1,20,باخت,-20,,3740,63582.24,63646.79
2026-06-12,07:50,12:20AM,پایین,۱،۲،۵،۷,2,40,باخت,-40,,3700,63646.79,63708.09
2026-06-12,07:55,12:25AM,پایین,🏆 ورودِ طلایی،۱،۵،۷,3,80,برد,80,,3780,63708.09,63659.33
2026-06-12,08:00,12:30AM,پایین,۵,1,20,برد,20,,3800,63659.33,63649.95
2026-06-12,08:25,12:55AM,بالا,۳,1,20,باخت,-20,,3780,63615.77,63545.66
2026-06-12,08:30,01:00AM,بالا,۲،۳,2,40,باخت,-40,,3740,63545.66,63509.3
2026-06-12,08:35,01:05AM,بالا,۳,3,80,باخت,-80,انفجار,3660,63509.3,63351.92
2026-06-12,08:40,01:10AM,بالا,۱،۲،۳،۵,1,20,برد,20,,3680,63351.92,63440.29
2026-06-12,09:05,01:35AM,بالا,۱,1,20,برد,20,,3700,63306.98,63309.93
2026-06-12,09:15,01:45AM,بالا,۱,1,20,باخت,-20,,3680,63303.77,63281.01
2026-06-12,09:20,01:50AM,بالا,۱,2,40,باخت,-40,,3640,63281.01,63271.29
2026-06-12,09:25,01:55AM,بالا,۱,3,80,برد,80,,3720,63271.29,63310.99
2026-06-12,09:45,02:15AM,بالا,۱،۲،۵,1,20,برد,20,,3740,63092.12,63115.4
2026-06-12,09:50,02:20AM,بالا,۵,1,20,باخت,-20,,3720,63115.4,63070.95
2026-06-12,09:55,02:25AM,بالا,۱,2,40,باخت,-40,,3680,63070.95,62851.14
2026-06-12,10:00,02:30AM,بالا,🏆 ورودِ طلایی،۱،۵،۷,3,80,برد,80,,3760,62851.14,62869.3
2026-06-12,10:05,02:35AM,بالا,۵،۷,1,20,باخت,-20,,3740,62869.3,62843.01
2026-06-12,10:10,02:40AM,بالا,۱،۵،۷,2,40,برد,40,,3780,62843.01,62898.18
2026-06-12,11:35,04:05AM,پایین,۱،۲،۵,1,20,باخت,-20,,3760,63191.94,63221.87
2026-06-12,11:40,04:10AM,پایین,۱،۵,2,40,باخت,-40,,3720,63221.87,63384.0
2026-06-12,11:45,04:15AM,پایین,🏆 ورودِ طلایی،۱،۲،۵،۷,3,80,باخت,-80,انفجار,3640,63384.0,63426.53
2026-06-12,11:50,04:20AM,پایین,🏆 ورودِ طلایی،۱،۳،۵،۷,1,20,باخت,-20,,3620,63426.53,63445.58
2026-06-12,11:55,04:25AM,پایین,۱،۳،۵،۷,2,40,برد,40,,3660,63445.58,63411.01
2026-06-12,12:00,04:30AM,پایین,۵,1,20,برد,20,,3680,63411.01,63406.83
2026-06-12,12:10,04:40AM,بالا,۲,1,20,برد,20,,3700,63304.21,63351.69
2026-06-12,12:40,05:10AM,پایین,۱,1,20,باخت,-20,,3680,63475.55,63503.0
2026-06-12,12:45,05:15AM,پایین,۱,2,40,باخت,-40,,3640,63503.0,63592.6
2026-06-12,12:50,05:20AM,پایین,۱،۲،۵,3,80,باخت,-80,انفجار,3560,63592.6,63688.76
2026-06-12,12:55,05:25AM,پایین,۱،۲،۵,1,20,باخت,-20,,3540,63688.76,63827.73
2026-06-12,13:00,05:30AM,پایین,🏆 ورودِ طلایی،۱،۲،۳،۵،۷,2,40,برد,40,,3580,63827.73,63779.23
2026-06-12,13:05,05:35AM,پایین,۵,1,20,باخت,-20,,3560,63779.23,63817.22
2026-06-12,13:10,05:40AM,پایین,۵،۶,2,40,برد,40,,3600,63817.22,63761.81
2026-06-12,15:40,08:10AM,بالا,۱,1,20,برد,20,,3620,63559.11,63582.15
2026-06-12,15:50,08:20AM,بالا,۱,1,20,باخت,-20,,3600,63495.38,63393.66
2026-06-12,15:55,08:25AM,بالا,۱,2,40,برد,40,,3640,63393.66,63481.48
2026-06-12,16:05,08:35AM,بالا,۱،۵,1,20,برد,20,,3660,63340.86,63358.42
2026-06-12,16:55,09:25AM,بالا,۱,1,20,باخت,-20,,3640,63336.86,63161.35
2026-06-12,17:00,09:30AM,بالا,۱،۲،۵,2,40,برد,40,,3680,63161.35,63302.7
2026-06-12,17:10,09:40AM,بالا,۱،۵,1,20,برد,20,,3700,63065.71,63139.0
2026-06-12,17:30,10:00AM,پایین,۵,1,20,باخت,-20,,3680,63314.22,63376.63
2026-06-12,17:40,10:10AM,پایین,۵,2,40,برد,40,,3720,63385.19,63352.28
2026-06-12,17:55,10:25AM,پایین,۱,1,20,باخت,-20,,3700,63576.64,63642.99
2026-06-12,18:00,10:30AM,پایین,۱،۵,2,40,باخت,-40,,3660,63642.99,63677.39
2026-06-12,18:05,10:35AM,پایین,۱،۵,3,80,برد,80,,3740,63677.39,63463.44
2026-06-12,18:20,10:50AM,پایین,۱,1,20,باخت,-20,,3720,63867.16,63958.1
2026-06-12,18:25,10:55AM,پایین,۱،۲،۵,2,40,برد,40,,3760,63958.1,63882.24
2026-06-12,18:30,11:00AM,پایین,۵,1,20,باخت,-20,,3740,63882.24,64045.77
2026-06-12,18:35,11:05AM,پایین,🏆 ورودِ طلایی،۱،۵،۶,2,40,باخت,-40,,3700,64045.77,64323.85
2026-06-12,18:40,11:10AM,پایین,🏆 ورودِ طلایی،۱،۵،۷,3,80,برد,80,,3780,64323.85,64213.33
2026-06-12,18:50,11:20AM,پایین,۵،۶,1,20,برد,20,,3800,64224.12,64089.44
2026-06-12,19:00,11:30AM,بالا,۵,1,20,باخت,-20,,3780,63909.87,63909.4
2026-06-12,19:05,11:35AM,بالا,۵,2,40,باخت,-40,,3740,63909.4,63849.35
2026-06-12,19:10,11:40AM,بالا,۵,3,80,باخت,-80,انفجار,3660,63849.35,63666.92
2026-06-12,19:15,11:45AM,بالا,۲،۵,1,20,برد,20,,3680,63666.92,63806.09
2026-06-12,19:25,11:55AM,بالا,۵,1,20,برد,20,,3700,63569.79,63657.66
2026-06-13,05:05,09:35PM,پایین,۶,1,20,باخت,-20,,3680,63655.18,63729.02
2026-06-13,05:10,09:40PM,پایین,۷,2,40,باخت,-40,,3640,63729.02,63774.01
2026-06-13,05:15,09:45PM,پایین,۵،۷,3,80,باخت,-80,انفجار,3560,63774.01,63774.13
2026-06-13,05:20,09:50PM,پایین,۵،۷,1,20,باخت,-20,,3540,63774.13,63791.45
2026-06-13,05:25,09:55PM,پایین,۷,2,40,برد,40,,3580,63791.45,63761.63
2026-06-13,05:35,10:05PM,پایین,۶,1,20,برد,20,,3600,63800.01,63761.73
2026-06-13,06:10,10:40PM,بالا,۲,1,20,باخت,-20,,3580,63588.27,63540.7
2026-06-13,06:15,10:45PM,بالا,۱،۳,2,40,برد,40,,3620,63540.7,63550.0
2026-06-13,06:45,11:15PM,بالا,۲,1,20,باخت,-20,,3600,63569.16,63548.69
2026-06-13,06:55,11:25PM,بالا,۱،۲،۵,2,40,باخت,-40,,3560,63479.12,63463.09
2026-06-13,07:00,11:30PM,بالا,۱،۳،۵,3,80,برد,80,,3640,63463.09,63481.01
2026-06-13,07:35,12:05AM,بالا,۱,1,20,برد,20,,3660,63453.97,63481.99
2026-06-13,09:55,02:25AM,پایین,۱،۲,1,20,باخت,-20,,3640,63635.31,63652.01
2026-06-13,10:00,02:30AM,پایین,۱,2,40,برد,40,,3680,63652.01,63646.01
2026-06-13,10:55,03:25AM,پایین,۶,1,20,برد,20,,3700,63740.94,63714.01
2026-06-13,11:20,03:50AM,پایین,۶,1,20,برد,20,,3720,63806.66,63801.44
2026-06-13,12:05,04:35AM,پایین,۱،۲,1,20,برد,20,,3740,63841.47,63840.42
2026-06-13,12:20,04:50AM,بالا,۲,1,20,باخت,-20,,3720,63774.21,63772.99
2026-06-13,12:35,05:05AM,بالا,۳,2,40,باخت,-40,,3680,63768.0,63767.52
2026-06-13,12:40,05:10AM,بالا,۳,3,80,برد,80,,3760,63767.52,63801.57
2026-06-13,13:20,05:50AM,بالا,۱,1,20,باخت,-20,,3740,63723.01,63705.55
2026-06-13,13:25,05:55AM,بالا,۱,2,40,باخت,-40,,3700,63705.55,63696.99
2026-06-13,14:15,06:45AM,پایین,۵,3,80,برد,80,,3780,63846.41,63806.0
2026-06-13,14:45,07:15AM,پایین,۱،۲،۵،۷,1,20,برد,20,,3800,63934.0,63918.36
2026-06-13,14:55,07:25AM,پایین,۶,1,20,برد,20,,3820,63919.92,63876.11
2026-06-13,16:00,08:30AM,پایین,۱,1,20,باخت,-20,,3800,63971.42,63971.95
2026-06-13,16:05,08:35AM,پایین,۱,2,40,برد,40,,3840,63971.95,63965.45
2026-06-13,16:15,08:45AM,پایین,۱،۵،۶،۷,1,20,باخت,-20,,3820,64038.03,64077.01
2026-06-13,16:20,08:50AM,پایین,۱،۵،۷,2,40,باخت,-40,,3780,64077.01,64094.13
2026-06-13,16:25,08:55AM,پایین,۱،۵،۷,3,80,برد,80,,3860,64094.13,64074.72
2026-06-13,16:30,09:00AM,پایین,۵,1,20,باخت,-20,,3840,64074.72,64115.02
2026-06-13,16:35,09:05AM,پایین,۱،۶،۷,2,40,باخت,-40,,3800,64115.02,64134.55
2026-06-13,16:40,09:10AM,پایین,۱,3,80,برد,80,,3880,64134.55,64083.0
2026-06-13,16:50,09:20AM,پایین,۱،۶,1,20,باخت,-20,,3860,64155.33,64191.9
2026-06-13,16:55,09:25AM,پایین,۱,2,40,برد,40,,3900,64191.9,64166.41
2026-06-13,17:05,09:35AM,پایین,۱،۵،۶,1,20,برد,20,,3920,64196.55,64135.97
2026-06-13,17:20,09:50AM,بالا,۲،۵,1,20,برد,20,,3940,64050.52,64068.62
2026-06-13,17:25,09:55AM,بالا,۵,1,20,برد,20,,3960,64068.62,64118.05
2026-06-13,18:40,11:10AM,پایین,۱،۶,1,20,برد,20,,3980,64248.02,64217.64
2026-06-13,18:50,11:20AM,پایین,۱,1,20,برد,20,,4000,64254.0,64252.34
2026-06-13,19:05,11:35AM,پایین,۱,1,20,برد,20,,4020,64296.02,64207.08
2026-06-13,19:30,12:00PM,بالا,۱،۵,1,20,برد,20,,4040,64023.6,64054.98
2026-06-13,19:35,12:05PM,بالا,۵,1,20,باخت,-20,,4020,64054.98,64050.13
2026-06-13,19:40,12:10PM,بالا,۵,2,40,باخت,-40,,3980,64050.13,64049.0
2026-06-13,19:45,12:15PM,بالا,۵,3,80,باخت,-80,انفجار,3900,64049.0,63941.65
2026-06-13,19:50,12:20PM,بالا,۱،۲,1,20,برد,20,,3920,63941.65,63952.81
2026-06-13,19:55,12:25PM,بالا,۵,1,20,برد,20,,3940,63952.81,63954.51
2026-06-13,20:10,12:40PM,پایین,۲,1,20,برد,20,,3960,64021.65,63892.82
2026-06-13,20:15,12:45PM,بالا,۱,1,20,برد,20,,3980,63892.82,63959.66
2026-06-13,21:00,01:30PM,پایین,۵,1,20,برد,20,,4000,64064.17,64062.0
2026-06-13,21:10,01:40PM,پایین,۱,1,20,برد,20,,4020,64069.14,64014.2
2026-06-13,21:20,01:50PM,بالا,۵,1,20,باخت,-20,,4000,63946.34,63939.02
2026-06-13,21:25,01:55PM,بالا,۵,2,40,برد,40,,4040,63939.02,63964.25
2026-06-13,21:50,02:20PM,پایین,۱,1,20,باخت,-20,,4020,64090.01,64165.03
2026-06-13,21:55,02:25PM,پایین,۱،۲,2,40,باخت,-40,,3980,64165.03,64167.02
2026-06-13,22:00,02:30PM,پایین,۱,3,80,باخت,-80,انفجار,3900,64167.02,64225.24
2026-06-13,22:05,02:35PM,پایین,۱،۲،۵،۷,1,20,باخت,-20,,3880,64225.24,64227.46
2026-06-13,22:10,02:40PM,پایین,۳،۷,2,40,برد,40,,3920,64227.46,64084.03
2026-06-13,23:10,03:40PM,پایین,۱,1,20,باخت,-20,,3900,64253.28,64298.83
2026-06-13,23:15,03:45PM,پایین,۱،۵,2,40,برد,40,,3940,64298.83,64297.78
2026-06-13,23:20,03:50PM,پایین,۵,1,20,برد,20,,3960,64297.78,64266.43
2026-06-14,01:10,05:40PM,پایین,🏆 ورودِ طلایی،۱،۲،۵،۷,1,20,برد,20,,3980,64541.01,64480.89
2026-06-14,01:15,05:45PM,پایین,۵,1,20,باخت,-20,,3960,64480.89,64481.02
2026-06-14,01:20,05:50PM,پایین,۵،۶,2,40,برد,40,,4000,64481.02,64443.92
2026-06-14,01:25,05:55PM,پایین,۵,1,20,برد,20,,4020,64443.92,64420.77
2026-06-14,01:55,06:25PM,پایین,۲,1,20,برد,20,,4040,64496.6,64494.62
2026-06-14,03:05,07:35PM,بالا,۵,1,20,برد,20,,4060,64431.16,64437.86
2026-06-14,04:00,08:30PM,پایین,۵,1,20,باخت,-20,,4040,64511.66,64539.99
2026-06-14,04:05,08:35PM,پایین,۵,2,40,برد,40,,4080,64539.99,64531.0
2026-06-14,04:50,09:20PM,پایین,۵,1,20,باخت,-20,,4060,64628.0,64631.88
2026-06-14,07:05,11:35PM,بالا,۲,2,40,برد,40,,4100,64453.6,64456.97
2026-06-14,08:05,12:35AM,بالا,۲,1,20,باخت,-20,,4080,64401.04,64373.67
2026-06-14,08:15,12:45AM,بالا,۳،۷,2,40,باخت,-40,,4040,64355.07,64314.49
2026-06-14,08:20,12:50AM,بالا,۲،۳،۵،۷,3,80,باخت,-80,انفجار,3960,64314.49,64306.04
2026-06-14,08:25,12:55AM,بالا,۳،۷,1,20,برد,20,,3980,64306.04,64346.25
2026-06-14,09:35,02:05AM,پایین,۱،۵,1,20,برد,20,,4000,64451.39,64448.02
2026-06-14,09:50,02:20AM,بالا,۲,1,20,برد,20,,4020,64340.91,64358.88
2026-06-14,10:00,02:30AM,بالا,۵,1,20,باخت,-20,,4000,64288.05,64223.86
2026-06-14,10:05,02:35AM,بالا,۱،۵,2,40,برد,40,,4040,64223.86,64235.89
2026-06-14,10:10,02:40AM,بالا,۵,1,20,برد,20,,4060,64235.89,64240.02
2026-06-14,10:15,02:45AM,بالا,۵,1,20,برد,20,,4080,64240.02,64242.6
2026-06-14,10:35,03:05AM,بالا,۱,1,20,باخت,-20,,4060,64212.24,64210.96
2026-06-14,10:40,03:10AM,بالا,۱,2,40,برد,40,,4100,64210.96,64270.33
2026-06-14,10:55,03:25AM,پایین,۵,1,20,برد,20,,4120,64332.99,64309.47
2026-06-14,11:25,03:55AM,پایین,۵,1,20,برد,20,,4140,64392.26,64360.56
2026-06-14,11:35,04:05AM,پایین,۱,1,20,برد,20,,4160,64422.68,64406.3
2026-06-14,11:45,04:15AM,پایین,۱,1,20,برد,20,,4180,64471.86,64462.72
2026-06-14,11:50,04:20AM,پایین,۵,1,20,برد,20,,4200,64462.72,64445.21
2026-06-14,12:45,05:15AM,بالا,۲،۵,1,20,برد,20,,4220,64290.99,64302.32
2026-06-14,12:50,05:20AM,بالا,۵,1,20,برد,20,,4240,64302.32,64321.72
2026-06-14,12:55,05:25AM,بالا,۵,1,20,برد,20,,4260,64321.72,64422.73
2026-06-14,13:00,05:30AM,پایین,۲,1,20,باخت,-20,,4240,64422.73,64462.07
2026-06-14,13:05,05:35AM,پایین,۲،۵,2,40,باخت,-40,,4200,64462.07,64517.55
2026-06-14,13:10,05:40AM,پایین,🏆 ورودِ طلایی،۱،۲،۵,3,80,باخت,-80,انفجار,4120,64517.55,64531.84
2026-06-14,13:15,05:45AM,پایین,🏆 ورودِ طلایی،۱،۳،۵,1,20,باخت,-20,,4100,64531.84,64566.83
2026-06-14,13:20,05:50AM,پایین,۱،۳،۵,2,40,باخت,-40,,4060,64566.83,64577.51
2026-06-14,13:25,05:55AM,پایین,۱،۳،۵,3,80,برد,80,,4140,64577.51,64525.01
2026-06-14,13:50,06:20AM,پایین,۱,1,20,برد,20,,4160,64608.99,64560.57
2026-06-14,14:00,06:30AM,پایین,۱،۵,1,20,برد,20,,4180,64617.84,64601.15
2026-06-14,14:15,06:45AM,بالا,۲,1,20,برد,20,,4200,64508.5,64526.76
2026-06-14,14:25,06:55AM,بالا,۵,1,20,باخت,-20,,4180,64489.66,64444.01
2026-06-14,14:30,07:00AM,بالا,۵,2,40,برد,40,,4220,64444.01,64485.15
2026-06-14,15:00,07:30AM,پایین,۲,1,20,برد,20,,4240,64596.43,64595.48
2026-06-14,15:35,08:05AM,بالا,۵,1,20,باخت,-20,,4220,64461.69,64453.01
2026-06-14,15:55,08:25AM,بالا,۱,2,40,باخت,-40,,4180,64435.95,64357.01
2026-06-14,16:00,08:30AM,بالا,۱,3,80,باخت,-80,انفجار,4100,64357.01,64306.22
2026-06-14,16:05,08:35AM,بالا,۱،۲،۵،۷,1,20,برد,20,,4120,64306.22,64328.99
2026-06-14,16:10,08:40AM,بالا,۵,1,20,باخت,-20,,4100,64328.99,64304.48
2026-06-14,16:15,08:45AM,بالا,۱،۵,2,40,باخت,-40,,4060,64304.48,64276.01
2026-06-14,16:55,09:25AM,بالا,۲,3,80,برد,80,,4140,64254.05,64264.22
2026-06-14,17:55,10:25AM,بالا,۱،۲،۵،۷,1,20,باخت,-20,,4120,64124.02,63969.85
2026-06-14,18:00,10:30AM,بالا,🏆 ورودِ طلایی،۱،۲،۵،۷,2,40,باخت,-40,,4080,63969.85,63882.27
2026-06-14,18:05,10:35AM,بالا,🏆 ورودِ طلایی،۱،۲،۵،۷,3,80,برد,80,,4160,63882.27,63905.34
2026-06-14,18:10,10:40AM,بالا,۵،۷,1,20,باخت,-20,,4140,63905.34,63872.37
2026-06-14,18:15,10:45AM,بالا,🏆 ورودِ طلایی،۱،۵،۷,2,40,برد,40,,4180,63872.37,63898.16
2026-06-14,18:30,11:00AM,پایین,۲،۵,1,20,برد,20,,4200,64111.38,64083.02
2026-06-14,18:35,11:05AM,پایین,۵,1,20,برد,20,,4220,64083.02,64078.89
2026-06-14,18:40,11:10AM,پایین,۵,1,20,برد,20,,4240,64078.89,63993.71
2026-06-14,18:45,11:15AM,بالا,۲,1,20,برد,20,,4260,63993.71,64050.0
2026-06-14,19:50,12:20PM,پایین,۱،۵,1,20,برد,20,,4280,64134.33,64104.02
2026-06-14,20:00,12:30PM,پایین,۱,1,20,برد,20,,4300,64151.0,64118.09
2026-06-14,20:15,12:45PM,بالا,۱,1,20,باخت,-20,,4280,63979.63,63917.55
2026-06-14,20:20,12:50PM,بالا,۱،۵,2,40,باخت,-40,,4240,63917.55,63908.02
2026-06-14,20:25,12:55PM,بالا,۱،۵,3,80,برد,80,,4320,63908.02,63979.15
2026-06-14,20:35,01:05PM,بالا,۱,1,20,برد,20,,4340,63902.97,63931.14
2026-06-14,20:50,01:20PM,بالا,۱,1,20,باخت,-20,,4320,63895.57,63871.28
2026-06-14,20:55,01:25PM,بالا,۱,2,40,برد,40,,4360,63871.28,63912.76
2026-06-14,21:05,01:35PM,بالا,۱،۵,1,20,برد,20,,4380,63753.71,63801.69
2026-06-14,21:15,01:45PM,بالا,۱,1,20,باخت,-20,,4360,63752.01,63715.32
2026-06-14,21:20,01:50PM,بالا,۱،۵,2,40,باخت,-40,,4320,63715.32,63699.35
2026-06-14,21:25,01:55PM,بالا,۱,3,80,برد,80,,4400,63699.35,63745.97
2026-06-14,21:35,02:05PM,بالا,۱,1,20,باخت,-20,,4380,63695.64,63692.13
2026-06-14,21:40,02:10PM,بالا,۱,2,40,باخت,-40,,4340,63692.13,63659.06
2026-06-14,21:45,02:15PM,بالا,۱,3,80,برد,80,,4420,63659.06,63688.91
2026-06-15,00:00,04:30PM,پایین,۲،۵،۷,1,20,باخت,-20,,4400,63945.08,63993.21
2026-06-15,00:05,04:35PM,پایین,۵،۷,2,40,باخت,-40,,4360,63993.21,64005.47
2026-06-15,00:10,04:40PM,پایین,۳،۷,3,80,برد,80,,4440,64005.47,64005.02
2026-06-15,00:40,05:10PM,پایین,۲,1,20,باخت,-20,,4420,64063.87,64698.01
2026-06-15,00:45,05:15PM,پایین,🏆 ورودِ طلایی،۱،۲،۵،۷,2,40,باخت,-40,,4380,64698.01,64756.86
2026-06-15,00:50,05:20PM,پایین,🏆 ورودِ طلایی،۱،۲،۵،۷,3,80,برد,80,,4460,64756.86,64745.01
2026-06-15,00:55,05:25PM,پایین,۵،۷,1,20,باخت,-20,,4440,64745.01,64916.0
2026-06-15,01:00,05:30PM,پایین,🏆 ورودِ طلایی،۱،۵،۶،۷,2,40,باخت,-40,,4400,64916.0,64949.46
2026-06-15,01:05,05:35PM,پایین,۱،۵،۷,3,80,باخت,-80,انفجار,4320,64949.46,65237.02
2026-06-15,01:10,05:40PM,پایین,🏆 ورودِ طلایی،۱،۲،۵،۷,1,20,باخت,-20,,4300,65237.02,65365.04
2026-06-15,01:15,05:45PM,پایین,🏆 ورودِ طلایی،۱،۲،۵،۷,2,40,باخت,-40,,4260,65365.04,65414.97
2026-06-15,01:20,05:50PM,پایین,۱،۵,3,80,برد,80,,4340,65414.97,65279.95
2026-06-15,01:25,05:55PM,پایین,۵,1,20,برد,20,,4360,65279.95,65252.4
2026-06-15,01:35,06:05PM,بالا,۲،۵,1,20,برد,20,,4380,64996.35,65090.01
2026-06-15,01:40,06:10PM,بالا,۵,1,20,برد,20,,4400,65090.01,65163.45
2026-06-15,01:55,06:25PM,پایین,۵,1,20,باخت,-20,,4380,65183.32,65234.99
2026-06-15,02:05,06:35PM,پایین,۲،۳,2,40,باخت,-40,,4340,65312.68,65431.13
2026-06-15,02:10,06:40PM,پایین,۱،۲،۳،۵,3,80,برد,80,,4420,65431.13,65421.95
2026-06-15,02:15,06:45PM,پایین,۵,1,20,برد,20,,4440,65421.95,65419.43
2026-06-15,02:20,06:50PM,پایین,۵,1,20,برد,20,,4460,65419.43,65382.77
2026-06-15,02:30,07:00PM,بالا,۲,1,20,برد,20,,4480,65257.62,65398.45
2026-06-15,02:40,07:10PM,پایین,۱,1,20,برد,20,,4500,65525.99,65521.81
2026-06-15,02:50,07:20PM,پایین,۵,1,20,باخت,-20,,4480,65518.03,65651.36
2026-06-15,02:55,07:25PM,پایین,۱،۵,2,40,برد,40,,4520,65651.36,65629.99
2026-06-15,03:00,07:30PM,پایین,۶,1,20,برد,20,,4540,65629.99,65572.0
2026-06-15,04:00,08:30PM,بالا,۵,1,20,باخت,-20,,4520,65588.01,65498.66
2026-06-15,04:30,09:00PM,بالا,۱,2,40,برد,40,,4560,65331.17,65432.46
2026-06-15,05:05,09:35PM,پایین,۵,1,20,برد,20,,4580,65687.4,65675.23
2026-06-15,05:10,09:40PM,پایین,۵,1,20,برد,20,,4600,65675.23,65589.6
2026-06-15,05:20,09:50PM,بالا,۲,1,20,باخت,-20,,4580,65481.36,65472.91
2026-06-15,06:40,11:10PM,پایین,۲،۵,2,40,برد,40,,4620,65679.81,65672.17
2026-06-15,07:10,11:40PM,پایین,۷,1,20,باخت,-20,,4600,65864.36,65894.64
2026-06-15,07:15,11:45PM,پایین,۷,2,40,باخت,-40,,4560,65894.64,65921.06
2026-06-15,07:20,11:50PM,پایین,۷,3,80,برد,80,,4640,65921.06,65890.02
2026-06-15,08:50,01:20AM,پایین,۲,1,20,باخت,-20,,4620,65791.0,65793.1
2026-06-15,09:50,02:20AM,پایین,۶,2,40,باخت,-40,,4580,65890.54,65906.42
2026-06-15,10:45,03:15AM,پایین,۲,3,80,باخت,-80,انفجار,4500,65866.13,65959.83
2026-06-15,10:50,03:20AM,پایین,۲،۵,1,20,برد,20,,4520,65959.83,65918.46
2026-06-15,11:00,03:30AM,بالا,۱,1,20,باخت,-20,,4500,65737.93,65717.75
2026-06-15,11:05,03:35AM,بالا,۱,2,40,باخت,-40,,4460,65717.75,65710.29
2026-06-15,11:10,03:40AM,بالا,۱،۵,3,80,باخت,-80,انفجار,4380,65710.29,65657.02
2026-06-15,11:15,03:45AM,بالا,۱،۵,1,20,برد,20,,4400,65657.02,65730.94
2026-06-15,11:25,03:55AM,بالا,۱,1,20,برد,20,,4420,65624.48,65696.85
2026-06-15,11:50,04:20AM,بالا,۱,1,20,برد,20,,4440,65602.81,65633.98
2026-06-15,13:00,05:30AM,بالا,۲,1,20,باخت,-20,,4420,65525.89,65499.65
2026-06-15,13:05,05:35AM,بالا,۵,2,40,برد,40,,4460,65499.65,65524.76
2026-06-15,14:20,06:50AM,پایین,۲,1,20,باخت,-20,,4440,65815.69,65865.05
2026-06-15,14:25,06:55AM,پایین,۳،۵،۷,2,40,برد,40,,4480,65865.05,65861.91
2026-06-15,14:35,07:05AM,پایین,۵،۶،۷,1,20,برد,20,,4500,65924.47,65894.81
2026-06-15,14:45,07:15AM,پایین,🏆 ورودِ طلایی،۱،۵،۷,1,20,باخت,-20,,4480,66209.01,66285.52
2026-06-15,14:50,07:20AM,پایین,🏆 ورودِ طلایی،۱،۵،۷,2,40,برد,40,,4520,66285.52,66224.81
2026-06-15,14:55,07:25AM,پایین,۵،۷,1,20,برد,20,,4540,66224.81,66212.13
2026-06-15,15:00,07:30AM,پایین,۵,1,20,برد,20,,4560,66212.13,66176.47
2026-06-15,15:10,07:40AM,بالا,۲,1,20,برد,20,,4580,66114.1,66122.18
2026-06-15,16:10,08:40AM,پایین,۱,1,20,باخت,-20,,4560,66429.39,66476.28
2026-06-15,16:15,08:45AM,پایین,۱،۵،۷,2,40,باخت,-40,,4520,66476.28,66560.99
2026-06-15,16:20,08:50AM,پایین,🏆 ورودِ طلایی،۱،۲،۵،۷,3,80,برد,80,,4600,66560.99,66528.5
2026-06-15,16:25,08:55AM,پایین,۵,1,20,برد,20,,4620,66528.5,66510.43
2026-06-15,16:40,09:10AM,پایین,۱,1,20,باخت,-20,,4600,66580.73,66787.26
2026-06-15,16:45,09:15AM,پایین,۱،۲،۵،۷,2,40,باخت,-40,,4560,66787.26,66866.0
2026-06-15,16:50,09:20AM,پایین,🏆 ورودِ طلایی،۱،۲،۵،۷,3,80,برد,80,,4640,66866.0,66792.67
2026-06-15,16:55,09:25AM,پایین,۵,1,20,برد,20,,4660,66792.67,66787.26
2026-06-15,17:05,09:35AM,بالا,۲,1,20,باخت,-20,,4640,66609.0,66536.19
2026-06-15,17:10,09:40AM,بالا,۵,2,40,برد,40,,4680,66536.19,66563.41
2026-06-15,17:15,09:45AM,بالا,۵,1,20,باخت,-20,,4660,66563.41,66403.01
2026-06-15,17:20,09:50AM,بالا,۵,2,40,باخت,-40,,4620,66403.01,66395.84
2026-06-15,17:25,09:55AM,بالا,۵,3,80,باخت,-80,انفجار,4540,66395.84,66311.23
2026-06-15,17:30,10:00AM,بالا,۲،۵,1,20,برد,20,,4560,66311.23,66331.64
2026-06-15,17:35,10:05AM,بالا,۵,1,20,برد,20,,4580,66331.64,66393.02
2026-06-15,17:45,10:15AM,پایین,۲,1,20,برد,20,,4600,66497.64,66371.77
2026-06-15,18:45,11:15AM,پایین,۱,1,20,برد,20,,4620,66676.14,66616.19
2026-06-15,19:05,11:35AM,پایین,۱,1,20,باخت,-20,,4600,66757.63,66870.68
2026-06-15,19:10,11:40AM,پایین,۱،۵,2,40,باخت,-40,,4560,66870.68,67156.08
2026-06-15,19:15,11:45AM,پایین,🏆 ورودِ طلایی،۱،۲،۵،۷,3,80,باخت,-80,انفجار,4480,67156.08,67207.02
2026-06-15,19:20,11:50AM,پایین,🏆 ورودِ طلایی،۱،۵،۷,1,20,باخت,-20,,4460,67207.02,67253.17
2026-06-15,19:25,11:55AM,پایین,🏆 ورودِ طلایی،۱،۵،۷,2,40,برد,40,,4500,67253.17,67148.03
2026-06-15,19:30,12:00PM,پایین,۵,1,20,باخت,-20,,4480,67148.03,67162.87
2026-06-15,19:35,12:05PM,پایین,۶,2,40,باخت,-40,,4440,67162.87,67225.74
2026-06-15,20:30,01:00PM,بالا,۵,3,80,باخت,-80,انفجار,4360,66825.38,66796.3
2026-06-15,20:35,01:05PM,بالا,۵,1,20,برد,20,,4380,66796.3,66859.98
2026-06-15,20:40,01:10PM,بالا,۵,1,20,برد,20,,4400,66859.98,66882.09
2026-06-15,20:55,01:25PM,بالا,۱,1,20,باخت,-20,,4380,66784.11,66737.34
2026-06-15,21:00,01:30PM,بالا,۱,2,40,برد,40,,4420,66737.34,66850.27
2026-06-15,22:45,03:15PM,بالا,۱،۵،۷,1,20,برد,20,,4440,66388.11,66534.57
2026-06-15,22:50,03:20PM,بالا,۵,1,20,باخت,-20,,4420,66534.57,66493.0
2026-06-15,22:55,03:25PM,بالا,۵,2,40,برد,40,,4460,66493.0,66649.32
2026-06-16,00:00,04:30PM,پایین,۲,1,20,برد,20,,4480,66640.18,66619.04
2026-06-16,01:55,06:25PM,بالا,۵،۷,1,20,برد,20,,4500,66127.85,66214.12
2026-06-16,05:40,10:10PM,بالا,🏆 ورودِ طلایی،۲،۵،۷,1,20,باخت,-20,,4480,66027.48,66022.96
2026-06-16,05:45,10:15PM,بالا,۳،۵،۷,2,40,باخت,-40,,4440,66022.96,66004.76
2026-06-16,05:50,10:20PM,بالا,۳،۵،۷,3,80,باخت,-80,انفجار,4360,66004.76,65746.84
2026-06-16,05:55,10:25PM,بالا,🏆 ورودِ طلایی،۱،۲،۳،۵،۷,1,20,برد,20,,4380,65746.84,65764.0
2026-06-16,06:00,10:30PM,بالا,۵،۷,1,20,برد,20,,4400,65764.0,65842.09
2026-06-16,06:25,10:55PM,بالا,۱،۲,1,20,برد,20,,4420,65692.92,65789.74
2026-06-16,06:55,11:25PM,پایین,۵,1,20,باخت,-20,,4400,65938.39,66002.82
2026-06-16,07:00,11:30PM,پایین,۵,2,40,باخت,-40,,4360,66002.82,66018.69
2026-06-16,07:05,11:35PM,پایین,۵,3,80,باخت,-80,انفجار,4280,66018.69,66078.0
2026-06-16,07:10,11:40PM,پایین,۵,1,20,باخت,-20,,4260,66078.0,66108.99
2026-06-16,07:15,11:45PM,پایین,۳,2,40,برد,40,,4300,66108.99,66066.15
2026-06-16,07:25,11:55PM,پایین,۱،۶,1,20,باخت,-20,,4280,66117.0,66209.39
2026-06-16,07:30,12:00AM,پایین,۱,2,40,برد,40,,4320,66209.39,66148.53
2026-06-16,07:55,12:25AM,بالا,۲,1,20,باخت,-20,,4300,65942.99,65818.66
2026-06-16,08:00,12:30AM,بالا,۲،۳،۵,2,40,برد,40,,4340,65818.66,65832.01
2026-06-16,08:05,12:35AM,بالا,۵,1,20,برد,20,,4360,65832.01,65845.98
2026-06-16,08:40,01:10AM,پایین,۲,1,20,باخت,-20,,4340,65999.3,66034.8
2026-06-16,08:45,01:15AM,پایین,۵,2,40,باخت,-40,,4300,66034.8,66056.07
2026-06-16,09:30,02:00AM,پایین,۱,3,80,باخت,-80,انفجار,4220,66094.14,66140.16
2026-06-16,09:55,02:25AM,پایین,۲،۳،۷,1,20,برد,20,,4240,66312.82,66310.08
2026-06-16,10:05,02:35AM,پایین,۵،۶،۷,1,20,برد,20,,4260,66427.49,66372.02
2026-06-16,12:00,04:30AM,پایین,۳،۷,1,20,برد,20,,4280,66579.01,66485.91
2026-06-16,12:15,04:45AM,پایین,۱,1,20,باخت,-20,,4260,66595.01,66932.86
2026-06-16,12:20,04:50AM,پایین,🏆 ورودِ طلایی،۱،۲،۵،۷,2,40,برد,40,,4300,66932.86,66850.02
2026-06-16,12:25,04:55AM,پایین,۵,1,20,برد,20,,4320,66850.02,66783.01
2026-06-16,12:30,05:00AM,پایین,۵,1,20,برد,20,,4340,66783.01,66736.56
2026-06-16,12:45,05:15AM,بالا,۲،۵,1,20,برد,20,,4360,66589.95,66612.51
2026-06-16,14:25,06:55AM,بالا,۱,1,20,برد,20,,4380,66464.09,66528.16
2026-06-16,14:35,07:05AM,بالا,۱,1,20,برد,20,,4400,66441.19,66463.22
2026-06-16,14:50,07:20AM,بالا,۱,1,20,برد,20,,4420,66404.0,66429.39
2026-06-16,15:45,08:15AM,پایین,۲,1,20,برد,20,,4440,66612.9,66491.74
2026-06-16,16:00,08:30AM,پایین,۱,1,20,برد,20,,4460,66732.0,66575.25
2026-06-16,16:20,08:50AM,بالا,۵,1,20,برد,20,,4480,66377.7,66378.52
2026-06-16,16:35,09:05AM,بالا,۱,1,20,برد,20,,4500,66127.49,66158.0
2026-06-16,16:50,09:20AM,بالا,۱,1,20,باخت,-20,,4480,66121.3,65962.99
2026-06-16,16:55,09:25AM,بالا,۱,2,40,باخت,-40,,4440,65962.99,65933.9
2026-06-16,17:00,09:30AM,بالا,۱,3,80,برد,80,,4520,65933.9,65986.99
2026-06-16,17:45,10:15AM,بالا,۱،۲،۵,1,20,باخت,-20,,4500,65663.01,65614.51
2026-06-16,17:50,10:20AM,بالا,۱،۵,2,40,باخت,-40,,4460,65614.51,65500.49
2026-06-16,17:55,10:25AM,بالا,🏆 ورودِ طلایی،۱،۲،۵،۷,3,80,برد,80,,4540,65500.49,65524.99
2026-06-16,18:00,10:30AM,بالا,۵,1,20,برد,20,,4560,65524.99,65590.7
2026-06-16,21:30,02:00PM,پایین,۲،۵،۷,1,20,برد,20,,4580,66048.11,66037.62
2026-06-16,21:40,02:10PM,پایین,۶،۷,1,20,برد,20,,4600,66083.66,66040.46
2026-06-16,22:30,03:00PM,بالا,۱،۲,1,20,برد,20,,4620,65644.23,65698.99
2026-06-16,22:40,03:10PM,بالا,۱,1,20,باخت,-20,,4600,65612.0,65569.61
2026-06-16,22:45,03:15PM,بالا,۱,2,40,برد,40,,4640,65569.61,65641.87
2026-06-17,00:20,04:50PM,پایین,۶,1,20,برد,20,,4660,65799.82,65789.36
2026-06-17,02:45,07:15PM,بالا,۲,1,20,باخت,-20,,4640,65622.01,65600.47
2026-06-17,03:15,07:45PM,بالا,۱,2,40,برد,40,,4680,65594.2,65613.99
2026-06-17,04:45,09:15PM,بالا,۱,1,20,باخت,-20,,4660,65532.21,65505.38
2026-06-17,04:50,09:20PM,بالا,۱،۵,2,40,برد,40,,4700,65505.38,65521.45
2026-06-17,04:55,09:25PM,بالا,۵,1,20,برد,20,,4720,65521.45,65541.0
2026-06-17,05:00,09:30PM,بالا,۵,1,20,برد,20,,4740,65541.0,65618.83
2026-06-17,05:05,09:35PM,پایین,۲,1,20,باخت,-20,,4720,65618.83,65698.45
2026-06-17,05:10,09:40PM,پایین,۲,2,40,باخت,-40,,4680,65698.45,65828.97
2026-06-17,05:15,09:45PM,پایین,۱،۲،۵,3,80,برد,80,,4760,65828.97,65809.11
2026-06-17,05:20,09:50PM,پایین,۵,1,20,باخت,-20,,4740,65809.11,65879.55
2026-06-17,05:25,09:55PM,پایین,۱،۵،۶,2,40,برد,40,,4780,65879.55,65845.05
2026-06-17,05:50,10:20PM,پایین,۱,1,20,باخت,-20,,4760,66026.37,66043.0
2026-06-17,05:55,10:25PM,پایین,۱،۵,2,40,برد,40,,4800,66043.0,65865.39
2026-06-17,06:10,10:40PM,بالا,۵,1,20,برد,20,,4820,65798.0,65819.75
2026-06-17,06:15,10:45PM,بالا,۵,1,20,باخت,-20,,4800,65819.75,65809.17
2026-06-17,06:50,11:20PM,بالا,۱,2,40,برد,40,,4840,65671.42,65724.63
2026-06-17,08:15,12:45AM,پایین,۲،۷,1,20,برد,20,,4860,65971.98,65886.44
2026-06-17,08:35,01:05AM,بالا,۵,1,20,برد,20,,4880,65747.18,65749.87
2026-06-17,08:45,01:15AM,بالا,۱,1,20,برد,20,,4900,65712.37,65737.21
2026-06-17,09:55,02:25AM,بالا,۱،۵,1,20,برد,20,,4920,65587.4,65659.99
2026-06-17,10:05,02:35AM,بالا,۵,1,20,باخت,-20,,4900,65588.91,65575.98
2026-06-17,10:10,02:40AM,بالا,۱،۵,2,40,برد,40,,4940,65575.98,65608.86
2026-06-17,10:20,02:50AM,بالا,۱,1,20,باخت,-20,,4920,65575.01,65560.58
2026-06-17,10:25,02:55AM,بالا,۱,2,40,باخت,-40,,4880,65560.58,65521.28
2026-06-17,10:30,03:00AM,بالا,۱,3,80,برد,80,,4960,65521.28,65586.0
2026-06-17,10:50,03:20AM,بالا,۱,1,20,برد,20,,4980,65451.43,65495.19
2026-06-17,11:15,03:45AM,بالا,۱,1,20,باخت,-20,,4960,65398.69,65245.98
2026-06-17,11:20,03:50AM,بالا,۱،۵،۷,2,40,برد,40,,5000,65245.98,65478.0
2026-06-17,11:40,04:10AM,بالا,۲,1,20,باخت,-20,,4980,65275.03,65231.35
2026-06-17,11:45,04:15AM,بالا,۱،۵,2,40,برد,40,,5020,65231.35,65272.02
2026-06-17,12:00,04:30AM,بالا,۱,1,20,باخت,-20,,5000,65127.93,64903.04
2026-06-17,12:05,04:35AM,بالا,۱،۲،۵،۷,2,40,باخت,-40,,4960,64903.04,64857.66
2026-06-17,12:10,04:40AM,بالا,🏆 ورودِ طلایی،۱،۵،۷,3,80,باخت,-80,انفجار,4880,64857.66,64831.18
2026-06-17,12:15,04:45AM,بالا,🏆 ورودِ طلایی،۱،۵،۷,1,20,برد,20,,4900,64831.18,64856.49
2026-06-17,12:20,04:50AM,بالا,۵,1,20,برد,20,,4920,64856.49,64861.99
2026-06-17,12:30,05:00AM,پایین,۲,1,20,برد,20,,4940,64949.63,64912.25
2026-06-17,13:30,06:00AM,بالا,۱,1,20,برد,20,,4960,64787.78,64794.96
2026-06-17,14:30,07:00AM,بالا,۲،۷,1,20,باخت,-20,,4940,64663.94,64629.0
2026-06-17,14:35,07:05AM,بالا,۷,2,40,باخت,-40,,4900,64629.0,64544.14
2026-06-17,14:40,07:10AM,بالا,۲،۳،۵،۷,3,80,برد,80,,4980,64544.14,64573.21
2026-06-17,15:10,07:40AM,پایین,۳,1,20,باخت,-20,,4960,64737.87,64782.49
2026-06-17,15:15,07:45AM,پایین,۳,2,40,باخت,-40,,4920,64782.49,64803.23
2026-06-17,15:20,07:50AM,پایین,۳,3,80,برد,80,,5000,64803.23,64751.83
2026-06-17,15:50,08:20AM,بالا,۲,1,20,برد,20,,5020,64633.0,64638.93
2026-06-17,16:10,08:40AM,پایین,۲،۵,1,20,باخت,-20,,5000,64863.76,64963.34
2026-06-17,16:15,08:45AM,پایین,۲،۵,2,40,برد,40,,5040,64963.34,64894.24
2026-06-17,16:25,08:55AM,پایین,۱،۶,1,20,برد,20,,5060,64991.47,64963.52
2026-06-17,16:40,09:10AM,پایین,۱,1,20,برد,20,,5080,65030.15,65002.1
2026-06-17,17:05,09:35AM,پایین,۱،۲,1,20,باخت,-20,,5060,65168.81,65219.0
2026-06-17,17:10,09:40AM,پایین,۱،۵,2,40,باخت,-40,,5020,65219.0,65243.66
2026-06-17,17:15,09:45AM,پایین,۱،۵,3,80,باخت,-80,انفجار,4940,65243.66,65276.22
2026-06-17,17:20,09:50AM,پایین,۱،۳،۵,1,20,برد,20,,4960,65276.22,65221.22
2026-06-17,17:40,10:10AM,پایین,۱,1,20,برد,20,,4980,65296.75,65216.06
2026-06-17,18:05,10:35AM,بالا,۲,1,20,برد,20,,5000,65045.0,65058.32
2026-06-17,18:50,11:20AM,پایین,۱,1,20,برد,20,,5020,65315.97,65272.22
2026-06-17,18:55,11:25AM,پایین,۵,1,20,باخت,-20,,5000,65272.22,65332.65
2026-06-17,19:00,11:30AM,پایین,۱,2,40,باخت,-40,,4960,65332.65,65432.87
2026-06-17,19:05,11:35AM,پایین,۱،۵,3,80,باخت,-80,انفجار,4880,65432.87,65442.54
2026-06-17,19:10,11:40AM,پایین,۱,1,20,باخت,-20,,4860,65442.54,65655.39
2026-06-17,19:15,11:45AM,پایین,۱،۲،۵,2,40,برد,40,,4900,65655.39,65629.76
2026-06-17,19:20,11:50AM,پایین,۵,1,20,باخت,-20,,4880,65629.76,65702.84
2026-06-17,19:25,11:55AM,پایین,۱،۵،۶,2,40,باخت,-40,,4840,65702.84,65781.97
2026-06-17,19:30,12:00PM,پایین,۱،۵,3,80,برد,80,,4920,65781.97,65766.59
2026-06-17,19:40,12:10PM,پایین,۱،۶,1,20,باخت,-20,,4900,65795.01,65881.36
2026-06-17,19:45,12:15PM,پایین,۱,2,40,باخت,-40,,4860,65881.36,65894.7
2026-06-17,19:50,12:20PM,پایین,۱,3,80,باخت,-80,انفجار,4780,65894.7,66222.95
2026-06-17,19:55,12:25PM,پایین,🏆 ورودِ طلایی،۱،۲،۵،۷,1,20,برد,20,,4800,66222.95,65948.89
2026-06-17,20:15,12:45PM,بالا,۵,1,20,باخت,-20,,4780,65881.81,65878.75
2026-06-17,21:10,01:40PM,بالا,۲,2,40,باخت,-40,,4740,65803.01,65800.79
2026-06-17,21:30,02:00PM,بالا,۱،۵,3,80,برد,80,,4820,65183.0,65437.05
2026-06-17,21:35,02:05PM,بالا,۵,1,20,باخت,-20,,4800,65437.05,65253.93
2026-06-17,21:40,02:10PM,بالا,۵,2,40,برد,40,,4840,65253.93,65408.39
2026-06-17,21:45,02:15PM,بالا,۵,1,20,باخت,-20,,4820,65408.39,65328.83
2026-06-17,22:10,02:40PM,پایین,۵,2,40,برد,40,,4860,65975.02,65885.01
2026-06-17,22:15,02:45PM,پایین,۵,1,20,برد,20,,4880,65885.01,65851.94
2026-06-17,22:20,02:50PM,پایین,۵,1,20,برد,20,,4900,65851.94,65467.79
2026-06-17,22:25,02:55PM,بالا,۲,1,20,باخت,-20,,4880,65467.79,65406.62
2026-06-17,22:30,03:00PM,بالا,۵,2,40,باخت,-40,,4840,65406.62,65154.18
2026-06-17,22:35,03:05PM,بالا,🏆 ورودِ طلایی،۱،۲،۵,3,80,برد,80,,4920,65154.18,65314.0
2026-06-17,22:40,03:10PM,بالا,۵,1,20,باخت,-20,,4900,65314.0,64722.08
2026-06-17,22:45,03:15PM,بالا,۱،۵,2,40,باخت,-40,,4860,64722.08,64577.89
2026-06-17,22:50,03:20PM,بالا,۱،۵,3,80,باخت,-80,انفجار,4780,64577.89,64424.09
2026-06-17,22:55,03:25PM,بالا,🏆 ورودِ طلایی،۱،۲،۵,1,20,باخت,-20,,4760,64424.09,64376.04
2026-06-17,23:00,03:30PM,بالا,۱،۵,2,40,باخت,-40,,4720,64376.04,64228.98
2026-06-17,23:05,03:35PM,بالا,۱،۲،۵،۷,3,80,باخت,-80,انفجار,4640,64228.98,64141.84
2026-06-17,23:10,03:40PM,بالا,۱،۳،۵,1,20,باخت,-20,,4620,64141.84,64116.46
2026-06-17,23:15,03:45PM,بالا,۱،۳,2,40,باخت,-40,,4580,64116.46,64115.31
2026-06-17,23:20,03:50PM,بالا,۱،۳,3,80,برد,80,,4660,64115.31,64248.57
2026-06-18,03:40,08:10PM,پایین,۳,1,20,باخت,-20,,4640,64577.34,64626.98
2026-06-18,03:45,08:15PM,پایین,۳،۷,2,40,برد,40,,4680,64626.98,64576.3
2026-06-18,06:30,11:00PM,بالا,۲,1,20,باخت,-20,,4660,64519.12,64496.65
2026-06-18,06:40,11:10PM,بالا,۳,2,40,باخت,-40,,4620,64461.08,64436.06
2026-06-18,06:45,11:15PM,بالا,۳,3,80,باخت,-80,انفجار,4540,64436.06,64317.01
2026-06-18,06:50,11:20PM,بالا,۲،۳،۷,1,20,باخت,-20,,4520,64317.01,64242.21
2026-06-18,06:55,11:25PM,بالا,۳،۷,2,40,برد,40,,4560,64242.21,64260.61
2026-06-18,07:00,11:30PM,بالا,۷,1,20,باخت,-20,,4540,64260.61,64252.69
2026-06-18,07:40,12:10AM,بالا,۲،۵،۷,2,40,باخت,-40,,4500,63873.12,63831.83
2026-06-18,07:45,12:15AM,بالا,۵،۷,3,80,برد,80,,4580,63831.83,63917.04
2026-06-18,10:10,02:40AM,پایین,۱,1,20,باخت,-20,,4560,64028.78,64045.92
2026-06-18,10:15,02:45AM,پایین,۱،۳,2,40,برد,40,,4600,64045.92,64013.53
2026-06-18,10:45,03:15AM,پایین,۱,1,20,باخت,-20,,4580,64112.25,64175.94
2026-06-18,10:50,03:20AM,پایین,۱,2,40,باخت,-40,,4540,64175.94,64238.84
2026-06-18,10:55,03:25AM,پایین,۱،۵،۷,3,80,برد,80,,4620,64238.84,64228.67
2026-06-18,11:00,03:30AM,پایین,۵,1,20,باخت,-20,,4600,64228.67,64383.68
2026-06-18,11:05,03:35AM,پایین,۱،۵،۶،۷,2,40,برد,40,,4640,64383.68,64367.68
2026-06-18,11:10,03:40AM,پایین,۵،۷,1,20,باخت,-20,,4620,64367.68,64419.5
2026-06-18,11:15,03:45AM,پایین,۷,2,40,برد,40,,4660,64419.5,64396.02
2026-06-18,11:35,04:05AM,پایین,۱,1,20,برد,20,,4680,64553.1,64472.88
2026-06-18,12:35,05:05AM,بالا,۳,1,20,برد,20,,4700,64317.35,64325.54
2026-06-18,12:55,05:25AM,بالا,۱,1,20,برد,20,,4720,64191.8,64253.32
2026-06-18,13:30,06:00AM,بالا,۳,1,20,باخت,-20,,4700,64132.01,63998.78
2026-06-18,13:35,06:05AM,بالا,۲،۳،۵،۷,2,40,باخت,-40,,4660,63998.78,63955.13
2026-06-18,13:40,06:10AM,بالا,۳،۵،۷,3,80,باخت,-80,انفجار,4580,63955.13,63911.51
2026-06-18,13:45,06:15AM,بالا,۳،۵،۷,1,20,باخت,-20,,4560,63911.51,63860.86
2026-06-18,13:50,06:20AM,بالا,۳،۵،۷,2,40,برد,40,,4600,63860.86,63911.58
2026-06-18,14:50,07:20AM,بالا,۵,1,20,برد,20,,4620,63871.32,64005.73
2026-06-18,15:15,07:45AM,بالا,۱،۲,1,20,برد,20,,4640,63825.99,63896.97
2026-06-18,15:55,08:25AM,پایین,۱,1,20,باخت,-20,,4620,64125.19,64136.24
2026-06-18,16:00,08:30AM,پایین,۱,2,40,برد,40,,4660,64136.24,64113.48
2026-06-18,16:10,08:40AM,پایین,۱،۶,1,20,باخت,-20,,4640,64192.81,64277.48
2026-06-18,16:15,08:45AM,پایین,۱،۷,2,40,برد,40,,4680,64277.48,64272.73
2026-06-18,16:25,08:55AM,پایین,۶,1,20,برد,20,,4700,64311.01,64259.88
2026-06-18,17:00,09:30AM,بالا,۵,1,20,باخت,-20,,4680,64069.44,63966.08
2026-06-18,17:05,09:35AM,بالا,۵,2,40,باخت,-40,,4640,63966.08,63823.9
2026-06-18,17:10,09:40AM,بالا,🏆 ورودِ طلایی،۱،۲،۵،۷,3,80,برد,80,,4720,63823.9,64036.7
2026-06-18,17:15,09:45AM,بالا,۵,1,20,باخت,-20,,4700,64036.7,64026.58
2026-06-18,17:40,10:10AM,بالا,۱،۲،۵,2,40,برد,40,,4740,63701.08,63877.41
2026-06-18,18:20,10:50AM,بالا,۱,1,20,برد,20,,4760,63545.16,63745.62
2026-06-18,18:35,11:05AM,بالا,۵,1,20,باخت,-20,,4740,63593.4,63491.17
2026-06-18,18:40,11:10AM,بالا,۱،۲,2,40,باخت,-40,,4700,63491.17,63331.18
2026-06-18,18:45,11:15AM,بالا,۱،۲،۵,3,80,باخت,-80,انفجار,4620,63331.18,63281.28
2026-06-18,18:50,11:20AM,بالا,۱،۵,1,20,باخت,-20,,4600,63281.28,63145.36
2026-06-18,18:55,11:25AM,بالا,۱،۲،۳،۵,2,40,برد,40,,4640,63145.36,63212.98
2026-06-18,19:05,11:35AM,بالا,۱،۵,1,20,باخت,-20,,4620,62863.33,62715.65
2026-06-18,19:10,11:40AM,بالا,🏆 ورودِ طلایی،۱،۵،۷,2,40,باخت,-40,,4580,62715.65,62702.74
2026-06-18,19:15,11:45AM,بالا,۱،۵،۷,3,80,باخت,-80,انفجار,4500,62702.74,62473.04
2026-06-18,19:20,11:50AM,بالا,🏆 ورودِ طلایی،۱،۲،۵،۷,1,20,باخت,-20,,4480,62473.04,62286.91
2026-06-18,19:25,11:55AM,بالا,🏆 ورودِ طلایی،۱،۲،۵،۷,2,40,برد,40,,4520,62286.91,62472.01
2026-06-18,20:50,01:20PM,بالا,۱,1,20,برد,20,,4540,62285.76,62497.83
2026-06-18,21:00,01:30PM,پایین,۱,1,20,برد,20,,4560,62656.21,62470.05
2026-06-18,21:45,02:15PM,پایین,۱,1,20,باخت,-20,,4540,62782.99,62837.99
2026-06-18,21:50,02:20PM,پایین,۱,2,40,برد,40,,4580,62837.99,62768.18
2026-06-18,23:10,03:40PM,پایین,۳,1,20,برد,20,,4600,62891.33,62834.98
2026-06-18,23:20,03:50PM,پایین,۶,1,20,برد,20,,4620,62927.71,62866.23
2026-06-19,03:10,07:40PM,پایین,۳,1,20,باخت,-20,,4600,62847.3,62852.28
2026-06-19,03:15,07:45PM,پایین,۳,2,40,باخت,-40,,4560,62852.28,62882.42
2026-06-19,03:20,07:50PM,پایین,۳,3,80,باخت,-80,انفجار,4480,62882.42,62889.92
2026-06-19,03:25,07:55PM,پایین,۳,1,20,باخت,-20,,4460,62889.92,62900.11
2026-06-19,03:30,08:00PM,پایین,۳,2,40,برد,40,,4500,62900.11,62823.55
2026-06-19,05:30,10:00PM,پایین,۳,1,20,برد,20,,4520,63023.57,62979.01
2026-06-19,06:40,11:10PM,بالا,۱،۲،۵,1,20,باخت,-20,,4500,62675.01,62455.0
2026-06-19,06:45,11:15PM,بالا,🏆 ورودِ طلایی،۱،۲،۵،۷,2,40,برد,40,,4540,62455.0,62780.12
2026-06-19,07:05,11:35PM,بالا,۲,1,20,برد,20,,4560,62567.01,62628.01
2026-06-19,08:00,12:30AM,بالا,۲،۵,1,20,باخت,-20,,4540,62504.68,62490.48
2026-06-19,08:05,12:35AM,بالا,۵,2,40,برد,40,,4580,62490.48,62542.0
2026-06-19,08:20,12:50AM,بالا,۱,1,20,باخت,-20,,4560,62444.5,62384.26
2026-06-19,08:25,12:55AM,بالا,۱,2,40,برد,40,,4600,62384.26,62533.17
2026-06-19,09:30,02:00AM,پایین,۱،۲،۳,1,20,برد,20,,4620,62772.26,62757.29
2026-06-19,09:40,02:10AM,پایین,۶,1,20,برد,20,,4640,62784.36,62732.99
2026-06-19,11:05,03:35AM,بالا,۲,1,20,برد,20,,4660,62471.52,62483.35
2026-06-19,13:35,06:05AM,پایین,۲,1,20,باخت,-20,,4640,62490.72,62492.0
2026-06-19,15:05,07:35AM,پایین,۶,2,40,باخت,-40,,4600,62587.87,62606.0
2026-06-19,16:15,08:45AM,بالا,۱,3,80,برد,80,,4680,62319.01,62687.01
2026-06-19,16:20,08:50AM,پایین,۱،۵,1,20,باخت,-20,,4660,62687.01,62775.7
2026-06-19,16:25,08:55AM,پایین,۱،۵,2,40,باخت,-40,,4620,62775.7,62819.34
2026-06-19,16:30,09:00AM,پایین,۱،۵,3,80,برد,80,,4700,62819.34,62810.0
2026-06-19,16:35,09:05AM,پایین,۵,1,20,برد,20,,4720,62810.0,62729.4
2026-06-19,16:45,09:15AM,بالا,۲,1,20,برد,20,,4740,62632.43,62682.02
2026-06-19,17:05,09:35AM,پایین,۱،۲،۵,1,20,باخت,-20,,4720,62895.99,63042.83
2026-06-19,17:10,09:40AM,پایین,🏆 ورودِ طلایی،۱،۲،۵,2,40,باخت,-40,,4680,63042.83,63234.01
2026-06-19,17:15,09:45AM,پایین,🏆 ورودِ طلایی،۱،۲،۳،۵،۷,3,80,برد,80,,4760,63234.01,63164.36
2026-06-19,17:20,09:50AM,پایین,۵,1,20,برد,20,,4780,63164.36,63160.68
2026-06-19,17:25,09:55AM,پایین,۵,1,20,باخت,-20,,4760,63160.68,63167.7
2026-06-19,18:05,10:35AM,پایین,۱،۵،۶,2,40,برد,40,,4800,63259.55,63256.76
2026-06-19,18:30,11:00AM,بالا,۲,1,20,برد,20,,4820,63056.52,63107.93
2026-06-19,18:50,11:20AM,بالا,۱,1,20,برد,20,,4840,62977.26,63001.69
2026-06-19,19:40,12:10PM,پایین,۱,1,20,برد,20,,4860,63329.99,63215.68
2026-06-19,20:20,12:50PM,بالا,۲,1,20,باخت,-20,,4840,62993.16,62906.01
2026-06-19,20:25,12:55PM,بالا,۱،۵,2,40,باخت,-40,,4800,62906.01,62857.97
2026-06-19,20:30,01:00PM,بالا,۱،۵,3,80,برد,80,,4880,62857.97,62923.23
2026-06-20,00:25,04:55PM,پایین,۷,1,20,برد,20,,4900,63193.97,63109.99
2026-06-20,01:10,05:40PM,بالا,۳,1,20,برد,20,,4920,63036.44,63062.45
2026-06-20,01:45,06:15PM,پایین,۲,1,20,باخت,-20,,4900,63128.44,63225.52
2026-06-20,01:50,06:20PM,پایین,۲،۳,2,40,برد,40,,4940,63225.52,63213.99
2026-06-20,03:00,07:30PM,پایین,۶,1,20,برد,20,,4960,63296.81,63273.45
2026-06-20,03:25,07:55PM,پایین,۵،۷,1,20,برد,20,,4980,63487.34,63455.16
2026-06-20,03:30,08:00PM,پایین,۵,1,20,برد,20,,5000,63455.16,63451.58
2026-06-20,03:35,08:05PM,پایین,۵,1,20,باخت,-20,,4980,63451.58,63467.99
2026-06-20,03:55,08:25PM,پایین,۷,2,40,باخت,-40,,4940,63561.01,63723.1
2026-06-20,04:00,08:30PM,پایین,۱،۲،۵،۷,3,80,برد,80,,5020,63723.1,63526.0
2026-06-20,04:20,08:50PM,بالا,۵,1,20,باخت,-20,,5000,63553.09,63473.5
2026-06-20,05:45,10:15PM,بالا,۲،۵,2,40,باخت,-40,,4960,63358.24,63349.28
2026-06-20,05:50,10:20PM,بالا,۳,3,80,برد,80,,5040,63349.28,63357.6
2026-06-20,06:50,11:20PM,پایین,۲,1,20,برد,20,,5060,63396.82,63393.55
2026-06-20,07:55,12:25AM,پایین,۲،۵,1,20,برد,20,,5080,63498.79,63457.23
2026-06-20,08:40,01:10AM,پایین,🏆 ورودِ طلایی،۱،۵،۷,1,20,برد,20,,5100,63749.03,63686.66
2026-06-20,08:45,01:15AM,پایین,۵,1,20,برد,20,,5120,63686.66,63659.86
2026-06-20,08:55,01:25AM,بالا,۲,1,20,برد,20,,5140,63574.61,63597.02
2026-06-20,09:00,01:30AM,بالا,۵,1,20,برد,20,,5160,63597.02,63629.13
2026-06-20,10:55,03:25AM,پایین,۵,1,20,برد,20,,5180,63727.11,63674.16
2026-06-20,11:35,04:05AM,بالا,۲،۵,1,20,باخت,-20,,5160,63494.62,63481.61
2026-06-20,11:40,04:10AM,بالا,۳،۷,2,40,برد,40,,5200,63481.61,63496.8
2026-06-20,11:55,04:25AM,بالا,۷,1,20,برد,20,,5220,63417.01,63419.55
2026-06-20,12:50,05:20AM,پایین,۲،۳,1,20,برد,20,,5240,63519.3,63503.32
2026-06-20,13:00,05:30AM,پایین,۶,1,20,باخت,-20,,5220,63556.47,63585.25
2026-06-20,13:10,05:40AM,پایین,۱،۲،۷,2,40,برد,40,,5260,63642.17,63598.15
2026-06-20,13:20,05:50AM,پایین,۱،۶,1,20,برد,20,,5280,63677.85,63677.6
2026-06-20,16:00,08:30AM,بالا,۲,1,20,باخت,-20,,5260,63621.14,63535.75
2026-06-20,16:05,08:35AM,بالا,۱،۲،۳،۵,2,40,برد,40,,5300,63535.75,63567.83
2026-06-20,16:15,08:45AM,بالا,۱،۵,1,20,باخت,-20,,5280,63533.88,63524.44
2026-06-20,16:20,08:50AM,بالا,۱,2,40,برد,40,,5320,63524.44,63598.08
2026-06-20,16:45,09:15AM,بالا,۱,1,20,باخت,-20,,5300,63487.48,63269.59
2026-06-20,16:50,09:20AM,بالا,🏆 ورودِ طلایی،۱،۲،۵،۷,2,40,برد,40,,5340,63269.59,63270.07
2026-06-20,16:55,09:25AM,بالا,۵،۷,1,20,برد,20,,5360,63270.07,63304.72
2026-06-20,17:00,09:30AM,بالا,۵,1,20,برد,20,,5380,63304.72,63392.38
2026-06-20,17:05,09:35AM,پایین,۲,1,20,برد,20,,5400,63392.38,63386.6
2026-06-20,17:15,09:45AM,پایین,۵,1,20,برد,20,,5420,63432.72,63332.28
2026-06-20,17:35,10:05AM,بالا,۱،۵,1,20,باخت,-20,,5400,63182.01,63155.01
2026-06-20,17:40,10:10AM,بالا,۱،۵,2,40,برد,40,,5440,63155.01,63253.78
2026-06-20,17:55,10:25AM,پایین,۵,1,20,باخت,-20,,5420,63315.07,63352.59
2026-06-20,18:00,10:30AM,پایین,۵,2,40,برد,40,,5460,63352.59,63346.74
2026-06-20,18:10,10:40AM,پایین,۵,1,20,باخت,-20,,5440,63447.99,63881.65
2026-06-20,18:15,10:45AM,پایین,🏆 ورودِ طلایی،۱،۵،۷,2,40,برد,40,,5480,63881.65,63842.28
2026-06-20,18:20,10:50AM,پایین,۵،۷,1,20,باخت,-20,,5460,63842.28,63891.73
2026-06-20,18:25,10:55AM,پایین,🏆 ورودِ طلایی،۱،۵،۶،۷,2,40,باخت,-40,,5420,63891.73,63967.94
2026-06-20,18:30,11:00AM,پایین,🏆 ورودِ طلایی،۱،۵،۷,3,80,برد,80,,5500,63967.94,63829.7
2026-06-20,18:40,11:10AM,پایین,۶,1,20,باخت,-20,,5480,63937.81,64166.42
2026-06-20,18:45,11:15AM,پایین,🏆 ورودِ طلایی،۱،۵،۷,2,40,برد,40,,5520,64166.42,64160.09
2026-06-20,18:50,11:20AM,پایین,۵,1,20,برد,20,,5540,64160.09,64127.22
2026-06-20,18:55,11:25AM,پایین,۵,1,20,برد,20,,5560,64127.22,64080.58
2026-06-20,20:35,01:05PM,بالا,۲,1,20,برد,20,,5580,63826.22,63891.99
2026-06-20,21:05,01:35PM,بالا,۱,1,20,برد,20,,5600,63752.01,63800.57
2026-06-21,00:40,05:10PM,پایین,۶,1,20,برد,20,,5620,63925.89,63889.7
2026-06-21,01:10,05:40PM,پایین,۲,1,20,باخت,-20,,5600,63960.99,63975.43
2026-06-21,01:40,06:10PM,پایین,۲،۷,2,40,برد,40,,5640,64058.02,64025.89
2026-06-21,01:50,06:20PM,پایین,۵،۶،۷,1,20,باخت,-20,,5620,64144.02,64230.88
2026-06-21,01:55,06:25PM,پایین,۵،۷,2,40,باخت,-40,,5580,64230.88,64238.61
2026-06-21,02:00,06:30PM,پایین,۵،۷,3,80,برد,80,,5660,64238.61,64191.23
2026-06-21,02:10,06:40PM,پایین,۶,1,20,باخت,-20,,5640,64194.73,64211.96
2026-06-21,03:05,07:35PM,پایین,۱,2,40,باخت,-40,,5600,64241.53,64262.98
2026-06-21,03:10,07:40PM,پایین,۱,3,80,برد,80,,5680,64262.98,64222.5
2026-06-21,04:55,09:25PM,بالا,۳,1,20,باخت,-20,,5660,64175.76,64157.92
2026-06-21,05:00,09:30PM,بالا,۳,2,40,باخت,-40,,5620,64157.92,64150.19
2026-06-21,05:05,09:35PM,بالا,۳,3,80,برد,80,,5700,64150.19,64172.02
2026-06-21,06:50,11:20PM,پایین,🏆 ورودِ طلایی،۱،۲،۵،۷,1,20,برد,20,,5720,64347.01,64283.77
2026-06-21,06:55,11:25PM,پایین,۵,1,20,برد,20,,5740,64283.77,64280.63
2026-06-21,07:05,11:35PM,پایین,۱،۵,1,20,باخت,-20,,5720,64352.16,64373.25
2026-06-21,07:10,11:40PM,پایین,۱,2,40,برد,40,,5760,64373.25,64372.0
2026-06-21,07:15,11:45PM,پایین,۵,1,20,برد,20,,5780,64372.0,64335.02
2026-06-21,07:50,12:20AM,پایین,۱،۵,1,20,باخت,-20,,5760,64421.87,64452.23
2026-06-21,07:55,12:25AM,پایین,۱،۲،۵,2,40,باخت,-40,,5720,64452.23,64466.68
2026-06-21,08:00,12:30AM,پایین,۱،۵,3,80,برد,80,,5800,64466.68,64450.0
2026-06-21,08:05,12:35AM,پایین,۵,1,20,برد,20,,5820,64450.0,64428.39
2026-06-21,08:15,12:45AM,بالا,۲,1,20,باخت,-20,,5800,64388.89,64259.32
2026-06-21,08:20,12:50AM,بالا,۲،۵,2,40,باخت,-40,,5760,64259.32,64205.0
2026-06-21,08:25,12:55AM,بالا,🏆 ورودِ طلایی،۱،۲،۵,3,80,باخت,-80,انفجار,5680,64205.0,64199.99
2026-06-21,08:30,01:00AM,بالا,🏆 ورودِ طلایی،۱،۳،۵,1,20,باخت,-20,,5660,64199.99,64193.57
2026-06-21,08:35,01:05AM,بالا,🏆 ورودِ طلایی،۱،۳،۵,2,40,باخت,-40,,5620,64193.57,64160.46
2026-06-21,08:40,01:10AM,بالا,۱،۲،۳،۵,3,80,برد,80,,5700,64160.46,64168.99
2026-06-21,09:05,01:35AM,پایین,۲،۵,1,20,برد,20,,5720,64287.99,64230.03
2026-06-21,09:25,01:55AM,بالا,۵,1,20,باخت,-20,,5700,64178.96,64158.56
2026-06-21,09:30,02:00AM,بالا,۱,2,40,باخت,-40,,5660,64158.56,64134.0
2026-06-21,09:55,02:25AM,پایین,۲,3,80,برد,80,,5740,64218.2,64190.58
2026-06-21,10:55,03:25AM,بالا,۵,1,20,برد,20,,5760,64099.48,64151.79
2026-06-21,11:35,04:05AM,بالا,۱،۵،۷,1,20,برد,20,,5780,64042.02,64055.99
2026-06-21,11:45,04:15AM,بالا,۱،۵,1,20,باخت,-20,,5760,64015.07,63989.08
2026-06-21,11:50,04:20AM,بالا,🏆 ورودِ طلایی،۱،۵،۷,2,40,باخت,-40,,5720,63989.08,63972.46
2026-06-21,11:55,04:25AM,بالا,۱،۷,3,80,باخت,-80,انفجار,5640,63972.46,63882.46
2026-06-21,12:00,04:30AM,بالا,🏆 ورودِ طلایی،۱،۲،۵،۷,1,20,باخت,-20,,5620,63882.46,63878.99
2026-06-21,12:05,04:35AM,بالا,🏆 ورودِ طلایی،۱،۵،۷,2,40,برد,40,,5660,63878.99,63905.55
2026-06-21,12:10,04:40AM,بالا,۵,1,20,باخت,-20,,5640,63905.55,63864.25
2026-06-21,12:15,04:45AM,بالا,۱،۵,2,40,برد,40,,5680,63864.25,63880.52
2026-06-21,12:55,05:25AM,پایین,۲,1,20,باخت,-20,,5660,63973.81,64029.99
2026-06-21,13:00,05:30AM,پایین,۲،۵,2,40,باخت,-40,,5620,64029.99,64144.58
2026-06-21,13:05,05:35AM,پایین,🏆 ورودِ طلایی،۱،۲،۵،۷,3,80,برد,80,,5700,64144.58,64060.67
2026-06-21,13:10,05:40AM,پایین,۵,1,20,برد,20,,5720,64060.67,64044.69
2026-06-21,13:35,06:05AM,پایین,۱،۲،۵,1,20,باخت,-20,,5700,64187.28,64202.01
2026-06-21,13:40,06:10AM,پایین,۱,2,40,برد,40,,5740,64202.01,64195.95
2026-06-21,13:50,06:20AM,پایین,۱،۵،۶,1,20,برد,20,,5760,64276.32,64229.03
2026-06-21,14:15,06:45AM,پایین,۱،۶,1,20,برد,20,,5780,64316.0,64293.17
2026-06-21,14:30,07:00AM,پایین,۱,1,20,باخت,-20,,5760,64320.37,64342.07
2026-06-21,14:35,07:05AM,پایین,۱,2,40,برد,40,,5800,64342.07,64341.38
2026-06-21,14:45,07:15AM,بالا,۵,1,20,برد,20,,5820,64122.01,64234.98
2026-06-21,15:00,07:30AM,بالا,۵,1,20,باخت,-20,,5800,64198.0,64183.3
2026-06-21,15:20,07:50AM,بالا,۱,2,40,برد,40,,5840,64068.77,64084.01
2026-06-21,15:40,08:10AM,بالا,۱,1,20,باخت,-20,,5820,63993.57,63956.43
2026-06-21,15:45,08:15AM,بالا,۱,2,40,باخت,-40,,5780,63956.43,63941.25
2026-06-21,15:50,08:20AM,بالا,۱،۵,3,80,باخت,-80,انفجار,5700,63941.25,63934.31
2026-06-21,15:55,08:25AM,بالا,۱،۵,1,20,برد,20,,5720,63934.31,63942.46
2026-06-21,16:05,08:35AM,بالا,۱,1,20,برد,20,,5740,63910.26,63974.3
2026-06-21,16:20,08:50AM,پایین,۲،۵,1,20,باخت,-20,,5720,64080.0,64121.99
2026-06-21,16:25,08:55AM,پایین,۵,2,40,برد,40,,5760,64121.99,64042.68
2026-06-21,17:00,09:30AM,بالا,۲,1,20,باخت,-20,,5740,63974.89,63956.61
2026-06-21,18:30,11:00AM,پایین,۲,2,40,باخت,-40,,5700,64135.26,64164.01
2026-06-21,18:35,11:05AM,پایین,۵,3,80,برد,80,,5780,64164.01,64120.61
2026-06-21,20:00,12:30PM,بالا,۱,1,20,باخت,-20,,5760,63973.32,63963.51
2026-06-21,20:05,12:35PM,بالا,۱,2,40,برد,40,,5800,63963.51,64024.46
2026-06-21,21:30,02:00PM,بالا,۱،۲,1,20,برد,20,,5820,63907.27,63914.04
2026-06-21,22:00,02:30PM,پایین,۲،۳,1,20,باخت,-20,,5800,64068.24,64122.36
2026-06-21,22:05,02:35PM,پایین,۳،۵,2,40,برد,40,,5840,64122.36,64105.91
2026-06-21,22:25,02:55PM,پایین,۱,1,20,برد,20,,5860,64132.33,64105.93
2026-06-21,22:40,03:10PM,پایین,۱,1,20,برد,20,,5880,64149.02,64141.73
2026-06-21,22:50,03:20PM,پایین,۱,1,20,برد,20,,5900,64152.03,64149.0
2026-06-22,00:10,04:40PM,بالا,۷,1,20,باخت,-20,,5880,63894.4,63660.14
2026-06-22,00:15,04:45PM,بالا,🏆 ورودِ طلایی،۱،۲،۵،۷,2,40,برد,40,,5920,63660.14,63769.32
2026-06-22,00:20,04:50PM,بالا,۵,1,20,برد,20,,5940,63769.32,63769.91
2026-06-22,00:35,05:05PM,بالا,۱،۵،۷,1,20,برد,20,,5960,63473.0,63546.1
2026-06-22,00:40,05:10PM,بالا,۵,1,20,باخت,-20,,5940,63546.1,63517.0
2026-06-22,00:45,05:15PM,بالا,۵,2,40,برد,40,,5980,63517.0,63628.27
2026-06-22,01:05,05:35PM,پایین,۵,1,20,برد,20,,6000,63869.11,63812.3
2026-06-22,01:10,05:40PM,پایین,۵,1,20,باخت,-20,,5980,63812.3,63825.08
2026-06-22,01:15,05:45PM,پایین,۵,2,40,برد,40,,6020,63825.08,63747.0
2026-06-22,01:35,06:05PM,بالا,۲،۵,1,20,برد,20,,6040,63509.92,63554.34
2026-06-22,01:40,06:10PM,بالا,۵,1,20,برد,20,,6060,63554.34,63621.43
2026-06-22,02:20,06:50PM,پایین,۲،۵,1,20,برد,20,,6080,63730.98,63720.01
2026-06-22,03:00,07:30PM,بالا,۱،۵,1,20,باخت,-20,,6060,63320.7,63313.56
2026-06-22,03:05,07:35PM,بالا,۱،۵,2,40,باخت,-40,,6020,63313.56,63245.85
2026-06-22,03:10,07:40PM,بالا,🏆 ورودِ طلایی،۱،۲،۵,3,80,برد,80,,6100,63245.85,63277.0
2026-06-22,03:15,07:45PM,بالا,۵,1,20,باخت,-20,,6080,63277.0,63218.91
2026-06-22,03:20,07:50PM,بالا,۱,2,40,برد,40,,6120,63218.91,63237.18
2026-06-22,03:35,08:05PM,پایین,۲،۵,1,20,برد,20,,6140,63478.73,63442.36
2026-06-22,03:40,08:10PM,پایین,۵,1,20,باخت,-20,,6120,63442.36,63563.0
2026-06-22,03:45,08:15PM,پایین,۵,2,40,باخت,-40,,6080,63563.0,63570.83
2026-06-22,03:50,08:20PM,پایین,۵,3,80,باخت,-80,انفجار,6000,63570.83,63650.7
2026-06-22,03:55,08:25PM,پایین,۲,1,20,برد,20,,6020,63650.7,63648.83
2026-06-22,04:00,08:30PM,پایین,۵,1,20,باخت,-20,,6000,63648.83,63885.0
2026-06-22,04:05,08:35PM,پایین,🏆 ورودِ طلایی،۱،۵،۶،۷,2,40,برد,40,,6040,63885.0,63837.9
2026-06-22,04:10,08:40PM,پایین,۵,1,20,برد,20,,6060,63837.9,63777.01
2026-06-22,04:45,09:15PM,پایین,۱,1,20,باخت,-20,,6040,64000.3,64252.77
2026-06-22,04:50,09:20PM,پایین,🏆 ورودِ طلایی،۱،۲،۵،۷,2,40,باخت,-40,,6000,64252.77,64573.62
2026-06-22,04:55,09:25PM,پایین,🏆 ورودِ طلایی،۱،۲،۵،۷,3,80,برد,80,,6080,64573.62,64379.75
2026-06-22,05:00,09:30PM,پایین,۵,1,20,باخت,-20,,6060,64379.75,64439.41
2026-06-22,05:05,09:35PM,پایین,۵،۶,2,40,برد,40,,6100,64439.41,64436.26
2026-06-22,05:20,09:50PM,پایین,۱,1,20,برد,20,,6120,64578.19,64534.19
2026-06-22,06:20,10:50PM,بالا,۲,1,20,باخت,-20,,6100,64217.92,64165.99
2026-06-22,06:25,10:55PM,بالا,۵,2,40,باخت,-40,,6060,64165.99,64067.93
2026-06-22,06:30,11:00PM,بالا,۱،۲،۵,3,80,باخت,-80,انفجار,5980,64067.93,63995.17
2026-06-22,06:35,11:05PM,بالا,۳،۵،۷,1,20,باخت,-20,,5960,63995.17,63967.3
2026-06-22,06:40,11:10PM,بالا,۳،۷,2,40,برد,40,,6000,63967.3,64232.99
2026-06-22,08:35,01:05AM,پایین,۶,1,20,باخت,-20,,5980,64154.68,64218.14
2026-06-22,10:05,02:35AM,بالا,۳,2,40,باخت,-40,,5940,63985.01,63932.94
2026-06-22,10:10,02:40AM,بالا,۳,3,80,باخت,-80,انفجار,5860,63932.94,63913.49
2026-06-22,10:15,02:45AM,بالا,۳,1,20,برد,20,,5880,63913.49,63921.0
2026-06-22,11:05,03:35AM,پایین,۳,1,20,برد,20,,5900,64233.38,64174.53
2026-06-22,13:05,05:35AM,بالا,۱,1,20,برد,20,,5920,63980.81,64049.02
2026-06-22,13:35,06:05AM,پایین,۳,1,20,برد,20,,5940,64190.98,64141.38
2026-06-22,15:00,07:30AM,پایین,۱،۲،۵،۷,1,20,باخت,-20,,5920,64533.19,64570.01
2026-06-22,15:05,07:35AM,پایین,🏆 ورودِ طلایی،۱،۵،۷,2,40,برد,40,,5960,64570.01,64552.0
2026-06-22,15:10,07:40AM,پایین,۵،۷,1,20,باخت,-20,,5940,64552.0,64696.49
2026-06-22,15:15,07:45AM,پایین,🏆 ورودِ طلایی،۱،۵،۶،۷,2,40,برد,40,,5980,64696.49,64595.98
2026-06-22,15:30,08:00AM,پایین,۱,1,20,برد,20,,6000,64697.04,64649.99
2026-06-22,15:50,08:20AM,پایین,۱,1,20,برد,20,,6020,64874.62,64870.01
2026-06-22,15:55,08:25AM,پایین,۵,1,20,باخت,-20,,6000,64870.01,64874.38
2026-06-22,16:05,08:35AM,پایین,۱،۵,2,40,برد,40,,6040,65030.7,64992.31
2026-06-22,16:15,08:45AM,پایین,۱،۵،۶,1,20,برد,20,,6060,65103.59,65038.01
2026-06-22,17:05,09:35AM,پایین,۱،۵,1,20,باخت,-20,,6040,65221.0,65336.01
2026-06-22,17:10,09:40AM,پایین,۱،۲،۵,2,40,باخت,-40,,6000,65336.01,65421.83
2026-06-22,17:15,09:45AM,پایین,🏆 ورودِ طلایی،۱،۲،۵,3,80,باخت,-80,انفجار,5920,65421.83,65457.85
2026-06-22,17:20,09:50AM,پایین,۱،۵,1,20,باخت,-20,,5900,65457.85,65501.32
2026-06-22,17:25,09:55AM,پایین,۱،۳،۵،۷,2,40,برد,40,,5940,65501.32,65351.47
2026-06-22,17:40,10:10AM,بالا,۵,1,20,باخت,-20,,5920,65220.67,65089.97
2026-06-22,17:45,10:15AM,بالا,۲،۵,2,40,باخت,-40,,5880,65089.97,64970.1
2026-06-22,17:50,10:20AM,بالا,۲،۵,3,80,باخت,-80,انفجار,5800,64970.1,64899.86
2026-06-22,17:55,10:25AM,بالا,۱،۳،۵,1,20,برد,20,,5820,64899.86,64965.09
2026-06-22,18:00,10:30AM,بالا,۵,1,20,باخت,-20,,5800,64965.09,64870.34
2026-06-22,18:05,10:35AM,بالا,۱,2,40,باخت,-40,,5760,64870.34,64847.0
2026-06-22,18:10,10:40AM,بالا,۱,3,80,برد,80,,5840,64847.0,64949.01
2026-06-22,18:20,10:50AM,بالا,۱,1,20,برد,20,,5860,64842.63,64909.52
2026-06-22,19:15,11:45AM,بالا,۱,1,20,باخت,-20,,5840,64834.62,64770.62
2026-06-22,19:20,11:50AM,بالا,۱,2,40,باخت,-40,,5800,64770.62,64765.18
2026-06-22,19:25,11:55AM,بالا,۱,3,80,باخت,-80,انفجار,5720,64765.18,64670.01
2026-06-22,19:30,12:00PM,بالا,۱،۵,1,20,باخت,-20,,5700,64670.01,64597.66
2026-06-22,19:35,12:05PM,بالا,۱,2,40,برد,40,,5740,64597.66,64665.21
2026-06-22,21:00,01:30PM,بالا,۳،۷,1,20,برد,20,,5760,64381.47,64398.45
2026-06-22,21:10,01:40PM,بالا,۷,1,20,برد,20,,5780,64336.5,64425.75
2026-06-22,22:20,02:50PM,بالا,۳,1,20,باخت,-20,,5760,64354.36,64264.26
2026-06-22,22:25,02:55PM,بالا,۳،۷,2,40,برد,40,,5800,64264.26,64284.99
2026-06-22,23:30,04:00PM,پایین,۲,1,20,برد,20,,5820,64562.44,64468.53
2026-06-23,01:05,05:35PM,بالا,۷,1,20,برد,20,,5840,64118.62,64119.16
2026-06-23,01:10,05:40PM,بالا,۷,1,20,برد,20,,5860,64119.16,64172.99
2026-06-23,01:55,06:25PM,بالا,۱،۲،۵،۷,1,20,برد,20,,5880,63951.6,64057.99
2026-06-23,02:05,06:35PM,بالا,۱،۵,1,20,باخت,-20,,5860,63829.58,63772.42
2026-06-23,02:10,06:40PM,بالا,۱،۵,2,40,برد,40,,5900,63772.42,63862.0
2026-06-23,04:10,08:40PM,پایین,۱،۵,1,20,برد,20,,5920,64034.31,64027.4
2026-06-23,04:15,08:45PM,پایین,۵,1,20,برد,20,,5940,64027.4,64025.2
2026-06-23,04:25,08:55PM,پایین,۱,1,20,باخت,-20,,5920,64074.53,64124.25
2026-06-23,05:15,09:45PM,بالا,۲،۵,2,40,برد,40,,5960,63876.18,64038.18
2026-06-23,06:20,10:50PM,پایین,۱,1,20,برد,20,,5980,64163.77,64126.92
2026-06-23,07:45,12:15AM,بالا,۲,1,20,باخت,-20,,5960,63886.98,63885.97
2026-06-23,08:00,12:30AM,بالا,۱,2,40,باخت,-40,,5920,63799.77,63770.02
2026-06-23,08:05,12:35AM,بالا,۱,3,80,باخت,-80,انفجار,5840,63770.02,63731.63
2026-06-23,08:10,12:40AM,بالا,۷,1,20,برد,20,,5860,63731.63,63748.17
2026-06-23,08:20,12:50AM,بالا,۷,1,20,باخت,-20,,5840,63615.91,63544.45
2026-06-23,08:25,12:55AM,بالا,۵،۷,2,40,برد,40,,5880,63544.45,63627.73
2026-06-23,08:50,01:20AM,بالا,۲،۵،۷,1,20,برد,20,,5900,63389.18,63402.11
2026-06-23,09:35,02:05AM,بالا,۱،۷,1,20,برد,20,,5920,63098.42,63118.65
2026-06-23,09:45,02:15AM,بالا,🏆 ورودِ طلایی،۱،۵،۷,1,20,باخت,-20,,5900,62956.51,62577.35
2026-06-23,09:50,02:20AM,بالا,🏆 ورودِ طلایی،۱،۵،۷,2,40,برد,40,,5940,62577.35,62693.89
2026-06-23,09:55,02:25AM,بالا,۵،۷,1,20,برد,20,,5960,62693.89,62822.43
2026-06-23,10:00,02:30AM,بالا,۵,1,20,برد,20,,5980,62822.43,62828.01
2026-06-23,10:10,02:40AM,پایین,۵,1,20,برد,20,,6000,62873.34,62849.87
2026-06-23,11:40,04:10AM,بالا,۵،۷,1,20,باخت,-20,,5980,62577.01,62330.48
2026-06-23,11:45,04:15AM,بالا,🏆 ورودِ طلایی،۱،۵،۷,2,40,باخت,-40,,5940,62330.48,62170.64
2026-06-23,11:50,04:20AM,بالا,🏆 ورودِ طلایی،۱،۲،۵،۷,3,80,باخت,-80,انفجار,5860,62170.64,61989.01
2026-06-23,11:55,04:25AM,بالا,🏆 ورودِ طلایی،۱،۲،۵،۷,1,20,برد,20,,5880,61989.01,62271.98
2026-06-23,12:00,04:30AM,بالا,۵,1,20,برد,20,,5900,62271.98,62283.01
2026-06-23,12:15,04:45AM,پایین,۵,1,20,باخت,-20,,5880,62249.04,62383.34
2026-06-23,13:30,06:00AM,پایین,۱,2,40,برد,40,,5920,62476.88,62369.02
2026-06-23,14:50,07:20AM,پایین,۲،۳،۵،۷,1,20,برد,20,,5940,62486.06,62463.79
2026-06-23,15:00,07:30AM,پایین,۶,1,20,باخت,-20,,5920,62474.8,62552.64
2026-06-23,15:05,07:35AM,پایین,۵،۷,2,40,برد,40,,5960,62552.64,62501.48
2026-06-23,16:35,09:05AM,بالا,۷,1,20,برد,20,,5980,62050.04,62107.5
2026-06-23,17:10,09:40AM,پایین,۲،۵,1,20,برد,20,,6000,62322.81,62300.01
2026-06-23,17:15,09:45AM,پایین,۵,1,20,باخت,-20,,5980,62300.01,62347.62
2026-06-23,17:30,10:00AM,پایین,۲,2,40,باخت,-40,,5940,62484.41,62511.88
2026-06-23,17:40,10:10AM,پایین,۱،۲،۵،۷,3,80,باخت,-80,انفجار,5860,62668.27,62741.0
2026-06-23,17:45,10:15AM,پایین,۱،۳،۵،۷,1,20,برد,20,,5880,62741.0,62512.89
2026-06-23,18:35,11:05AM,بالا,۲,1,20,برد,20,,5900,62279.41,62301.59
2026-06-23,18:45,11:15AM,بالا,۱,1,20,برد,20,,5920,62171.84,62181.31
2026-06-23,19:00,11:30AM,پایین,۲,1,20,برد,20,,5940,62355.58,62280.45
2026-06-23,19:15,11:45AM,بالا,۱,1,20,برد,20,,5960,62156.25,62278.03
2026-06-23,19:35,12:05PM,پایین,🏆 ورودِ طلایی،۱،۵،۶,1,20,باخت,-20,,5940,62623.97,62706.02
2026-06-23,19:40,12:10PM,پایین,۱،۵,2,40,برد,40,,5980,62706.02,62596.32
2026-06-23,21:25,01:55PM,بالا,۳,1,20,برد,20,,6000,62280.17,62309.23
2026-06-23,22:10,02:40PM,بالا,۲،۷,1,20,برد,20,,6020,62063.77,62085.57
2026-06-23,22:30,03:00PM,پایین,۲,1,20,برد,20,,6040,62286.44,62259.09
2026-06-23,23:35,04:05PM,پایین,۱,1,20,برد,20,,6060,62420.74,62362.33
2026-06-24,03:35,08:05PM,پایین,۲،۷,1,20,باخت,-20,,6040,62786.99,62813.34
2026-06-24,03:40,08:10PM,پایین,۷,2,40,باخت,-40,,6000,62813.34,62823.85
2026-06-24,03:45,08:15PM,پایین,۷,3,80,برد,80,,6080,62823.85,62761.58
2026-06-24,04:05,08:35PM,پایین,۱،۲،۷,1,20,برد,20,,6100,62945.99,62874.34
2026-06-24,04:45,09:15PM,بالا,۵,1,20,برد,20,,6120,62718.9,62815.09
2026-06-24,05:00,09:30PM,پایین,۱،۲,1,20,برد,20,,6140,62993.37,62960.59
2026-06-24,05:05,09:35PM,پایین,۵,1,20,برد,20,,6160,62960.59,62860.36
2026-06-24,05:45,10:15PM,بالا,۱,1,20,باخت,-20,,6140,62713.71,62612.52
2026-06-24,05:50,10:20PM,بالا,۱،۲,2,40,برد,40,,6180,62612.52,62680.05
2026-06-24,06:05,10:35PM,بالا,۱,1,20,برد,20,,6200,62579.99,62648.75
2026-06-24,06:20,10:50PM,بالا,۱,1,20,برد,20,,6220,62521.34,62546.79
2026-06-24,06:40,11:10PM,بالا,۱,1,20,باخت,-20,,6200,62507.06,62377.24
2026-06-24,06:45,11:15PM,بالا,۱,2,40,برد,40,,6240,62377.24,62479.69
2026-06-24,07:05,11:35PM,پایین,۲،۵,1,20,برد,20,,6260,62738.63,62715.24
2026-06-24,07:10,11:40PM,پایین,۵,1,20,برد,20,,6280,62715.24,62698.72
2026-06-24,07:30,12:00AM,بالا,۲,1,20,برد,20,,6300,62564.64,62570.98
2026-06-24,09:05,01:35AM,پایین,۲،۷,1,20,برد,20,,6320,62882.25,62848.0
2026-06-24,13:45,06:15AM,بالا,۷,1,20,برد,20,,6340,62452.6,62479.83
2026-06-24,14:30,07:00AM,بالا,۵،۷,1,20,باخت,-20,,6320,62339.63,62232.32
2026-06-24,14:35,07:05AM,بالا,۲،۵،۷,2,40,برد,40,,6360,62232.32,62301.62
2026-06-24,15:05,07:35AM,پایین,۵,1,20,باخت,-20,,6340,62540.99,62667.52
2026-06-24,15:10,07:40AM,پایین,🏆 ورودِ طلایی،۱،۲،۵,2,40,باخت,-40,,6300,62667.52,63010.08
2026-06-24,15:15,07:45AM,پایین,🏆 ورودِ طلایی،۱،۲،۵،۷,3,80,برد,80,,6380,63010.08,62847.77
2026-06-24,15:20,07:50AM,پایین,۵,1,20,برد,20,,6400,62847.77,62821.9
2026-06-24,15:25,07:55AM,پایین,۵,1,20,باخت,-20,,6380,62821.9,62857.79
2026-06-24,15:30,08:00AM,پایین,۵,2,40,برد,40,,6420,62857.79,62824.31
2026-06-24,15:35,08:05AM,بالا,۵,1,20,باخت,-20,,6400,62824.31,62755.46
2026-06-24,16:20,08:50AM,بالا,۲،۵,2,40,باخت,-40,,6360,62578.52,62530.99
2026-06-24,16:25,08:55AM,بالا,۵,3,80,باخت,-80,انفجار,6280,62530.99,62319.7
2026-06-24,16:30,09:00AM,بالا,۲،۵,1,20,باخت,-20,,6260,62319.7,62136.62
2026-06-24,16:35,09:05AM,بالا,🏆 ورودِ طلایی،۱،۲،۳،۵،۷,2,40,باخت,-40,,6220,62136.62,61953.42
2026-06-24,16:40,09:10AM,بالا,🏆 ورودِ طلایی،۱،۲،۳،۵،۷,3,80,برد,80,,6300,61953.42,62113.45
2026-06-24,16:45,09:15AM,بالا,۵,1,20,باخت,-20,,6280,62113.45,61765.02
2026-06-24,16:50,09:20AM,بالا,🏆 ورودِ طلایی،۱،۵،۷,2,40,برد,40,,6320,61765.02,61770.05
2026-06-24,16:55,09:25AM,بالا,۵،۷,1,20,برد,20,,6340,61770.05,61950.71
2026-06-24,17:05,09:35AM,بالا,۱،۵,1,20,باخت,-20,,6320,61764.66,61415.57
2026-06-24,17:10,09:40AM,بالا,۱،۵,2,40,باخت,-40,,6280,61415.57,61380.66
2026-06-24,17:15,09:45AM,بالا,۱،۵,3,80,برد,80,,6360,61380.66,61396.86
2026-06-24,17:20,09:50AM,بالا,۵,1,20,باخت,-20,,6340,61396.86,61239.9
2026-06-24,17:25,09:55AM,بالا,۱،۵,2,40,باخت,-40,,6300,61239.9,61187.02
2026-06-24,17:30,10:00AM,بالا,۱،۵,3,80,برد,80,,6380,61187.02,61270.31
2026-06-24,17:40,10:10AM,بالا,۱،۵,1,20,باخت,-20,,6360,61138.92,60917.99
2026-06-24,17:45,10:15AM,بالا,۱،۵,2,40,برد,40,,6400,60917.99,61156.03
2026-06-24,18:20,10:50AM,بالا,۱،۵,1,20,برد,20,,6420,60905.77,61016.64
2026-06-24,18:30,11:00AM,بالا,۱،۵,1,20,باخت,-20,,6400,60843.18,60817.96
2026-06-24,18:35,11:05AM,بالا,۱,2,40,باخت,-40,,6360,60817.96,60799.93
2026-06-24,18:40,11:10AM,بالا,۱,3,80,برد,80,,6440,60799.93,60880.79
2026-06-24,18:55,11:25AM,بالا,۱,1,20,باخت,-20,,6420,60775.82,60673.36
2026-06-24,19:00,11:30AM,بالا,۱،۲,2,40,باخت,-40,,6380,60673.36,60580.36
2026-06-24,19:05,11:35AM,بالا,۱،۲،۵,3,80,باخت,-80,انفجار,6300,60580.36,60481.86
2026-06-24,19:10,11:40AM,بالا,۱،۲،۵،۷,1,20,باخت,-20,,6280,60481.86,60346.41
2026-06-24,19:15,11:45AM,بالا,🏆 ورودِ طلایی،۱،۲،۳،۵،۷,2,40,باخت,-40,,6240,60346.41,60292.27
2026-06-24,19:20,11:50AM,بالا,۱،۳،۵،۷,3,80,باخت,-80,انفجار,6160,60292.27,60186.01
2026-06-24,19:25,11:55AM,بالا,۱،۲،۳،۵،۷,1,20,برد,20,,6180,60186.01,60195.0
2026-06-24,19:30,12:00PM,بالا,۵,1,20,برد,20,,6200,60195.0,60312.32
2026-06-24,19:40,12:10PM,پایین,۲,1,20,برد,20,,6220,60440.01,60437.01
2026-06-24,19:50,12:20PM,پایین,۵,1,20,برد,20,,6240,60513.86,60465.2
2026-06-24,20:05,12:35PM,بالا,۲,1,20,باخت,-20,,6220,60220.1,60176.01
2026-06-24,20:10,12:40PM,بالا,۵,2,40,باخت,-40,,6180,60176.01,59999.37
2026-06-24,20:15,12:45PM,بالا,۲،۵,3,80,باخت,-80,انفجار,6100,59999.37,59819.67
2026-06-24,20:20,12:50PM,بالا,🏆 ورودِ طلایی،۱،۲،۳،۵،۷,1,20,باخت,-20,,6080,59819.67,59764.17
2026-06-24,20:25,12:55PM,بالا,۳،۵،۷,2,40,برد,40,,6120,59764.17,59889.21
2026-06-24,20:40,01:10PM,بالا,۱,1,20,باخت,-20,,6100,59747.99,59520.69
2026-06-24,20:45,01:15PM,بالا,۱،۲،۷,2,40,باخت,-40,,6060,59520.69,59436.88
2026-06-24,20:50,01:20PM,بالا,۱،۵،۷,3,80,برد,80,,6140,59436.88,59597.25
2026-06-24,21:05,01:35PM,بالا,۱,1,20,باخت,-20,,6120,59388.69,59250.68
2026-06-24,21:10,01:40PM,بالا,۱,2,40,برد,40,,6160,59250.68,59310.88
2026-06-24,21:45,02:15PM,پایین,۲,1,20,باخت,-20,,6140,59653.64,59753.08
2026-06-24,23:30,04:00PM,پایین,۲،۵،۷,2,40,باخت,-40,,6100,60151.72,60605.01
2026-06-24,23:35,04:05PM,پایین,🏆 ورودِ طلایی،۱،۲،۵،۷,3,80,برد,80,,6180,60605.01,60598.94
2026-06-24,23:40,04:10PM,پایین,۵،۷,1,20,باخت,-20,,6160,60598.94,60647.83
2026-06-24,23:45,04:15PM,پایین,🏆 ورودِ طلایی،۱،۵،۶،۷,2,40,برد,40,,6200,60647.83,60566.15
2026-06-24,23:55,04:25PM,پایین,۱,1,20,برد,20,,6220,60681.02,60608.4
2026-06-25,00:05,04:35PM,پایین,۱,1,20,باخت,-20,,6200,60761.81,60806.05
2026-06-25,00:10,04:40PM,پایین,۱,2,40,باخت,-40,,6160,60806.05,61082.01
2026-06-25,00:15,04:45PM,پایین,۱،۲,3,80,برد,80,,6240,61082.01,60909.01
2026-06-25,00:30,05:00PM,بالا,۲,1,20,برد,20,,6260,60674.24,60689.46
2026-06-25,01:05,05:35PM,پایین,۲,1,20,باخت,-20,,6240,60967.71,61001.91
2026-06-25,08:15,12:45AM,پایین,۲,2,40,باخت,-40,,6200,60972.71,61108.98
2026-06-25,08:20,12:50AM,پایین,🏆 ورودِ طلایی،۲،۵،۷,3,80,باخت,-80,انفجار,6120,61108.98,61264.21
2026-06-25,08:25,12:55AM,پایین,🏆 ورودِ طلایی،۲،۵،۷,1,20,باخت,-20,,6100,61264.21,61419.55
2026-06-25,08:30,01:00AM,پایین,🏆 ورودِ طلایی،۱،۲،۳،۵،۷,2,40,باخت,-40,,6060,61419.55,61571.92
2026-06-25,08:35,01:05AM,پایین,🏆 ورودِ طلایی،۱،۲،۳،۵،۷,3,80,برد,80,,6140,61571.92,61541.01
2026-06-25,08:40,01:10AM,پایین,۵،۷,1,20,برد,20,,6160,61541.01,61515.99
2026-06-25,08:45,01:15AM,پایین,۵,1,20,باخت,-20,,6140,61515.99,61589.53
2026-06-25,08:50,01:20AM,پایین,۱,2,40,برد,40,,6180,61589.53,61512.67
2026-06-25,08:55,01:25AM,پایین,۶,1,20,باخت,-20,,6160,61512.67,61541.74
2026-06-25,09:40,02:10AM,پایین,۱,2,40,باخت,-40,,6120,61626.29,61634.09
2026-06-25,09:45,02:15AM,پایین,۱,3,80,برد,80,,6200,61634.09,61563.95
2026-06-25,10:10,02:40AM,پایین,۱,1,20,باخت,-20,,6180,61661.79,61664.49
2026-06-25,10:20,02:50AM,پایین,۳,2,40,برد,40,,6220,61674.6,61625.22
2026-06-25,10:45,03:15AM,پایین,۶,1,20,برد,20,,6240,61745.86,61742.63
2026-06-25,13:50,06:20AM,بالا,۷,1,20,برد,20,,6260,61488.41,61495.6
2026-06-25,14:00,06:30AM,بالا,۷,1,20,باخت,-20,,6240,61455.6,61433.44
2026-06-25,14:05,06:35AM,بالا,۷,2,40,باخت,-40,,6200,61433.44,61298.15
2026-06-25,14:10,06:40AM,بالا,۲،۵،۷,3,80,باخت,-80,انفجار,6120,61298.15,61238.68
2026-06-25,14:15,06:45AM,بالا,۵،۷,1,20,برد,20,,6140,61238.68,61251.53
2026-06-25,14:20,06:50AM,بالا,۵،۷,1,20,باخت,-20,,6120,61251.53,61176.68
2026-06-25,14:25,06:55AM,بالا,۵،۷,2,40,باخت,-40,,6080,61176.68,61114.2
2026-06-25,14:30,07:00AM,بالا,۵،۷,3,80,باخت,-80,انفجار,6000,61114.2,60973.04
2026-06-25,14:35,07:05AM,بالا,۱،۲،۵،۷,1,20,برد,20,,6020,60973.04,61274.05
2026-06-25,16:00,08:30AM,پایین,۱,1,20,باخت,-20,,6000,61282.6,61323.69
2026-06-25,16:05,08:35AM,پایین,۱،۵,2,40,برد,40,,6040,61323.69,61282.19
2026-06-25,16:15,08:45AM,پایین,۵,1,20,برد,20,,6060,61261.2,61208.34
2026-06-25,17:00,09:30AM,بالا,۱،۲،۵,1,20,باخت,-20,,6040,60916.46,60589.06
2026-06-25,17:05,09:35AM,بالا,🏆 ورودِ طلایی،۱،۲،۵،۷,2,40,باخت,-40,,6000,60589.06,59974.46
2026-06-25,17:10,09:40AM,بالا,🏆 ورودِ طلایی،۱،۲،۵،۷,3,80,باخت,-80,انفجار,5920,59974.46,59428.23
2026-06-25,17:15,09:45AM,بالا,🏆 ورودِ طلایی،۱،۲،۳،۵،۷,1,20,باخت,-20,,5900,59428.23,58703.3
2026-06-25,17:20,09:50AM,بالا,🏆 ورودِ طلایی،۱،۲،۳،۵،۷,2,40,باخت,-40,,5860,58703.3,58213.89
2026-06-25,17:25,09:55AM,بالا,🏆 ورودِ طلایی،۱،۲،۳،۵،۷,3,80,برد,80,,5940,58213.89,58818.1
2026-06-25,17:30,10:00AM,بالا,۵,1,20,برد,20,,5960,58818.1,59381.09
2026-06-25,17:40,10:10AM,پایین,۵,1,20,برد,20,,5980,59160.8,59120.03
2026-06-25,17:45,10:15AM,پایین,۵,1,20,باخت,-20,,5960,59120.03,59201.34
2026-06-25,17:50,10:20AM,پایین,۵,2,40,باخت,-40,,5920,59201.34,59227.7
2026-06-25,18:00,10:30AM,پایین,۲،۵,3,80,برد,80,,6000,59962.74,59660.84
2026-06-25,18:05,10:35AM,پایین,۵,1,20,برد,20,,6020,59660.84,59382.0
2026-06-25,18:20,10:50AM,بالا,۵,1,20,باخت,-20,,6000,59606.02,59374.17
2026-06-25,18:25,10:55AM,بالا,۵,2,40,باخت,-40,,5960,59374.17,59236.9
2026-06-25,18:40,11:10AM,بالا,۲،۵,3,80,برد,80,,6040,58961.15,59217.43
2026-06-25,19:25,11:55AM,پایین,۲،۵,1,20,باخت,-20,,6020,59462.23,59466.02
2026-06-25,19:30,12:00PM,پایین,۵,2,40,باخت,-40,,5980,59466.02,59859.8
2026-06-25,19:35,12:05PM,پایین,۲،۵,3,80,برد,80,,6060,59859.8,59667.0
2026-06-25,19:40,12:10PM,پایین,۵,1,20,باخت,-20,,6040,59667.0,59741.14
2026-06-25,19:45,12:15PM,پایین,۵,2,40,برد,40,,6080,59741.14,59667.46
2026-06-25,20:00,12:30PM,بالا,۲،۵,1,20,باخت,-20,,6060,59288.59,59241.16
2026-06-25,20:05,12:35PM,بالا,۵,2,40,باخت,-40,,6020,59241.16,59159.43
2026-06-25,20:10,12:40PM,بالا,۵,3,80,برد,80,,6100,59159.43,59252.99
2026-06-25,20:15,12:45PM,بالا,۵,1,20,باخت,-20,,6080,59252.99,59195.22
2026-06-25,21:05,01:35PM,پایین,۶,2,40,برد,40,,6120,59577.33,59448.22
2026-06-25,21:40,02:10PM,بالا,۲,1,20,برد,20,,6140,59299.09,59578.51
2026-06-25,22:50,03:20PM,بالا,۳,1,20,برد,20,,6160,59141.37,59257.01
2026-06-25,23:30,04:00PM,پایین,۵,1,20,برد,20,,6180,59632.0,59549.22
2026-06-26,01:00,05:30PM,پایین,۲،۷,1,20,برد,20,,6200,59841.18,59813.31
2026-06-26,01:10,05:40PM,پایین,۶,1,20,برد,20,,6220,59856.36,59812.91
2026-06-26,01:25,05:55PM,پایین,۷,1,20,برد,20,,6240,60123.4,60039.99
2026-06-26,01:55,06:25PM,بالا,۳,1,20,برد,20,,6260,59699.82,59708.2
2026-06-26,04:55,09:25PM,بالا,۲،۷,1,20,باخت,-20,,6240,59212.98,59194.71
2026-06-26,05:00,09:30PM,بالا,۵،۷,2,40,برد,40,,6280,59194.71,59231.8
2026-06-26,05:40,10:10PM,بالا,🏆 ورودِ طلایی،۱،۲،۵،۷,1,20,باخت,-20,,6260,58581.95,58561.41
2026-06-26,05:45,10:15PM,بالا,🏆 ورودِ طلایی،۱،۵،۷,2,40,باخت,-40,,6220,58561.41,58374.0
2026-06-26,05:50,10:20PM,بالا,🏆 ورودِ طلایی،۱،۲،۵،۷,3,80,برد,80,,6300,58374.0,58801.87
2026-06-26,05:55,10:25PM,بالا,۵,1,20,برد,20,,6320,58801.87,58857.89
2026-06-26,06:10,10:40PM,پایین,۵,1,20,برد,20,,6340,58727.64,58522.0
2026-06-26,06:15,10:45PM,بالا,۲,1,20,باخت,-20,,6320,58522.0,58436.4
2026-06-26,06:20,10:50PM,بالا,۵,2,40,برد,40,,6360,58436.4,58469.23
2026-06-26,06:40,11:10PM,پایین,۲،۵,1,20,برد,20,,6380,58814.61,58812.51
2026-06-26,06:45,11:15PM,پایین,۵,1,20,برد,20,,6400,58812.51,58724.67
2026-06-26,06:55,11:25PM,پایین,۵,1,20,باخت,-20,,6380,59005.06,59107.01
2026-06-26,07:05,11:35PM,پایین,🏆 ورودِ طلایی،۱،۲،۵,2,40,باخت,-40,,6340,59367.68,59409.94
2026-06-26,07:10,11:40PM,پایین,۱،۵,3,80,باخت,-80,انفجار,6260,59409.94,59628.36
2026-06-26,07:15,11:45PM,پایین,🏆 ورودِ طلایی،۱،۲،۵،۷,1,20,باخت,-20,,6240,59628.36,59705.57
2026-06-26,07:20,11:50PM,پایین,🏆 ورودِ طلایی،۱،۳،۵،۷,2,40,باخت,-40,,6200,59705.57,59952.98
2026-06-26,07:25,11:55PM,پایین,🏆 ورودِ طلایی،۱،۲،۳،۵،۷,3,80,برد,80,,6280,59952.98,59794.02
2026-06-26,07:30,12:00AM,پایین,۵,1,20,باخت,-20,,6260,59794.02,59833.05
2026-06-26,07:35,12:05AM,پایین,۶,2,40,برد,40,,6300,59833.05,59822.48
2026-06-26,07:45,12:15AM,پایین,۱,1,20,برد,20,,6320,59984.26,59895.39
2026-06-26,10:05,02:35AM,پایین,۱،۵،۶,1,20,باخت,-20,,6300,60127.59,60305.74
2026-06-26,10:10,02:40AM,پایین,۱،۵,2,40,برد,40,,6340,60305.74,60245.84
2026-06-26,10:55,03:25AM,پایین,۶,1,20,برد,20,,6360,60518.11,60499.88
2026-06-26,13:15,05:45AM,بالا,۲،۷,1,20,باخت,-20,,6340,59720.41,59713.12
2026-06-26,13:20,05:50AM,بالا,۷,2,40,باخت,-40,,6300,59713.12,59649.94
2026-06-26,13:25,05:55AM,بالا,۳،۷,3,80,باخت,-80,انفجار,6220,59649.94,59613.24
2026-06-26,13:30,06:00AM,بالا,۳،۷,1,20,برد,20,,6240,59613.24,59674.64
2026-06-26,14:05,06:35AM,بالا,۷,1,20,برد,20,,6260,59404.69,59456.61
2026-06-26,14:20,06:50AM,بالا,۵,1,20,باخت,-20,,6240,59272.33,59214.25
2026-06-26,15:50,08:20AM,پایین,۳,2,40,باخت,-40,,6200,59525.37,59628.07
2026-06-26,15:55,08:25AM,پایین,۳,3,80,باخت,-80,انفجار,6120,59628.07,59780.31
2026-06-26,16:00,08:30AM,پایین,۲،۳،۵،۷,1,20,برد,20,,6140,59780.31,59211.7
2026-06-26,16:05,08:35AM,بالا,۱,1,20,باخت,-20,,6120,59211.7,59062.71
2026-06-26,16:10,08:40AM,بالا,۱،۵,2,40,برد,40,,6160,59062.71,59137.46
2026-06-26,16:15,08:45AM,بالا,۵,1,20,برد,20,,6180,59137.46,59202.01
2026-06-26,16:20,08:50AM,بالا,۵,1,20,باخت,-20,,6160,59202.01,59085.74
2026-06-26,16:35,09:05AM,بالا,۱،۲,2,40,برد,40,,6200,58909.16,59000.5
2026-06-26,16:45,09:15AM,بالا,۱،۵,1,20,برد,20,,6220,58667.85,58775.75
2026-06-26,17:05,09:35AM,پایین,۲،۵,1,20,باخت,-20,,6200,59142.28,59400.67
2026-06-26,17:10,09:40AM,پایین,۲،۵,2,40,برد,40,,6240,59400.67,59383.11
2026-06-26,17:15,09:45AM,پایین,۵,1,20,باخت,-20,,6220,59383.11,59697.89
2026-06-26,17:20,09:50AM,پایین,۵،۶,2,40,باخت,-40,,6180,59697.89,60079.41
2026-06-26,17:25,09:55AM,پایین,🏆 ورودِ طلایی،۱،۵،۷,3,80,برد,80,,6260,60079.41,59907.63
2026-06-26,17:30,10:00AM,پایین,۵,1,20,باخت,-20,,6240,59907.63,59939.28
2026-06-26,17:35,10:05AM,پایین,۵،۶,2,40,برد,40,,6280,59939.28,59895.11
2026-06-26,17:45,10:15AM,بالا,۵,1,20,برد,20,,6300,59728.56,59965.34
2026-06-26,18:10,10:40AM,بالا,۵,1,20,برد,20,,6320,59501.74,59706.95
2026-06-26,18:35,11:05AM,پایین,۲,1,20,برد,20,,6340,59949.75,59754.22
2026-06-26,18:50,11:20AM,پایین,۱،۵,1,20,برد,20,,6360,60112.99,60088.05
2026-06-26,19:05,11:35AM,پایین,۱،۵,1,20,برد,20,,6380,60351.69,60339.45
2026-06-26,19:10,11:40AM,پایین,۶,1,20,برد,20,,6400,60339.45,60263.41
2026-06-26,19:50,12:20PM,بالا,۵,1,20,برد,20,,6420,59928.37,59948.88
2026-06-26,21:55,02:25PM,بالا,۲,1,20,برد,20,,6440,59730.01,59749.87
2026-06-26,22:15,02:45PM,بالا,۷,1,20,باخت,-20,,6420,59599.98,59529.54
2026-06-26,22:20,02:50PM,بالا,۷,2,40,برد,40,,6460,59529.54,59574.21
2026-06-26,22:35,03:05PM,پایین,۲,1,20,برد,20,,6480,59972.16,59910.49
2026-06-27,01:10,05:40PM,پایین,۷,1,20,برد,20,,6500,59937.0,59843.99
2026-06-27,02:25,06:55PM,پایین,۳,1,20,باخت,-20,,6480,59960.38,59991.7
2026-06-27,02:30,07:00PM,پایین,۳,2,40,برد,40,,6520,59991.7,59979.91
2026-06-27,02:40,07:10PM,پایین,۶,1,20,برد,20,,6540,59990.96,59906.02
2026-06-27,05:40,10:10PM,پایین,۲,1,20,باخت,-20,,6520,60013.81,60053.97
2026-06-27,05:45,10:15PM,پایین,۵،۷,2,40,باخت,-40,,6480,60053.97,60196.02
2026-06-27,05:50,10:20PM,پایین,🏆 ورودِ طلایی،۲،۵،۷,3,80,باخت,-80,انفجار,6400,60196.02,60207.93
2026-06-27,05:55,10:25PM,پایین,۳،۵،۷,1,20,باخت,-20,,6380,60207.93,60222.01
2026-06-27,06:00,10:30PM,پایین,۳،۵،۷,2,40,برد,40,,6420,60222.01,60201.08
2026-06-27,06:35,11:05PM,بالا,۲,1,20,باخت,-20,,6400,60118.95,60084.28
2026-06-27,06:40,11:10PM,بالا,۵,2,40,برد,40,,6440,60084.28,60175.4
2026-06-27,07:00,11:30PM,پایین,۵,1,20,برد,20,,6460,60249.04,60224.11
2026-06-27,07:35,12:05AM,پایین,۱،۲,1,20,باخت,-20,,6440,60316.79,60323.24
2026-06-27,07:40,12:10AM,پایین,۱,2,40,باخت,-40,,6400,60323.24,60336.58
2026-06-27,07:45,12:15AM,پایین,۱,3,80,باخت,-80,انفجار,6320,60336.58,60360.71
2026-06-27,07:50,12:20AM,پایین,۱،۳,1,20,برد,20,,6340,60360.71,60300.35
2026-06-27,08:25,12:55AM,بالا,۲,1,20,باخت,-20,,6320,60143.89,60127.11
2026-06-27,08:55,01:25AM,بالا,۱,2,40,برد,40,,6360,60075.1,60125.99
2026-06-27,10:00,02:30AM,پایین,۱،۵,1,20,باخت,-20,,6340,60219.01,60307.48
2026-06-27,10:05,02:35AM,پایین,۱،۵,2,40,باخت,-40,,6300,60307.48,60318.67
2026-06-27,10:10,02:40AM,پایین,۱،۵,3,80,باخت,-80,انفجار,6220,60318.67,60366.69
2026-06-27,10:15,02:45AM,پایین,🏆 ورودِ طلایی،۱،۵،۷,1,20,برد,20,,6240,60366.69,60271.53
2026-06-27,11:15,03:45AM,پایین,۱,1,20,باخت,-20,,6220,60402.82,60420.12
2026-06-27,11:20,03:50AM,پایین,۱,2,40,باخت,-40,,6180,60420.12,60445.93
2026-06-27,11:25,03:55AM,پایین,۱,3,80,برد,80,,6260,60445.93,60374.72
2026-06-27,12:40,05:10AM,بالا,۱,1,20,باخت,-20,,6240,60270.03,60239.98
2026-06-27,12:45,05:15AM,بالا,۱,2,40,برد,40,,6280,60239.98,60244.17
2026-06-27,13:00,05:30AM,پایین,۲,1,20,برد,20,,6300,60332.2,60319.25
2026-06-27,13:50,06:20AM,پایین,۶,1,20,برد,20,,6320,60394.35,60367.98
2026-06-27,16:20,08:50AM,پایین,۱،۲,1,20,برد,20,,6340,60322.99,60313.43
2026-06-27,16:30,09:00AM,پایین,۱،۶,1,20,برد,20,,6360,60330.31,60324.01
2026-06-27,16:40,09:10AM,پایین,۱,1,20,برد,20,,6380,60339.26,60332.5
2026-06-27,17:05,09:35AM,پایین,🏆 ورودِ طلایی،۱،۵،۶،۷,1,20,برد,20,,6400,60523.0,60497.29
2026-06-27,17:10,09:40AM,پایین,۵،۷,1,20,برد,20,,6420,60497.29,60470.01
2026-06-27,17:40,10:10AM,پایین,۱,1,20,برد,20,,6440,60577.47,60540.01
2026-06-27,18:35,11:05AM,پایین,۱,1,20,باخت,-20,,6420,60593.92,60784.55
2026-06-27,18:40,11:10AM,پایین,🏆 ورودِ طلایی،۱،۵،۷,2,40,برد,40,,6460,60784.55,60665.42
2026-06-27,18:45,11:15AM,پایین,۵,1,20,برد,20,,6480,60665.42,60662.76
2026-06-27,18:50,11:20AM,پایین,۵,1,20,باخت,-20,,6460,60662.76,60712.0
2026-06-27,19:40,12:10PM,بالا,۲,2,40,باخت,-40,,6420,60648.78,60613.86
2026-06-27,20:30,01:00PM,بالا,🏆 ورودِ طلایی،۱،۵،۷,3,80,برد,80,,6500,60341.99,60431.66
2026-06-27,20:35,01:05PM,بالا,۵,1,20,برد,20,,6520,60431.66,60474.64
2026-06-27,20:40,01:10PM,بالا,۵,1,20,برد,20,,6540,60474.64,60509.66
2026-06-27,20:45,01:15PM,بالا,۵,1,20,باخت,-20,,6520,60509.66,60506.03
2026-06-27,20:50,01:20PM,پایین,۵,2,40,برد,40,,6560,60506.03,60479.92
2026-06-27,22:50,03:20PM,بالا,۵,1,20,باخت,-20,,6540,60279.53,60222.99
2026-06-27,22:55,03:25PM,بالا,🏆 ورودِ طلایی،۲،۵،۷,2,40,باخت,-40,,6500,60222.99,60085.99
2026-06-27,23:00,03:30PM,بالا,🏆 ورودِ طلایی،۱،۲،۵،۷,3,80,باخت,-80,انفجار,6420,60085.99,60060.63
2026-06-27,23:05,03:35PM,بالا,۵،۷,1,20,برد,20,,6440,60060.63,60109.0
2026-06-27,23:10,03:40PM,بالا,۵,1,20,برد,20,,6460,60109.0,60124.0
2026-06-28,00:50,05:20PM,پایین,۶,1,20,باخت,-20,,6440,60309.41,60360.73
2026-06-28,00:55,05:25PM,پایین,۷,2,40,برد,40,,6480,60360.73,60351.0
2026-06-28,01:10,05:40PM,بالا,۲،۵,1,20,برد,20,,6500,60151.84,60177.0
2026-06-28,01:15,05:45PM,بالا,۵,1,20,باخت,-20,,6480,60177.0,60091.01
2026-06-28,01:20,05:50PM,بالا,۵,2,40,برد,40,,6520,60091.01,60105.84
2026-06-28,01:30,06:00PM,بالا,۵,1,20,برد,20,,6540,60004.16,60034.01
2026-06-28,01:45,06:15PM,بالا,۵،۷,1,20,برد,20,,6560,59916.24,59958.01
2026-06-28,02:00,06:30PM,پایین,۲,1,20,باخت,-20,,6540,60090.61,60131.16
2026-06-28,02:05,06:35PM,پایین,۵,2,40,برد,40,,6580,60131.16,60082.2
2026-06-28,02:45,07:15PM,بالا,۵,1,20,باخت,-20,,6560,59967.0,59909.03
2026-06-28,02:50,07:20PM,بالا,۱،۵,2,40,باخت,-40,,6520,59909.03,59892.69
2026-06-28,02:55,07:25PM,بالا,۱،۵,3,80,برد,80,,6600,59892.69,59944.0
2026-06-28,04:30,09:00PM,بالا,۲,1,20,باخت,-20,,6580,59960.53,59940.98
2026-06-28,04:35,09:05PM,بالا,۵,2,40,برد,40,,6620,59940.98,59987.93
2026-06-28,04:50,09:20PM,پایین,۲,1,20,باخت,-20,,6600,60073.32,60115.54
2026-06-28,04:55,09:25PM,پایین,۵,2,40,باخت,-40,,6560,60115.54,60144.13
2026-06-28,05:00,09:30PM,پایین,۵,3,80,برد,80,,6640,60144.13,60126.42
2026-06-28,05:10,09:40PM,پایین,۶,1,20,برد,20,,6660,60175.53,60146.23
2026-06-28,05:50,10:20PM,بالا,۵,1,20,برد,20,,6680,59993.5,60025.88
2026-06-28,05:55,10:25PM,بالا,۵,1,20,برد,20,,6700,60025.88,60046.05
2026-06-28,06:00,10:30PM,بالا,۵,1,20,برد,20,,6720,60046.05,60047.58
2026-06-28,06:40,11:10PM,پایین,۲,1,20,برد,20,,6740,60181.94,60181.67
2026-06-28,08:30,01:00AM,بالا,۱،۲،۵،۷,1,20,برد,20,,6760,59873.55,59931.46
2026-06-28,08:35,01:05AM,بالا,۵,1,20,باخت,-20,,6740,59931.46,59920.72
2026-06-28,08:40,01:10AM,بالا,۵,2,40,برد,40,,6780,59920.72,59935.75
2026-06-28,08:50,01:20AM,بالا,۱,1,20,باخت,-20,,6760,59825.73,59751.12
2026-06-28,08:55,01:25AM,بالا,۱،۵،۷,2,40,برد,40,,6800,59751.12,59838.35
2026-06-28,10:30,03:00AM,پایین,۱،۵،۶,1,20,برد,20,,6820,60033.0,60009.21
2026-06-28,10:40,03:10AM,پایین,۱،۵,1,20,برد,20,,6840,60055.33,60051.17
2026-06-28,10:45,03:15AM,پایین,۵,1,20,برد,20,,6860,60051.17,60046.58
2026-06-28,11:05,03:35AM,پایین,۱,1,20,باخت,-20,,6840,60122.38,60126.63
2026-06-28,11:10,03:40AM,پایین,۱,2,40,باخت,-40,,6800,60126.63,60132.99
2026-06-28,11:15,03:45AM,پایین,۱,3,80,برد,80,,6880,60132.99,60124.98
2026-06-28,11:25,03:55AM,پایین,۶,1,20,برد,20,,6900,60141.28,60125.17
2026-06-28,11:55,04:25AM,پایین,۱,1,20,برد,20,,6920,60143.12,60140.42
2026-06-28,12:05,04:35AM,پایین,🏆 ورودِ طلایی،۱،۵،۶،۷,1,20,برد,20,,6940,60393.34,60369.67
2026-06-28,12:10,04:40AM,پایین,۵،۷,1,20,برد,20,,6960,60369.67,60336.37
2026-06-28,12:15,04:45AM,پایین,۵,1,20,برد,20,,6980,60336.37,60310.44
2026-06-28,12:20,04:50AM,پایین,۵,1,20,برد,20,,7000,60310.44,60291.74
2026-06-28,12:30,05:00AM,بالا,۲،۵,1,20,برد,20,,7020,60231.0,60321.8
2026-06-28,13:30,06:00AM,بالا,🏆 ورودِ طلایی،۱،۲،۵,1,20,برد,20,,7040,60099.0,60108.36
2026-06-28,13:55,06:25AM,بالا,۲,1,20,برد,20,,7060,60014.87,60018.73
2026-06-28,14:00,06:30AM,بالا,۵,1,20,باخت,-20,,7040,60018.73,60000.99
2026-06-28,14:55,07:25AM,پایین,۱،۵,2,40,برد,40,,7080,60233.46,60225.86
2026-06-28,15:00,07:30AM,پایین,۵,1,20,برد,20,,7100,60225.86,60219.0
2026-06-28,15:20,07:50AM,پایین,۱,1,20,برد,20,,7120,60274.98,60249.38
2026-06-28,15:45,08:15AM,بالا,۲,1,20,برد,20,,7140,60128.07,60166.76
2026-06-28,16:30,09:00AM,بالا,۱،۵,1,20,باخت,-20,,7120,59963.19,59938.31
2026-06-28,16:35,09:05AM,بالا,۱،۵,2,40,برد,40,,7160,59938.31,60035.33
2026-06-28,16:40,09:10AM,بالا,۵,1,20,باخت,-20,,7140,60035.33,60017.13
2026-06-28,16:45,09:15AM,بالا,۵,2,40,برد,40,,7180,60017.13,60062.77
2026-06-28,17:45,10:15AM,پایین,۲،۵,1,20,برد,20,,7200,60149.82,60061.26
2026-06-28,18:35,11:05AM,بالا,۵,1,20,برد,20,,7220,59850.68,59996.69
2026-06-28,19:05,11:35AM,بالا,۱,1,20,برد,20,,7240,59835.83,59892.99
2026-06-28,19:15,11:45AM,بالا,۱,1,20,باخت,-20,,7220,59807.36,59773.99
2026-06-28,19:20,11:50AM,بالا,۱،۵,2,40,برد,40,,7260,59773.99,59801.96
2026-06-28,19:35,12:05PM,بالا,۱,1,20,باخت,-20,,7240,59756.53,59744.09
2026-06-28,19:40,12:10PM,بالا,۱,2,40,برد,40,,7280,59744.09,59783.6
2026-06-28,19:50,12:20PM,بالا,۱,1,20,باخت,-20,,7260,59720.66,59672.78
2026-06-28,19:55,12:25PM,بالا,۱,2,40,باخت,-40,,7220,59672.78,59561.01
2026-06-28,20:00,12:30PM,بالا,۱،۲،۵,3,80,برد,80,,7300,59561.01,59620.58
2026-06-28,20:10,12:40PM,بالا,۱،۵,1,20,برد,20,,7320,59539.98,59615.29
2026-06-28,20:35,01:05PM,پایین,۲,1,20,برد,20,,7340,59673.84,59557.25
2026-06-28,20:55,01:25PM,بالا,۱,1,20,باخت,-20,,7320,59513.85,59500.97
2026-06-28,21:00,01:30PM,بالا,۱,2,40,باخت,-40,,7280,59500.97,59346.0
2026-06-28,21:05,01:35PM,بالا,۱،۲،۵،۷,3,80,برد,80,,7360,59346.0,59448.57
2026-06-28,23:00,03:30PM,پایین,۲,1,20,برد,20,,7380,59529.22,59374.85
2026-06-28,23:05,03:35PM,بالا,۱,1,20,باخت,-20,,7360,59374.85,59349.0
2026-06-28,23:10,03:40PM,بالا,۱,2,40,باخت,-40,,7320,59349.0,59280.92
2026-06-28,23:15,03:45PM,بالا,۱،۲,3,80,برد,80,,7400,59280.92,59413.48
2026-06-28,23:40,04:10PM,پایین,۱،۲,1,20,باخت,-20,,7380,59579.01,59587.93
2026-06-28,23:45,04:15PM,پایین,۱,2,40,باخت,-40,,7340,59587.93,59610.35
2026-06-28,23:50,04:20PM,پایین,۱,3,80,باخت,-80,انفجار,7260,59610.35,59617.82
2026-06-28,23:55,04:25PM,پایین,۱،۳,1,20,برد,20,,7280,59617.82,59579.96
2026-06-29,00:55,05:25PM,پایین,۳,1,20,باخت,-20,,7260,59612.28,59621.79
2026-06-29,01:00,05:30PM,پایین,۳,2,40,برد,40,,7300,59621.79,59593.43
2026-06-29,01:15,05:45PM,بالا,🏆 ورودِ طلایی،۱،۲،۵،۷,1,20,برد,20,,7320,59285.9,59296.56
2026-06-29,01:20,05:50PM,بالا,۵،۷,1,20,برد,20,,7340,59296.56,59330.02
2026-06-29,01:25,05:55PM,بالا,۵,1,20,برد,20,,7360,59330.02,59714.41
2026-06-29,01:30,06:00PM,پایین,۱،۲,1,20,برد,20,,7380,59714.41,59578.7
2026-06-29,01:35,06:05PM,پایین,۵,1,20,برد,20,,7400,59578.7,59538.34
2026-06-29,01:40,06:10PM,پایین,۵,1,20,برد,20,,7420,59538.34,59245.62
2026-06-29,01:45,06:15PM,بالا,۱،۲,1,20,برد,20,,7440,59245.62,59404.62
2026-06-29,01:50,06:20PM,بالا,۵,1,20,باخت,-20,,7420,59404.62,59286.19
2026-06-29,01:55,06:25PM,بالا,۵,2,40,باخت,-40,,7380,59286.19,59124.98
2026-06-29,02:00,06:30PM,بالا,۱،۵,3,80,برد,80,,7460,59124.98,59210.68
2026-06-29,02:10,06:40PM,بالا,۱،۵,1,20,برد,20,,7480,59013.96,59104.03
2026-06-29,02:20,06:50PM,بالا,۱,1,20,برد,20,,7500,58924.05,58972.76
2026-06-29,02:25,06:55PM,بالا,۵,1,20,برد,20,,7520,58972.76,59155.72
2026-06-29,02:40,07:10PM,پایین,۵,1,20,باخت,-20,,7500,59191.27,59291.51
2026-06-29,02:45,07:15PM,پایین,۵,2,40,برد,40,,7540,59291.51,59289.01
2026-06-29,02:55,07:25PM,پایین,۵,1,20,باخت,-20,,7520,59455.56,59519.06
2026-06-29,03:00,07:30PM,پایین,۵,2,40,باخت,-40,,7480,59519.06,59719.86
2026-06-29,03:05,07:35PM,پایین,🏆 ورودِ طلایی،۱،۲،۵,3,80,برد,80,,7560,59719.86,59635.61
2026-06-29,03:10,07:40PM,پایین,۵,1,20,باخت,-20,,7540,59635.61,59665.67
2026-06-29,03:25,07:55PM,بالا,۵,2,40,باخت,-40,,7500,59473.29,59309.7
2026-06-29,03:30,08:00PM,بالا,۲،۵,3,80,برد,80,,7580,59309.7,59328.86
2026-06-29,03:35,08:05PM,بالا,۵,1,20,برد,20,,7600,59328.86,59486.52
2026-06-29,04:00,08:30PM,بالا,۵,1,20,باخت,-20,,7580,59130.45,59003.34
2026-06-29,04:05,08:35PM,بالا,۵,2,40,برد,40,,7620,59003.34,59268.83
2026-06-29,04:20,08:50PM,پایین,۵,1,20,باخت,-20,,7600,59383.37,59585.75
2026-06-29,04:25,08:55PM,پایین,۵,2,40,برد,40,,7640,59585.75,59366.58
2026-06-29,04:45,09:15PM,بالا,۵,1,20,برد,20,,7660,59173.6,59245.08
2026-06-29,05:35,10:05PM,بالا,۲،۵,1,20,باخت,-20,,7640,59144.02,58927.73
2026-06-29,05:40,10:10PM,بالا,🏆 ورودِ طلایی،۱،۲،۵,2,40,برد,40,,7680,58927.73,59020.95
2026-06-29,05:45,10:15PM,بالا,۵,1,20,برد,20,,7700,59020.95,59200.57
2026-06-29,05:55,10:25PM,پایین,۲,1,20,برد,20,,7720,59444.96,59409.05
2026-06-29,06:00,10:30PM,پایین,۵,1,20,باخت,-20,,7700,59409.05,59549.77
2026-06-29,06:05,10:35PM,پایین,۵,2,40,باخت,-40,,7660,59549.77,59677.41
2026-06-29,06:10,10:40PM,پایین,۱،۵,3,80,باخت,-80,انفجار,7580,59677.41,59694.64
2026-06-29,06:15,10:45PM,پایین,۱,1,20,برد,20,,7600,59694.64,59610.79
2026-06-29,06:30,11:00PM,پایین,۱,1,20,باخت,-20,,7580,59827.55,59979.31
2026-06-29,06:35,11:05PM,پایین,۱،۲,2,40,برد,40,,7620,59979.31,59902.22
2026-06-29,06:50,11:20PM,پایین,۱,1,20,باخت,-20,,7600,60000.87,60070.14
2026-06-29,06:55,11:25PM,پایین,۱,2,40,برد,40,,7640,60070.14,59944.42
2026-06-29,08:35,01:05AM,بالا,۷,1,20,باخت,-20,,7620,59475.73,59441.81
2026-06-29,08:40,01:10AM,بالا,۷,2,40,برد,40,,7660,59441.81,59498.1
2026-06-29,09:45,02:15AM,پایین,۳،۷,1,20,برد,20,,7680,60207.29,60181.6
2026-06-29,10:15,02:45AM,بالا,۳,1,20,برد,20,,7700,59956.64,60028.13
2026-06-29,13:35,06:05AM,پایین,۲،۷,1,20,برد,20,,7720,60179.7,60134.8
2026-06-29,13:45,06:15AM,پایین,۶,1,20,برد,20,,7740,60209.04,60160.5
2026-06-29,15:05,07:35AM,بالا,۱,1,20,برد,20,,7760,59743.53,59780.29
2026-06-29,15:30,08:00AM,پایین,🏆 ورودِ طلایی،۱،۲،۵,1,20,باخت,-20,,7740,60238.23,60405.47
2026-06-29,15:35,08:05AM,پایین,🏆 ورودِ طلایی،۱،۲،۵،۷,2,40,باخت,-40,,7700,60405.47,60588.36
2026-06-29,15:40,08:10AM,پایین,🏆 ورودِ طلایی،۱،۲،۵،۷,3,80,باخت,-80,انفجار,7620,60588.36,60650.38
2026-06-29,15:45,08:15AM,پایین,🏆 ورودِ طلایی،۱،۳،۵،۷,1,20,برد,20,,7640,60650.38,60345.85
2026-06-29,16:00,08:30AM,بالا,۵,1,20,باخت,-20,,7620,60285.33,59819.56
2026-06-29,16:05,08:35AM,بالا,۵,2,40,برد,40,,7660,59819.56,59865.09
2026-06-29,16:10,08:40AM,بالا,۵,1,20,باخت,-20,,7640,59865.09,59840.91
2026-06-29,16:15,08:45AM,بالا,۵,2,40,برد,40,,7680,59840.91,59843.44
2026-06-29,16:20,08:50AM,بالا,۵,1,20,برد,20,,7700,59843.44,59856.52
2026-06-29,16:30,09:00AM,پایین,۲,1,20,برد,20,,7720,60031.16,60005.16
2026-06-29,16:40,09:10AM,پایین,۵,1,20,باخت,-20,,7700,60123.44,60171.25
2026-06-29,16:45,09:15AM,پایین,۵,2,40,برد,40,,7740,60171.25,59979.55
2026-06-29,17:05,09:35AM,بالا,۱،۵,1,20,باخت,-20,,7720,59639.9,59369.13
2026-06-29,17:10,09:40AM,بالا,۱،۵,2,40,باخت,-40,,7680,59369.13,59305.56
2026-06-29,17:15,09:45AM,بالا,۱،۵,3,80,برد,80,,7760,59305.56,59352.79
2026-06-29,17:20,09:50AM,بالا,۵,1,20,برد,20,,7780,59352.79,59470.41
2026-06-29,17:35,10:05AM,بالا,۱,1,20,باخت,-20,,7760,59169.18,58988.2
2026-06-29,17:40,10:10AM,بالا,۱،۲،۵,2,40,برد,40,,7800,58988.2,59042.33
2026-06-29,17:45,10:15AM,بالا,۵,1,20,برد,20,,7820,59042.33,59182.22
2026-06-29,17:55,10:25AM,پایین,۲,1,20,باخت,-20,,7800,59395.78,59462.78
2026-06-29,18:00,10:30AM,پایین,۵,2,40,باخت,-40,,7760,59462.78,59464.4
2026-06-29,18:05,10:35AM,پایین,۵,3,80,برد,80,,7840,59464.4,59215.86
2026-06-29,18:40,11:10AM,بالا,۵,1,20,برد,20,,7860,59155.0,59268.23
2026-06-29,18:45,11:15AM,پایین,۲,1,20,برد,20,,7880,59268.23,59114.46
2026-06-29,19:00,11:30AM,پایین,۱،۵,1,20,باخت,-20,,7860,59526.56,59715.32
2026-06-29,19:05,11:35AM,پایین,۱،۲،۵,2,40,باخت,-40,,7820,59715.32,59716.01
2026-06-29,19:10,11:40AM,پایین,۱،۵,3,80,باخت,-80,انفجار,7740,59716.01,59798.72
2026-06-29,19:15,11:45AM,پایین,۱،۵,1,20,برد,20,,7760,59798.72,59785.83
2026-06-29,20:15,12:45PM,پایین,۵,1,20,برد,20,,7780,59849.08,59760.4
2026-06-29,20:40,01:10PM,پایین,🏆 ورودِ طلایی،۲،۵،۷,1,20,باخت,-20,,7760,60361.74,60491.17
2026-06-29,20:45,01:15PM,پایین,۵،۷,2,40,برد,40,,7800,60491.17,60349.25
2026-06-29,20:55,01:25PM,پایین,۶,1,20,برد,20,,7820,60466.11,60411.46
2026-06-29,21:55,02:25PM,بالا,۲,1,20,باخت,-20,,7800,60181.1,60145.56
2026-06-30,01:20,05:50PM,پایین,۳,2,40,برد,40,,7840,60484.0,60387.91
2026-06-30,02:50,07:20PM,بالا,۷,1,20,باخت,-20,,7820,60154.07,60143.83
2026-06-30,02:55,07:25PM,بالا,۷,2,40,برد,40,,7860,60143.83,60179.37
2026-06-30,03:50,08:20PM,بالا,۷,1,20,باخت,-20,,7840,60003.0,59840.2
2026-06-30,03:55,08:25PM,بالا,۲،۵،۷,2,40,باخت,-40,,7800,59840.2,59779.28
2026-06-30,04:00,08:30PM,بالا,۳،۵،۷,3,80,باخت,-80,انفجار,7720,59779.28,59644.43
2026-06-30,04:05,08:35PM,بالا,۲،۳،۵،۷,1,20,برد,20,,7740,59644.43,59691.43
2026-06-30,04:10,08:40PM,بالا,۵،۷,1,20,برد,20,,7760,59691.43,59764.16
2026-06-30,04:55,09:25PM,پایین,۵,1,20,برد,20,,7780,59949.04,59898.93
2026-06-30,07:00,11:30PM,بالا,۱,1,20,باخت,-20,,7760,59657.23,59656.96
2026-06-30,07:05,11:35PM,بالا,۱،۵,2,40,باخت,-40,,7720,59656.96,59642.04
2026-06-30,07:10,11:40PM,بالا,۱,3,80,باخت,-80,انفجار,7640,59642.04,59575.32
2026-06-30,07:15,11:45PM,بالا,۱,1,20,باخت,-20,,7620,59575.32,59525.33
2026-06-30,07:20,11:50PM,بالا,۱,2,40,باخت,-40,,7580,59525.33,59520.29
2026-06-30,07:25,11:55PM,بالا,۱،۳,3,80,باخت,-80,انفجار,7500,59520.29,59452.08
2026-06-30,07:30,12:00AM,بالا,۱،۳،۷,1,20,باخت,-20,,7480,59452.08,59376.47
2026-06-30,07:35,12:05AM,بالا,۱،۲،۳،۷,2,40,برد,40,,7520,59376.47,59452.56
2026-06-30,07:45,12:15AM,بالا,۱,1,20,برد,20,,7540,59358.59,59374.14
2026-06-30,08:00,12:30AM,پایین,۲,1,20,برد,20,,7560,59555.3,59509.18
2026-06-30,08:40,01:10AM,بالا,۱,1,20,باخت,-20,,7540,59331.59,59297.88
2026-06-30,08:45,01:15AM,بالا,۱,2,40,برد,40,,7580,59297.88,59387.22
2026-06-30,08:55,01:25AM,بالا,۱,1,20,باخت,-20,,7560,59296.39,59295.91
2026-06-30,09:00,01:30AM,بالا,۱,2,40,برد,40,,7600,59295.91,59339.03
2026-06-30,09:15,01:45AM,پایین,۵,1,20,برد,20,,7620,59512.19,59507.62
2026-06-30,09:20,01:50AM,پایین,۵,1,20,باخت,-20,,7600,59507.62,59537.86
2026-06-30,09:55,02:25AM,پایین,۱,2,40,برد,40,,7640,59615.98,59473.73
2026-06-30,10:55,03:25AM,بالا,۱,1,20,برد,20,,7660,59377.89,59428.81
2026-06-30,12:00,04:30AM,بالا,۲،۳،۷,1,20,باخت,-20,,7640,59226.09,59159.49
2026-06-30,12:05,04:35AM,بالا,۳،۷,2,40,برد,40,,7680,59159.49,59176.46
2026-06-30,12:10,04:40AM,بالا,۷,1,20,باخت,-20,,7660,59176.46,59172.17
2026-06-30,14:45,07:15AM,بالا,۲,2,40,باخت,-40,,7620,59218.24,59166.14
2026-06-30,14:55,07:25AM,بالا,۵,3,80,باخت,-80,انفجار,7540,59125.37,59043.05
2026-06-30,15:00,07:30AM,بالا,۲،۳،۵،۷,1,20,برد,20,,7560,59043.05,59091.04
2026-06-30,15:30,08:00AM,بالا,۱،۲،۵,1,20,باخت,-20,,7540,58966.78,58956.82
2026-06-30,15:35,08:05AM,بالا,۱،۵,2,40,باخت,-40,,7500,58956.82,58914.47
2026-06-30,15:40,08:10AM,بالا,۱،۵,3,80,برد,80,,7580,58914.47,58940.21
2026-06-30,15:50,08:20AM,بالا,۱،۵،۷,1,20,برد,20,,7600,58755.91,58765.53
2026-06-30,15:55,08:25AM,بالا,۵،۷,1,20,باخت,-20,,7580,58765.53,58694.8
2026-06-30,16:00,08:30AM,بالا,۱،۵،۷,2,40,برد,40,,7620,58694.8,58764.47
2026-06-30,16:05,08:35AM,بالا,۵,1,20,باخت,-20,,7600,58764.47,58742.69
2026-06-30,16:15,08:45AM,بالا,۱،۵،۷,2,40,باخت,-40,,7560,58585.11,58562.22
2026-06-30,16:20,08:50AM,بالا,۱,3,80,باخت,-80,انفجار,7480,58562.22,58318.4
2026-06-30,16:25,08:55AM,بالا,🏆 ورودِ طلایی،۱،۲،۵،۷,1,20,برد,20,,7500,58318.4,58377.82
2026-06-30,16:30,09:00AM,بالا,۵,1,20,برد,20,,7520,58377.82,58518.83
2026-06-30,16:40,09:10AM,بالا,۵,1,20,برد,20,,7540,58356.48,58442.07
2026-06-30,17:00,09:30AM,بالا,۱,1,20,باخت,-20,,7520,58280.78,58255.44
2026-06-30,17:05,09:35AM,بالا,۱،۵,2,40,برد,40,,7560,58255.44,58465.07
2026-06-30,17:20,09:50AM,پایین,۵,1,20,باخت,-20,,7540,58576.83,58646.87
2026-06-30,17:25,09:55AM,پایین,۵,2,40,باخت,-40,,7500,58646.87,58913.78
2026-06-30,17:30,10:00AM,پایین,🏆 ورودِ طلایی،۱،۲،۵,3,80,برد,80,,7580,58913.78,58875.63
2026-06-30,17:35,10:05AM,پایین,۵,1,20,باخت,-20,,7560,58875.63,58899.99
2026-06-30,17:40,10:10AM,پایین,۵،۶,2,40,برد,40,,7600,58899.99,58887.37
2026-06-30,17:45,10:15AM,پایین,۵,1,20,باخت,-20,,7580,58887.37,58940.39
2026-06-30,17:50,10:20AM,پایین,۱,2,40,برد,40,,7620,58940.39,58927.99
2026-06-30,18:05,10:35AM,بالا,۲،۵,1,20,برد,20,,7640,58581.0,58813.91
2026-06-30,18:15,10:45AM,بالا,۵,1,20,باخت,-20,,7620,58524.02,58391.98
2026-06-30,18:20,10:50AM,بالا,۵,2,40,باخت,-40,,7580,58391.98,58374.79
2026-06-30,18:30,11:00AM,بالا,🏆 ورودِ طلایی،۱،۲،۵,3,80,برد,80,,7660,58200.87,58229.95
2026-06-30,18:35,11:05AM,بالا,۵,1,20,برد,20,,7680,58229.95,58325.1
2026-06-30,19:55,12:25PM,بالا,۵,1,20,برد,20,,7700,58202.41,58299.09
2026-07-01,01:45,06:15PM,پایین,۳,1,20,برد,20,,7720,58699.61,58615.64
2026-07-01,02:00,06:30PM,بالا,۲,1,20,برد,20,,7740,58447.63,58501.62
2026-07-01,03:45,08:15PM,بالا,۲,1,20,باخت,-20,,7720,58423.86,58339.43
2026-07-01,03:50,08:20PM,بالا,۵,2,40,باخت,-40,,7680,58339.43,58300.26
2026-07-01,03:55,08:25PM,بالا,۵,3,80,برد,80,,7760,58300.26,58408.26
2026-07-01,04:30,09:00PM,بالا,۱,1,20,باخت,-20,,7740,58295.04,58192.7
2026-07-01,04:35,09:05PM,بالا,۱,2,40,باخت,-40,,7700,58192.7,58068.73
2026-07-01,04:40,09:10PM,بالا,🏆 ورودِ طلایی،۱،۲،۵,3,80,برد,80,,7780,58068.73,58202.16
2026-07-01,04:45,09:15PM,بالا,۵,1,20,باخت,-20,,7760,58202.16,58137.96
2026-07-01,05:00,09:30PM,پایین,۵,2,40,باخت,-40,,7720,58362.37,58679.03
2026-07-01,05:05,09:35PM,پایین,🏆 ورودِ طلایی،۱،۲،۵,3,80,باخت,-80,انفجار,7640,58679.03,58804.84
2026-07-01,05:10,09:40PM,پایین,🏆 ورودِ طلایی،۱،۲،۵,1,20,برد,20,,7660,58804.84,58692.69
2026-07-01,05:15,09:45PM,پایین,۵,1,20,باخت,-20,,7640,58692.69,58731.19
2026-07-01,05:20,09:50PM,پایین,۵,2,40,برد,40,,7680,58731.19,58677.51
2026-07-01,05:50,10:20PM,پایین,۱,1,20,باخت,-20,,7660,58814.03,58847.06
2026-07-01,05:55,10:25PM,پایین,۱,2,40,باخت,-40,,7620,58847.06,58899.96
2026-07-01,06:00,10:30PM,پایین,۱,3,80,باخت,-80,انفجار,7540,58899.96,58950.15
2026-07-01,06:05,10:35PM,پایین,۱،۳,1,20,باخت,-20,,7520,58950.15,59047.25
2026-07-01,06:10,10:40PM,پایین,۱،۳,2,40,برد,40,,7560,59047.25,58983.23
2026-07-01,06:20,10:50PM,پایین,۶,1,20,برد,20,,7580,59013.84,58991.12
2026-07-01,07:20,11:50PM,پایین,۱،۵,1,20,برد,20,,7600,59186.39,59099.82
2026-07-01,08:10,12:40AM,پایین,۱,1,20,باخت,-20,,7580,59270.37,59305.74
2026-07-01,08:15,12:45AM,پایین,۱,2,40,برد,40,,7620,59305.74,59246.74
2026-07-01,09:30,02:00AM,بالا,۷,1,20,باخت,-20,,7600,58917.35,58869.79
2026-07-01,09:35,02:05AM,بالا,۷,2,40,باخت,-40,,7560,58869.79,58860.88
2026-07-01,09:40,02:10AM,بالا,۷,3,80,باخت,-80,انفجار,7480,58860.88,58781.3
2026-07-01,09:45,02:15AM,بالا,۷,1,20,باخت,-20,,7460,58781.3,58680.55
2026-07-01,09:50,02:20AM,بالا,۲،۷,2,40,برد,40,,7500,58680.55,58697.66
2026-07-01,10:00,02:30AM,بالا,۷,1,20,باخت,-20,,7480,58578.0,58546.13
2026-07-01,10:05,02:35AM,بالا,۷,2,40,برد,40,,7520,58546.13,58606.72
2026-07-01,11:50,04:20AM,بالا,۲,1,20,برد,20,,7540,58519.01,58536.79
2026-07-01,12:25,04:55AM,پایین,۵,1,20,برد,20,,7560,58898.86,58864.68
2026-07-01,12:35,05:05AM,پایین,۵،۶,1,20,برد,20,,7580,58932.18,58870.57
2026-07-01,13:40,06:10AM,بالا,۲,1,20,برد,20,,7600,58681.66,58691.03
2026-07-01,14:00,06:30AM,بالا,۱,1,20,باخت,-20,,7580,58651.59,58633.27
2026-07-01,14:10,06:40AM,بالا,۲،۷,2,40,برد,40,,7620,58538.75,58595.68
2026-07-01,15:40,08:10AM,بالا,۲،۷,1,20,برد,20,,7640,58372.17,58471.78
2026-07-01,16:00,08:30AM,بالا,۱,1,20,باخت,-20,,7620,58357.22,58337.82
2026-07-01,16:05,08:35AM,بالا,۱,2,40,باخت,-40,,7580,58337.82,58324.99
2026-07-01,16:10,08:40AM,بالا,۱,3,80,باخت,-80,انفجار,7500,58324.99,58270.47
2026-07-01,16:15,08:45AM,بالا,۱،۵,1,20,برد,20,,7520,58270.47,58345.29
2026-07-01,16:30,09:00AM,پایین,۲،۵,1,20,باخت,-20,,7500,58545.47,58557.78
2026-07-01,16:35,09:05AM,پایین,۵,2,40,باخت,-40,,7460,58557.78,58602.64
2026-07-01,16:40,09:10AM,پایین,۵,3,80,برد,80,,7540,58602.64,58599.6
2026-07-01,16:50,09:20AM,پایین,۱،۵،۶،۷,1,20,برد,20,,7560,58773.44,58758.13
2026-07-01,16:55,09:25AM,پایین,۵,1,20,برد,20,,7580,58758.13,58738.8
2026-07-01,17:05,09:35AM,پایین,۱,1,20,باخت,-20,,7560,58777.84,58947.27
2026-07-01,17:10,09:40AM,پایین,۱،۷,2,40,باخت,-40,,7520,58947.27,59264.85
2026-07-01,17:15,09:45AM,پایین,🏆 ورودِ طلایی،۱،۲،۵،۷,3,80,باخت,-80,انفجار,7440,59264.85,59352.79
2026-07-01,17:20,09:50AM,پایین,🏆 ورودِ طلایی،۱،۲،۵،۷,1,20,باخت,-20,,7420,59352.79,59427.04
2026-07-01,17:25,09:55AM,پایین,🏆 ورودِ طلایی،۱،۲،۵،۷,2,40,برد,40,,7460,59427.04,59272.38
2026-07-01,17:30,10:00AM,پایین,۵,1,20,باخت,-20,,7440,59272.38,59427.54
2026-07-01,17:35,10:05AM,پایین,۱،۶,2,40,باخت,-40,,7400,59427.54,59913.83
2026-07-01,17:40,10:10AM,پایین,🏆 ورودِ طلایی،۱،۵،۷,3,80,باخت,-80,انفجار,7320,59913.83,59961.27
2026-07-01,17:45,10:15AM,پایین,🏆 ورودِ طلایی،۱،۵،۷,1,20,برد,20,,7340,59961.27,59839.18
2026-07-01,17:50,10:20AM,پایین,۵,1,20,برد,20,,7360,59839.18,59726.54
2026-07-01,17:55,10:25AM,پایین,۵,1,20,برد,20,,7380,59726.54,59600.57
2026-07-01,18:00,10:30AM,بالا,۲،۵,1,20,برد,20,,7400,59600.57,59676.11
2026-07-01,18:05,10:35AM,بالا,۵,1,20,باخت,-20,,7380,59676.11,59538.2
2026-07-01,18:10,10:40AM,بالا,۵,2,40,برد,40,,7420,59538.2,59548.94
2026-07-01,18:40,11:10AM,پایین,۲،۵,1,20,برد,20,,7440,59855.35,59832.16
2026-07-01,18:45,11:15AM,پایین,۵,1,20,باخت,-20,,7420,59832.16,60342.33
2026-07-01,18:50,11:20AM,پایین,🏆 ورودِ طلایی،۱،۵،۶،۷,2,40,برد,40,,7460,60342.33,60245.92
2026-07-01,18:55,11:25AM,پایین,۵,1,20,برد,20,,7480,60245.92,60177.12
2026-07-01,19:00,11:30AM,پایین,۵,1,20,برد,20,,7500,60177.12,60101.79
2026-07-01,19:05,11:35AM,پایین,۵,1,20,باخت,-20,,7480,60101.79,60177.79
2026-07-01,19:50,12:20PM,بالا,۲,2,40,برد,40,,7520,59943.47,60086.82
2026-07-01,20:30,01:00PM,بالا,۵,1,20,برد,20,,7540,59753.84,59802.52
2026-07-01,20:45,01:15PM,پایین,۲,1,20,باخت,-20,,7520,59958.93,60091.76
2026-07-01,20:50,01:20PM,پایین,۲،۵,2,40,برد,40,,7560,60091.76,60089.16
2026-07-01,20:55,01:25PM,پایین,۵,1,20,برد,20,,7580,60089.16,60080.23
2026-07-01,22:55,03:25PM,بالا,۲,1,20,برد,20,,7600,60094.17,60212.43
2026-07-02,00:15,04:45PM,پایین,۲،۳,1,20,برد,20,,7620,60107.86,60063.09
2026-07-02,00:40,05:10PM,پایین,۲،۵،۷,1,20,باخت,-20,,7600,60385.03,60445.42
2026-07-02,00:45,05:15PM,پایین,۵،۷,2,40,برد,40,,7640,60445.42,60339.59
2026-07-02,00:55,05:25PM,پایین,۶,1,20,باخت,-20,,7620,60454.11,60649.73
2026-07-02,01:00,05:30PM,پایین,۷,2,40,برد,40,,7660,60649.73,60635.86
2026-07-02,01:10,05:40PM,پایین,۵،۶،۷,1,20,باخت,-20,,7640,60746.63,60754.15
2026-07-02,01:25,05:55PM,پایین,۶,2,40,برد,40,,7680,60757.82,60754.37
2026-07-02,02:00,06:30PM,بالا,۵,1,20,برد,20,,7700,60434.16,60443.37
2026-07-02,02:05,06:35PM,بالا,۵,1,20,باخت,-20,,7680,60443.37,60422.36
2026-07-02,02:10,06:40PM,بالا,۵,2,40,باخت,-40,,7640,60422.36,60385.74
2026-07-02,02:30,07:00PM,بالا,۱,3,80,برد,80,,7720,60243.91,60274.31
2026-07-02,02:40,07:10PM,بالا,۱,1,20,برد,20,,7740,60182.36,60248.22
2026-07-02,02:50,07:20PM,بالا,۱,1,20,باخت,-20,,7720,60160.73,60141.71
2026-07-02,02:55,07:25PM,بالا,۱,2,40,برد,40,,7760,60141.71,60162.94
2026-07-02,03:05,07:35PM,بالا,۱,1,20,برد,20,,7780,60079.66,60088.1
2026-07-02,03:15,07:45PM,بالا,۱,1,20,برد,20,,7800,59968.26,60003.82
2026-07-02,03:25,07:55PM,بالا,۱,1,20,باخت,-20,,7780,59963.46,59854.66
2026-07-02,03:30,08:00PM,بالا,۱,2,40,برد,40,,7820,59854.66,59886.7
2026-07-02,03:45,08:15PM,بالا,۵،۷,1,20,برد,20,,7840,59695.09,59793.15
2026-07-02,04:00,08:30PM,بالا,۱,1,20,باخت,-20,,7820,59617.05,59574.38
2026-07-02,04:05,08:35PM,بالا,۱,2,40,باخت,-40,,7780,59574.38,59552.19
2026-07-02,04:40,09:10PM,پایین,۲,3,80,باخت,-80,انفجار,7700,59863.0,59923.57
2026-07-02,05:00,09:30PM,پایین,۱,1,20,باخت,-20,,7680,60079.22,60144.1
2026-07-02,05:05,09:35PM,پایین,۱،۷,2,40,برد,40,,7720,60144.1,60129.53
2026-07-02,05:15,09:45PM,پایین,۱،۶,1,20,برد,20,,7740,60165.34,60039.03
2026-07-02,06:30,11:00PM,پایین,۶,1,20,برد,20,,7760,60346.84,60342.34
2026-07-02,07:05,11:35PM,پایین,🏆 ورودِ طلایی،۲،۵،۷,1,20,باخت,-20,,7740,60727.64,60737.14
2026-07-02,07:10,11:40PM,پایین,۵،۷,2,40,باخت,-40,,7700,60737.14,60773.23
2026-07-02,07:15,11:45PM,پایین,۵،۷,3,80,باخت,-80,انفجار,7620,60773.23,60904.42
2026-07-02,07:20,11:50PM,پایین,۲،۳،۵،۷,1,20,باخت,-20,,7600,60904.42,60983.1
2026-07-02,07:25,11:55PM,پایین,۳،۵،۷,2,40,برد,40,,7640,60983.1,60926.01
2026-07-02,10:00,02:30AM,پایین,۲,1,20,برد,20,,7660,60549.58,60502.03
2026-07-02,10:15,02:45AM,بالا,۱،۲,1,20,برد,20,,7680,60235.56,60243.35
2026-07-02,10:20,02:50AM,بالا,۵,1,20,باخت,-20,,7660,60243.35,60197.66
2026-07-02,10:25,02:55AM,بالا,۱،۵,2,40,باخت,-40,,7620,60197.66,60157.64
2026-07-02,10:30,03:00AM,بالا,۱،۵,3,80,برد,80,,7700,60157.64,60185.67
2026-07-02,10:45,03:15AM,بالا,۱,1,20,برد,20,,7720,60113.65,60148.89
2026-07-02,10:55,03:25AM,بالا,۱,1,20,باخت,-20,,7700,60093.57,60088.81
2026-07-02,11:00,03:30AM,بالا,۱,2,40,باخت,-40,,7660,60088.81,60056.73
2026-07-02,11:05,03:35AM,بالا,۱,3,80,برد,80,,7740,60056.73,60056.88
2026-07-02,11:25,03:55AM,بالا,۱,1,20,برد,20,,7760,60054.95,60108.98
2026-07-02,12:35,05:05AM,بالا,۲,1,20,برد,20,,7780,60316.27,60375.86
2026-07-02,12:50,05:20AM,پایین,۲,1,20,باخت,-20,,7760,60499.07,60535.47
2026-07-02,13:00,05:30AM,پایین,۲،۵،۷,2,40,باخت,-40,,7720,60625.26,60862.21
2026-07-02,13:05,05:35AM,پایین,🏆 ورودِ طلایی،۱،۲،۳،۵،۷,3,80,باخت,-80,انفجار,7640,60862.21,61005.36
2026-07-02,13:10,05:40AM,پایین,🏆 ورودِ طلایی،۱،۲،۳،۵،۷,1,20,برد,20,,7660,61005.36,60968.82
2026-07-02,13:15,05:45AM,پایین,۵،۷,1,20,باخت,-20,,7640,60968.82,61208.52
2026-07-02,13:20,05:50AM,پایین,🏆 ورودِ طلایی،۱،۵،۶،۷,2,40,برد,40,,7680,61208.52,61095.75
2026-07-02,14:20,06:50AM,پایین,۱,1,20,برد,20,,7700,61237.39,61180.33
2026-07-02,14:35,07:05AM,پایین,۱,1,20,برد,20,,7720,61244.84,61200.01
2026-07-02,16:20,08:50AM,پایین,۱،۵,1,20,برد,20,,7740,61542.22,61474.68
2026-07-02,16:30,09:00AM,پایین,۶,1,20,باخت,-20,,7720,61520.56,61565.6
2026-07-02,16:35,09:05AM,پایین,۱,2,40,باخت,-40,,7680,61565.6,61617.12
2026-07-02,16:40,09:10AM,پایین,۱,3,80,باخت,-80,انفجار,7600,61617.12,61723.1
2026-07-02,16:45,09:15AM,پایین,۱،۲،۷,1,20,باخت,-20,,7580,61723.1,61812.66
2026-07-02,16:50,09:20AM,پایین,۱،۵،۷,2,40,برد,40,,7620,61812.66,61611.42
2026-07-02,17:00,09:30AM,پایین,۱،۵،۶,1,20,برد,20,,7640,61906.2,61867.47
2026-07-02,17:15,09:45AM,پایین,۵,1,20,برد,20,,7660,61883.04,61800.06
2026-07-02,17:40,10:10AM,پایین,۱,1,20,برد,20,,7680,62018.88,61786.51
2026-07-02,18:00,10:30AM,بالا,۵,1,20,باخت,-20,,7660,61543.23,61523.71
2026-07-02,18:05,10:35AM,بالا,۵,2,40,باخت,-40,,7620,61523.71,61368.21
2026-07-02,18:10,10:40AM,بالا,۱،۲،۳،۵,3,80,برد,80,,7700,61368.21,61590.16
2026-07-02,19:55,12:25PM,بالا,۱،۵,1,20,برد,20,,7720,61126.56,61209.22
2026-07-02,20:00,12:30PM,بالا,۵,1,20,برد,20,,7740,61209.22,61287.6
2026-07-02,20:15,12:45PM,پایین,🏆 ورودِ طلایی،۱،۲،۵,1,20,برد,20,,7760,61717.43,61629.01
2026-07-02,20:20,12:50PM,پایین,۵,1,20,باخت,-20,,7740,61629.01,61629.46
2026-07-02,20:25,12:55PM,پایین,۵,2,40,برد,40,,7780,61629.46,61622.77
2026-07-02,20:40,01:10PM,پایین,۱,1,20,باخت,-20,,7760,61727.0,61773.62
2026-07-02,20:45,01:15PM,پایین,۱,2,40,باخت,-40,,7720,61773.62,61801.6
2026-07-02,20:50,01:20PM,پایین,۱,3,80,باخت,-80,انفجار,7640,61801.6,61813.56
2026-07-02,20:55,01:25PM,پایین,۱,1,20,برد,20,,7660,61813.56,61714.18
2026-07-03,02:30,07:00PM,بالا,۷,1,20,برد,20,,7680,61293.45,61296.75
2026-07-03,02:35,07:05PM,بالا,۷,1,20,باخت,-20,,7660,61296.75,61278.91
2026-07-03,02:40,07:10PM,بالا,۷,2,40,برد,40,,7700,61278.91,61356.32
2026-07-03,03:00,07:30PM,پایین,۲،۵,1,20,برد,20,,7720,61518.44,61406.79
2026-07-03,03:35,08:05PM,بالا,۲,1,20,برد,20,,7740,61327.79,61334.4
2026-07-03,04:40,09:10PM,پایین,۱،۲،۵,1,20,برد,20,,7760,61549.13,61434.27
2026-07-03,05:05,09:35PM,پایین,۱,1,20,برد,20,,7780,61633.45,61583.7
2026-07-03,05:55,10:25PM,بالا,۵,1,20,باخت,-20,,7760,61321.36,61317.4
2026-07-03,06:10,10:40PM,بالا,۱,2,40,برد,40,,7800,61276.51,61290.81
2026-07-03,06:40,11:10PM,بالا,۱,1,20,برد,20,,7820,61245.91,61341.0
2026-07-03,07:00,11:30PM,پایین,۵,1,20,برد,20,,7840,61451.76,61403.67
2026-07-03,07:10,11:40PM,بالا,۲,1,20,برد,20,,7860,61314.77,61323.71
2026-07-03,08:35,01:05AM,پایین,۱,1,20,برد,20,,7880,61460.61,61458.86
2026-07-03,08:45,01:15AM,پایین,۱،۶,1,20,برد,20,,7900,61564.61,61560.1
2026-07-03,09:00,01:30AM,پایین,۱،۷,1,20,برد,20,,7920,61652.96,61636.34
2026-07-03,09:05,01:35AM,پایین,۶,1,20,برد,20,,7940,61636.34,61625.21
2026-07-03,09:30,02:00AM,پایین,۱،۶,1,20,برد,20,,7960,61759.27,61741.47
2026-07-03,10:05,02:35AM,بالا,۲,1,20,برد,20,,7980,61555.19,61567.99
2026-07-03,10:20,02:50AM,پایین,۲,1,20,برد,20,,8000,61693.17,61637.42
2026-07-03,11:10,03:40AM,پایین,۶,1,20,برد,20,,8020,61757.22,61752.21
2026-07-03,12:20,04:50AM,بالا,۱,1,20,باخت,-20,,8000,61520.41,61505.68
2026-07-03,12:25,04:55AM,بالا,۱,2,40,برد,40,,8040,61505.68,61508.5
2026-07-03,12:30,05:00AM,بالا,۵,1,20,برد,20,,8060,61508.5,61561.08
2026-07-03,13:55,06:25AM,پایین,۱,1,20,باخت,-20,,8040,61674.72,61693.77
2026-07-03,14:05,06:35AM,پایین,۲,2,40,باخت,-40,,8000,61759.77,61951.28
2026-07-03,14:10,06:40AM,پایین,۱،۲،۵،۷,3,80,برد,80,,8080,61951.28,61893.95
2026-07-03,14:15,06:45AM,پایین,۵,1,20,باخت,-20,,8060,61893.95,61896.95
2026-07-03,14:20,06:50AM,پایین,۵،۶,2,40,برد,40,,8100,61896.95,61845.15
2026-07-03,14:50,07:20AM,پایین,۱,1,20,برد,20,,8120,61983.25,61911.76
2026-07-03,15:30,08:00AM,پایین,۱،۵,1,20,برد,20,,8140,62075.5,62015.93
2026-07-03,17:10,09:40AM,پایین,۱,1,20,برد,20,,8160,62085.71,62010.38
2026-07-03,17:40,10:10AM,بالا,🏆 ورودِ طلایی،۱،۲،۵,1,20,برد,20,,8180,61696.87,61739.64
2026-07-03,17:45,10:15AM,بالا,۵,1,20,برد,20,,8200,61739.64,61802.29
2026-07-03,18:20,10:50AM,پایین,🏆 ورودِ طلایی،۱،۲،۵,1,20,برد,20,,8220,62207.0,62106.28
2026-07-03,18:25,10:55AM,پایین,۵,1,20,باخت,-20,,8200,62106.28,62124.97
2026-07-03,18:35,11:05AM,پایین,۱،۵,2,40,برد,40,,8240,62267.09,62134.11
2026-07-03,18:50,11:20AM,بالا,۲,1,20,باخت,-20,,8220,61966.62,61942.96
2026-07-03,18:55,11:25AM,بالا,۵,2,40,برد,40,,8260,61942.96,61961.0
2026-07-03,20:35,01:05PM,پایین,۲,1,20,برد,20,,8280,62204.62,62140.96
2026-07-03,23:40,04:10PM,پایین,۵،۷,1,20,باخت,-20,,8260,62380.95,62547.35
2026-07-03,23:45,04:15PM,پایین,🏆 ورودِ طلایی،۱،۲،۵،۷,2,40,باخت,-40,,8220,62547.35,62557.85
2026-07-03,23:50,04:20PM,پایین,🏆 ورودِ طلایی،۱،۵،۷,3,80,باخت,-80,انفجار,8140,62557.85,62562.67
2026-07-03,23:55,04:25PM,پایین,۱،۳،۵،۷,1,20,باخت,-20,,8120,62562.67,62616.23
2026-07-04,00:00,04:30PM,پایین,۱،۳،۵،۷,2,40,باخت,-40,,8080,62616.23,62621.9
2026-07-04,00:05,04:35PM,پایین,۱،۳,3,80,باخت,-80,انفجار,8000,62621.9,62643.44
2026-07-04,00:10,04:40PM,پایین,۱،۳,1,20,باخت,-20,,7980,62643.44,62764.75
2026-07-04,00:15,04:45PM,پایین,۱،۲،۳،۵,2,40,برد,40,,8020,62764.75,62761.66
2026-07-04,00:35,05:05PM,پایین,۶,1,20,برد,20,,8040,62719.1,62694.77
2026-07-04,00:45,05:15PM,بالا,۲,1,20,برد,20,,8060,62568.63,62592.56
2026-07-04,01:00,05:30PM,بالا,۵,1,20,باخت,-20,,8040,62490.84,62479.85
2026-07-04,01:20,05:50PM,پایین,۲،۵,2,40,برد,40,,8080,62725.07,62673.4
2026-07-04,03:35,08:05PM,پایین,🏆 ورودِ طلایی،۱،۵،۷,1,20,برد,20,,8100,62866.02,62779.29
2026-07-04,03:40,08:10PM,پایین,۵,1,20,برد,20,,8120,62779.29,62771.19
2026-07-04,03:45,08:15PM,پایین,۵,1,20,برد,20,,8140,62771.19,62707.44
2026-07-04,03:55,08:25PM,بالا,۵,1,20,برد,20,,8160,62701.0,62707.33
2026-07-04,04:35,09:05PM,بالا,۱،۵,1,20,برد,20,,8180,62459.74,62460.66
2026-07-04,04:40,09:10PM,بالا,۵,1,20,برد,20,,8200,62460.66,62502.0
2026-07-04,04:45,09:15PM,بالا,۵,1,20,باخت,-20,,8180,62502.0,62425.44
2026-07-04,04:50,09:20PM,بالا,۱,2,40,باخت,-40,,8140,62425.44,62424.27
2026-07-04,04:55,09:25PM,بالا,۱,3,80,برد,80,,8220,62424.27,62426.17
2026-07-04,05:05,09:35PM,بالا,۱,1,20,باخت,-20,,8200,62416.04,62383.96
2026-07-04,05:10,09:40PM,بالا,۱,2,40,باخت,-40,,8160,62383.96,62360.09
2026-07-04,05:15,09:45PM,بالا,۱,3,80,برد,80,,8240,62360.09,62419.28
2026-07-04,07:00,11:30PM,پایین,۷,1,20,باخت,-20,,8220,62617.61,62658.84
2026-07-04,07:05,11:35PM,پایین,۷,2,40,برد,40,,8260,62658.84,62647.1
2026-07-04,07:10,11:40PM,پایین,۵,1,20,برد,20,,8280,62647.1,62633.83
2026-07-04,07:20,11:50PM,بالا,۲,1,20,برد,20,,8300,62581.37,62587.86
2026-07-04,08:50,01:20AM,بالا,۲،۷,1,20,برد,20,,8320,62427.9,62453.04
2026-07-04,12:30,05:00AM,بالا,۱،۲,1,20,برد,20,,8340,62410.62,62448.65
2026-07-04,12:50,05:20AM,بالا,۱,1,20,برد,20,,8360,62410.16,62424.27
2026-07-04,13:00,05:30AM,بالا,۱,1,20,باخت,-20,,8340,62396.63,62385.2
2026-07-04,13:05,05:35AM,بالا,۱,2,40,برد,40,,8380,62385.2,62395.07
2026-07-04,15:55,08:25AM,پایین,۶,1,20,باخت,-20,,8360,62532.62,62579.79
2026-07-04,16:00,08:30AM,پایین,۷,2,40,برد,40,,8400,62579.79,62570.03
2026-07-04,16:45,09:15AM,پایین,۱,1,20,برد,20,,8420,62634.78,62627.14
2026-07-04,17:00,09:30AM,بالا,۲,1,20,باخت,-20,,8400,62556.99,62536.51
2026-07-04,18:10,10:40AM,پایین,۱,2,40,برد,40,,8440,62639.19,62615.21
2026-07-04,18:30,11:00AM,پایین,۱,1,20,باخت,-20,,8420,62682.67,62795.0
2026-07-04,18:35,11:05AM,پایین,🏆 ورودِ طلایی،۱،۲،۵،۷,2,40,برد,40,,8460,62795.0,62758.84
2026-07-04,18:40,11:10AM,پایین,۵,1,20,باخت,-20,,8440,62758.84,62759.32
2026-07-04,18:45,11:15AM,پایین,۵،۶,2,40,باخت,-40,,8400,62759.32,62848.35
2026-07-04,18:50,11:20AM,پایین,۱،۵،۷,3,80,باخت,-80,انفجار,8320,62848.35,62857.42
2026-07-04,18:55,11:25AM,پایین,۱،۷,1,20,برد,20,,8340,62857.42,62851.88
2026-07-04,19:05,11:35AM,پایین,۱،۶,1,20,باخت,-20,,8320,62858.86,62870.62
2026-07-04,19:10,11:40AM,پایین,۱,2,40,باخت,-40,,8280,62870.62,62893.51
2026-07-04,19:15,11:45AM,پایین,۱,3,80,برد,80,,8360,62893.51,62892.74
2026-07-04,19:40,12:10PM,بالا,۵,1,20,برد,20,,8380,62749.0,62803.58
2026-07-04,20:55,01:25PM,پایین,۱،۲,1,20,باخت,-20,,8360,62930.18,63101.51
2026-07-04,21:00,01:30PM,پایین,🏆 ورودِ طلایی،۱،۲،۵،۷,2,40,باخت,-40,,8320,63101.51,63122.35
2026-07-04,21:05,01:35PM,پایین,🏆 ورودِ طلایی،۱،۵،۷,3,80,باخت,-80,انفجار,8240,63122.35,63125.02
2026-07-04,21:10,01:40PM,پایین,🏆 ورودِ طلایی،۱،۳،۵،۷,1,20,باخت,-20,,8220,63125.02,63184.89
2026-07-04,21:15,01:45PM,پایین,🏆 ورودِ طلایی،۱،۲،۳،۵،۷,2,40,باخت,-40,,8180,63184.89,63294.82
2026-07-04,21:20,01:50PM,پایین,🏆 ورودِ طلایی،۱،۲،۳،۵،۷,3,80,برد,80,,8260,63294.82,63220.93
2026-07-04,22:00,02:30PM,بالا,۵,1,20,باخت,-20,,8240,63069.55,63069.12
2026-07-04,22:05,02:35PM,بالا,۵,2,40,برد,40,,8280,63069.12,63070.46
2026-07-04,22:30,03:00PM,پایین,۲,1,20,باخت,-20,,8260,63171.77,63179.22
2026-07-04,22:35,03:05PM,پایین,۵,2,40,برد,40,,8300,63179.22,63121.82
2026-07-04,22:55,03:25PM,پایین,۱،۲،۵,1,20,باخت,-20,,8280,63318.91,63376.54
2026-07-04,23:00,03:30PM,پایین,🏆 ورودِ طلایی،۱،۲،۵,2,40,برد,40,,8320,63376.54,63254.83
2026-07-04,23:20,03:50PM,بالا,۵,1,20,برد,20,,8340,63237.73,63250.78
2026-07-04,23:45,04:15PM,بالا,۲,1,20,باخت,-20,,8320,63198.69,63138.18
2026-07-04,23:50,04:20PM,بالا,۲،۵,2,40,باخت,-40,,8280,63138.18,63120.81
2026-07-04,23:55,04:25PM,بالا,۵,3,80,برد,80,,8360,63120.81,63185.71
2026-07-05,00:45,05:15PM,پایین,۱,1,20,باخت,-20,,8340,63328.68,63384.71
2026-07-05,00:50,05:20PM,پایین,۱،۵,2,40,برد,40,,8380,63384.71,63373.01
2026-07-05,00:55,05:25PM,پایین,۵,1,20,برد,20,,8400,63373.01,63322.45
2026-07-05,01:10,05:40PM,بالا,۲,1,20,باخت,-20,,8380,63239.63,63237.01
2026-07-05,01:50,06:20PM,بالا,۱,2,40,باخت,-40,,8340,63164.72,63163.43
2026-07-05,01:55,06:25PM,بالا,۱,3,80,برد,80,,8420,63163.43,63179.6
2026-07-05,02:40,07:10PM,بالا,۱،۵،۷,1,20,برد,20,,8440,62957.24,62983.81
2026-07-05,03:00,07:30PM,پایین,۲,1,20,برد,20,,8460,63109.25,63078.56
2026-07-05,03:30,08:00PM,بالا,۲,1,20,باخت,-20,,8440,63009.8,62981.06
2026-07-05,04:00,08:30PM,بالا,۱,2,40,برد,40,,8480,62950.76,63047.43
2026-07-05,05:00,09:30PM,بالا,۱,1,20,برد,20,,8500,62754.82,62796.67
2026-07-05,05:35,10:05PM,بالا,۱,1,20,باخت,-20,,8480,62741.81,62690.42
2026-07-05,05:40,10:10PM,بالا,۱,2,40,برد,40,,8520,62690.42,62690.47
2026-07-05,05:50,10:20PM,بالا,۱,1,20,برد,20,,8540,62678.06,62696.22
2026-07-05,06:10,10:40PM,بالا,۱,1,20,برد,20,,8560,62586.12,62586.96
2026-07-05,06:20,10:50PM,بالا,۱,1,20,برد,20,,8580,62579.48,62635.16
2026-07-05,06:55,11:25PM,بالا,۲,1,20,برد,20,,8600,62609.27,62640.33
2026-07-05,07:50,12:20AM,پایین,۲,1,20,برد,20,,8620,62817.91,62803.07
2026-07-05,08:00,12:30AM,پایین,۶,1,20,باخت,-20,,8600,62858.07,62863.12
2026-07-05,08:10,12:40AM,پایین,۷,2,40,برد,40,,8640,62884.66,62807.22
2026-07-05,08:30,01:00AM,بالا,۵,1,20,باخت,-20,,8620,62710.56,62692.12
2026-07-05,11:15,03:45AM,پایین,۵,2,40,باخت,-40,,8580,62867.82,62940.76
2026-07-05,11:20,03:50AM,پایین,۶،۷,3,80,باخت,-80,انفجار,8500,62940.76,62967.87
2026-07-05,11:25,03:55AM,پایین,۷,1,20,باخت,-20,,8480,62967.87,62974.83
2026-07-05,11:30,04:00AM,پایین,۷,2,40,برد,40,,8520,62974.83,62926.49
2026-07-05,11:40,04:10AM,پایین,۶,1,20,برد,20,,8540,62957.9,62922.15
2026-07-05,12:45,05:15AM,بالا,۳,1,20,باخت,-20,,8520,62813.43,62696.15
2026-07-05,12:50,05:20AM,بالا,۱،۲،۳،۵،۷,2,40,باخت,-40,,8480,62696.15,62680.9
2026-07-05,12:55,05:25AM,بالا,۱،۳،۵،۷,3,80,باخت,-80,انفجار,8400,62680.9,62671.66
2026-07-05,13:00,05:30AM,بالا,۳،۵،۷,1,20,باخت,-20,,8380,62671.66,62515.02
2026-07-05,13:05,05:35AM,بالا,🏆 ورودِ طلایی،۱،۲،۳،۵،۷,2,40,باخت,-40,,8340,62515.02,62474.97
2026-07-05,13:10,05:40AM,بالا,🏆 ورودِ طلایی،۱،۳،۵،۷,3,80,برد,80,,8420,62474.97,62534.72
2026-07-05,13:15,05:45AM,بالا,۵,1,20,باخت,-20,,8400,62534.72,62520.46
2026-07-05,13:20,05:50AM,بالا,۵,2,40,برد,40,,8440,62520.46,62564.11
2026-07-05,14:15,06:45AM,پایین,۲,1,20,باخت,-20,,8420,62689.3,62699.05
2026-07-05,15:30,08:00AM,بالا,۲,2,40,برد,40,,8460,62536.73,62543.1
2026-07-05,15:50,08:20AM,پایین,۲،۵,1,20,باخت,-20,,8440,62684.55,62693.84
2026-07-05,15:55,08:25AM,پایین,۵,2,40,برد,40,,8480,62693.84,62605.69
2026-07-05,16:35,09:05AM,پایین,۱,1,20,برد,20,,8500,62719.15,62685.52
2026-07-05,17:15,09:45AM,پایین,۱،۲,1,20,برد,20,,8520,62744.04,62741.75
2026-07-05,17:30,10:00AM,بالا,۲,1,20,برد,20,,8540,62660.01,62689.77
2026-07-05,18:00,10:30AM,بالا,۱,1,20,برد,20,,8560,62613.45,62713.81
2026-07-05,18:25,10:55AM,پایین,۱,1,20,باخت,-20,,8540,62761.23,62861.06
2026-07-05,18:30,11:00AM,پایین,۱،۵,2,40,برد,40,,8580,62861.06,62823.92
2026-07-05,18:35,11:05AM,پایین,۵,1,20,برد,20,,8600,62823.92,62767.65
2026-07-05,18:50,11:20AM,بالا,۲،۵,1,20,برد,20,,8620,62682.43,62715.14
2026-07-05,19:50,12:20PM,بالا,۱,1,20,باخت,-20,,8600,62643.91,62560.28
2026-07-05,19:55,12:25PM,بالا,۱،۲,2,40,برد,40,,8640,62560.28,62592.59
2026-07-05,21:10,01:40PM,بالا,۱،۵,1,20,برد,20,,8660,62550.26,62591.92
2026-07-05,22:15,02:45PM,پایین,۶,1,20,باخت,-20,,8640,62725.22,62780.49
2026-07-05,22:20,02:50PM,پایین,۱،۷,2,40,برد,40,,8680,62780.49,62764.08
2026-07-05,22:30,03:00PM,پایین,۶,1,20,برد,20,,8700,62772.23,62751.74
2026-07-05,23:35,04:05PM,پایین,۲,1,20,برد,20,,8720,62766.56,62759.24
2026-07-06,00:30,05:00PM,بالا,۲,1,20,باخت,-20,,8700,62620.14,62573.62
2026-07-06,00:35,05:05PM,بالا,۲،۵،۷,2,40,برد,40,,8740,62573.62,62679.94
2026-07-06,00:45,05:15PM,پایین,۱،۵,1,20,برد,20,,8760,62836.24,62835.34
2026-07-06,00:50,05:20PM,پایین,۵,1,20,باخت,-20,,8740,62835.34,62867.99
2026-07-06,00:55,05:25PM,پایین,🏆 ورودِ طلایی،۱،۵،۶,2,40,برد,40,,8780,62867.99,62862.96
2026-07-06,01:00,05:30PM,پایین,۵,1,20,باخت,-20,,8760,62862.96,62879.03
2026-07-06,01:05,05:35PM,پایین,۱,2,40,باخت,-40,,8720,62879.03,62966.53
2026-07-06,01:10,05:40PM,پایین,۱،۵،۷,3,80,برد,80,,8800,62966.53,62908.01
2026-07-06,01:20,05:50PM,پایین,۱،۵،۶,1,20,باخت,-20,,8780,63000.24,63037.13
2026-07-06,01:25,05:55PM,پایین,۱،۵,2,40,برد,40,,8820,63037.13,63000.29
2026-07-06,01:40,06:10PM,پایین,۱،۵،۷,1,20,باخت,-20,,8800,63164.35,63314.64
2026-07-06,01:45,06:15PM,پایین,🏆 ورودِ طلایی،۱،۵،۷,2,40,باخت,-40,,8760,63314.64,63495.35
2026-07-06,01:50,06:20PM,پایین,🏆 ورودِ طلایی،۱،۲،۵،۷,3,80,باخت,-80,انفجار,8680,63495.35,63647.32
2026-07-06,01:55,06:25PM,پایین,🏆 ورودِ طلایی،۱،۲،۵،۷,1,20,برد,20,,8700,63647.32,63583.2
2026-07-06,02:00,06:30PM,پایین,۵,1,20,برد,20,,8720,63583.2,63580.88
2026-07-06,02:05,06:35PM,پایین,۵,1,20,برد,20,,8740,63580.88,63502.84
2026-07-06,02:10,06:40PM,بالا,۲,1,20,برد,20,,8760,63502.84,63506.65
2026-07-06,02:15,06:45PM,بالا,۵,1,20,برد,20,,8780,63506.65,63568.55
2026-07-06,02:25,06:55PM,پایین,۱،۲,1,20,باخت,-20,,8760,63679.66,63778.89
2026-07-06,02:30,07:00PM,پایین,🏆 ورودِ طلایی،۱،۲،۵,2,40,برد,40,,8800,63778.89,63742.84
2026-07-06,02:35,07:05PM,پایین,۵,1,20,باخت,-20,,8780,63742.84,63909.8
2026-07-06,02:40,07:10PM,پایین,🏆 ورودِ طلایی،۱،۵،۶,2,40,برد,40,,8820,63909.8,63852.85
2026-07-06,02:45,07:15PM,پایین,۵,1,20,برد,20,,8840,63852.85,63662.04
2026-07-06,03:00,07:30PM,بالا,۵,1,20,برد,20,,8860,63589.22,63589.87
2026-07-06,03:05,07:35PM,بالا,۵,1,20,برد,20,,8880,63589.87,63638.47
2026-07-06,03:45,08:15PM,بالا,۱,1,20,باخت,-20,,8860,63442.4,63412.44
2026-07-06,03:50,08:20PM,بالا,۱،۵,2,40,باخت,-40,,8820,63412.44,63361.1
2026-07-06,03:55,08:25PM,بالا,۱,3,80,برد,80,,8900,63361.1,63410.68
2026-07-06,04:15,08:45PM,پایین,۲،۵,1,20,برد,20,,8920,63630.17,63592.12
2026-07-06,04:25,08:55PM,پایین,۵,1,20,برد,20,,8940,63699.93,63653.14
2026-07-06,04:35,09:05PM,پایین,۱,1,20,برد,20,,8960,63783.12,63730.37
2026-07-06,05:00,09:30PM,پایین,۱,1,20,برد,20,,8980,63855.13,63733.01
2026-07-06,05:15,09:45PM,بالا,۲,1,20,باخت,-20,,8960,63536.95,63519.09
2026-07-06,05:20,09:50PM,بالا,۵,2,40,باخت,-40,,8920,63519.09,63506.14
2026-07-06,05:25,09:55PM,بالا,۵,3,80,برد,80,,9000,63506.14,63570.27
2026-07-06,05:40,10:10PM,بالا,۱,1,20,برد,20,,9020,63392.0,63422.61
2026-07-06,06:10,10:40PM,بالا,۱،۲,1,20,برد,20,,9040,63343.37,63362.91
2026-07-06,06:45,11:15PM,بالا,۱,1,20,باخت,-20,,9020,63336.72,63206.28
2026-07-06,06:50,11:20PM,بالا,۱،۲,2,40,باخت,-40,,8980,63206.28,63170.54
2026-07-06,06:55,11:25PM,بالا,۷,3,80,باخت,-80,انفجار,8900,63170.54,63127.31
2026-07-06,07:00,11:30PM,بالا,۳،۷,1,20,برد,20,,8920,63127.31,63209.98
2026-07-06,08:55,01:25AM,بالا,۲،۷,1,20,باخت,-20,,8900,62954.29,62946.58
2026-07-06,09:00,01:30AM,بالا,۷,2,40,برد,40,,8940,62946.58,63056.98
2026-07-06,11:10,03:40AM,پایین,۲,1,20,باخت,-20,,8920,63040.54,63046.92
2026-07-06,12:05,04:35AM,بالا,۱,2,40,برد,40,,8960,62790.01,62841.74
2026-07-06,12:55,05:25AM,بالا,۳,1,20,باخت,-20,,8940,62681.45,62626.92
2026-07-06,13:00,05:30AM,بالا,۳,2,40,باخت,-40,,8900,62626.92,62564.88
2026-07-06,13:05,05:35AM,بالا,۳،۵،۷,3,80,برد,80,,8980,62564.88,62624.02
2026-07-06,13:45,06:15AM,پایین,۵,1,20,باخت,-20,,8960,62794.96,62797.84
2026-07-06,13:55,06:25AM,پایین,۳,2,40,باخت,-40,,8920,62818.8,62891.37
2026-07-06,14:00,06:30AM,پایین,۲،۳,3,80,باخت,-80,انفجار,8840,62891.37,62963.78
2026-07-06,14:05,06:35AM,پایین,۱،۲،۳،۷,1,20,برد,20,,8860,62963.78,62865.91
2026-07-06,14:25,06:55AM,بالا,۵,1,20,برد,20,,8880,62753.74,62808.8
2026-07-06,15:25,07:55AM,بالا,🏆 ورودِ طلایی،۱،۲،۵,1,20,باخت,-20,,8860,62420.75,61864.6
2026-07-06,15:30,08:00AM,بالا,🏆 ورودِ طلایی،۱،۲،۵،۷,2,40,برد,40,,8900,61864.6,61925.99
2026-07-06,15:35,08:05AM,بالا,۵،۷,1,20,باخت,-20,,8880,61925.99,61919.43
2026-07-06,15:40,08:10AM,بالا,۵،۷,2,40,برد,40,,8920,61919.43,62021.38
2026-07-06,15:45,08:15AM,بالا,۵,1,20,باخت,-20,,8900,62021.38,61972.74
2026-07-06,16:10,08:40AM,بالا,۱،۵,2,40,باخت,-40,,8860,61747.14,61647.36
2026-07-06,16:15,08:45AM,بالا,🏆 ورودِ طلایی،۱،۲،۵,3,80,برد,80,,8940,61647.36,61807.79
2026-07-06,16:20,08:50AM,بالا,۵,1,20,باخت,-20,,8920,61807.79,61695.91
2026-07-06,16:25,08:55AM,بالا,۵,2,40,باخت,-40,,8880,61695.91,61549.43
2026-07-06,16:30,09:00AM,بالا,۱,3,80,برد,80,,8960,61549.43,61687.87
2026-07-06,16:45,09:15AM,بالا,۱,1,20,برد,20,,8980,61493.56,61514.77
2026-07-06,16:55,09:25AM,بالا,۱،۵,1,20,برد,20,,9000,61396.2,61545.71
2026-07-06,17:15,09:45AM,پایین,۵,1,20,باخت,-20,,8980,61828.43,61862.11
2026-07-06,17:20,09:50AM,پایین,۵,2,40,برد,40,,9020,61862.11,61717.71
2026-07-06,17:25,09:55AM,پایین,۵,1,20,باخت,-20,,9000,61717.71,61799.29
2026-07-06,17:55,10:25AM,پایین,۱,2,40,برد,40,,9040,62038.03,61949.82
2026-07-06,18:05,10:35AM,پایین,۱,1,20,برد,20,,9060,62040.04,62002.18
2026-07-06,18:30,11:00AM,پایین,۱،۲,1,20,باخت,-20,,9040,62164.41,62394.43
2026-07-06,18:35,11:05AM,پایین,🏆 ورودِ طلایی،۱،۲،۵,2,40,باخت,-40,,9000,62394.43,62427.65
2026-07-06,18:40,11:10AM,پایین,۱،۵,3,80,برد,80,,9080,62427.65,62401.36
2026-07-06,18:45,11:15AM,پایین,۵,1,20,برد,20,,9100,62401.36,62327.82
2026-07-06,19:10,11:40AM,پایین,۱،۵،۷,1,20,برد,20,,9120,62864.38,62850.55
2026-07-06,19:15,11:45AM,پایین,۵,1,20,باخت,-20,,9100,62850.55,63444.11
2026-07-06,19:20,11:50AM,پایین,🏆 ورودِ طلایی،۱،۵،۶،۷,2,40,باخت,-40,,9060,63444.11,63507.52
2026-07-06,19:25,11:55AM,پایین,🏆 ورودِ طلایی،۱،۵،۷,3,80,برد,80,,9140,63507.52,63422.91
2026-07-06,19:30,12:00PM,پایین,۵,1,20,باخت,-20,,9120,63422.91,63599.0
2026-07-06,19:35,12:05PM,پایین,🏆 ورودِ طلایی،۱،۵،۶,2,40,باخت,-40,,9080,63599.0,63703.13
2026-07-06,19:40,12:10PM,پایین,۱,3,80,برد,80,,9160,63703.13,63689.38
2026-07-06,19:55,12:25PM,بالا,۲,1,20,برد,20,,9180,63422.42,63547.51
2026-07-06,20:30,01:00PM,پایین,۱,1,20,باخت,-20,,9160,63728.37,63860.62
2026-07-06,20:35,01:05PM,پایین,۱،۲,2,40,برد,40,,9200,63860.62,63806.39
2026-07-06,20:45,01:15PM,پایین,۱،۶,1,20,برد,20,,9220,63865.62,63843.98
2026-07-06,21:15,01:45PM,بالا,۳,1,20,باخت,-20,,9200,63625.4,63576.16
2026-07-06,21:20,01:50PM,بالا,۳,2,40,باخت,-40,,9160,63576.16,63539.26
2026-07-06,21:25,01:55PM,بالا,۳,3,80,برد,80,,9240,63539.26,63685.31
2026-07-07,00:35,05:05PM,پایین,🏆 ورودِ طلایی،۱،۵،۷,1,20,برد,20,,9260,64352.02,64259.02
2026-07-07,00:40,05:10PM,پایین,۵،۶,1,20,برد,20,,9280,64259.02,64199.99
2026-07-07,00:45,05:15PM,پایین,۵,1,20,باخت,-20,,9260,64199.99,64246.49
2026-07-07,00:50,05:20PM,پایین,۵,2,40,برد,40,,9300,64246.49,64180.59
2026-07-07,01:20,05:50PM,پایین,۱،۲,1,20,باخت,-20,,9280,64392.38,64443.84
2026-07-07,01:25,05:55PM,پایین,۱,2,40,برد,40,,9320,64443.84,64316.29
2026-07-07,04:30,09:00PM,بالا,۱,1,20,برد,20,,9340,63901.07,63933.92
2026-07-07,04:40,09:10PM,بالا,۵,1,20,برد,20,,9360,63919.5,63972.65
2026-07-07,04:55,09:25PM,بالا,۱,1,20,باخت,-20,,9340,63896.5,63881.12
2026-07-07,05:00,09:30PM,بالا,۱,2,40,باخت,-40,,9300,63881.12,63817.05
2026-07-07,05:05,09:35PM,بالا,۱,3,80,برد,80,,9380,63817.05,63904.56
2026-07-07,05:25,09:55PM,بالا,۱,1,20,برد,20,,9400,63792.61,63840.51
2026-07-07,05:35,10:05PM,بالا,۱,1,20,برد,20,,9420,63753.08,63787.25
2026-07-07,05:45,10:15PM,بالا,۱,1,20,باخت,-20,,9400,63744.32,63595.47
2026-07-07,05:50,10:20PM,بالا,۱,2,40,باخت,-40,,9360,63595.47,63531.08
2026-07-07,05:55,10:25PM,بالا,۱,3,80,باخت,-80,انفجار,9280,63531.08,63447.45
2026-07-07,06:00,10:30PM,بالا,۵،۷,1,20,برد,20,,9300,63447.45,63477.31
2026-07-07,08:40,01:10AM,بالا,۲،۵،۷,1,20,برد,20,,9320,62772.3,62834.03
2026-07-07,09:00,01:30AM,پایین,۵,1,20,باخت,-20,,9300,63079.03,63124.32
2026-07-07,09:05,01:35AM,پایین,۵,2,40,برد,40,,9340,63124.32,63119.62
2026-07-07,10:05,02:35AM,پایین,۱,1,20,برد,20,,9360,63215.41,63212.19
2026-07-07,10:15,02:45AM,پایین,۱،۶,1,20,باخت,-20,,9340,63261.73,63315.59
2026-07-07,10:20,02:50AM,پایین,۱,2,40,برد,40,,9380,63315.59,63290.92
2026-07-07,10:30,03:00AM,پایین,۱،۶,1,20,برد,20,,9400,63325.85,63276.96
2026-07-07,13:45,06:15AM,پایین,۱,1,20,برد,20,,9420,63380.35,63300.02
2026-07-07,14:30,07:00AM,بالا,۱,1,20,برد,20,,9440,63104.39,63128.49
2026-07-07,14:40,07:10AM,بالا,۱,1,20,برد,20,,9460,63103.05,63127.39
2026-07-07,15:00,07:30AM,بالا,۱,1,20,برد,20,,9480,63089.39,63104.69
2026-07-07,15:15,07:45AM,پایین,۲،۵,1,20,برد,20,,9500,63347.29,63272.82
2026-07-07,15:25,07:55AM,پایین,۵,1,20,باخت,-20,,9480,63339.3,63422.19
2026-07-07,15:30,08:00AM,پایین,۱,2,40,باخت,-40,,9440,63422.19,63717.65
2026-07-07,15:35,08:05AM,پایین,🏆 ورودِ طلایی،۱،۲،۵،۷,3,80,باخت,-80,انفجار,9360,63717.65,63737.5
2026-07-07,15:40,08:10AM,پایین,🏆 ورودِ طلایی،۱،۵،۷,1,20,برد,20,,9380,63737.5,63638.29
2026-07-07,15:45,08:15AM,پایین,۵,1,20,باخت,-20,,9360,63638.29,63700.0
2026-07-07,15:50,08:20AM,پایین,۵،۶,2,40,برد,40,,9400,63700.0,63648.46
2026-07-07,16:30,09:00AM,بالا,۵,1,20,برد,20,,9420,63279.48,63305.45
2026-07-07,16:50,09:20AM,بالا,۱،۲,1,20,باخت,-20,,9400,63091.78,63042.24
2026-07-07,16:55,09:25AM,بالا,۱،۵,2,40,برد,40,,9440,63042.24,63113.0
2026-07-07,17:05,09:35AM,بالا,۱،۵,1,20,برد,20,,9460,62982.83,63093.95
2026-07-07,17:25,09:55AM,بالا,۱,1,20,برد,20,,9480,62978.33,63020.53
2026-07-07,17:40,10:10AM,بالا,۱,1,20,برد,20,,9500,62915.28,62997.58
2026-07-07,18:05,10:35AM,بالا,۱,1,20,برد,20,,9520,62846.6,62874.94
2026-07-07,18:20,10:50AM,پایین,۱،۲,1,20,باخت,-20,,9500,63311.99,63493.38
2026-07-07,18:25,10:55AM,پایین,🏆 ورودِ طلایی،۱،۲،۵,2,40,برد,40,,9540,63493.38,63419.14
2026-07-07,18:30,11:00AM,پایین,۵,1,20,باخت,-20,,9520,63419.14,63463.07
2026-07-07,18:35,11:05AM,پایین,۵,2,40,باخت,-40,,9480,63463.07,63468.65
2026-07-07,18:45,11:15AM,پایین,۱,3,80,باخت,-80,انفجار,9400,63546.83,63693.87
2026-07-07,18:50,11:20AM,پایین,۱،۲،۵,1,20,برد,20,,9420,63693.87,63692.18
2026-07-07,19:00,11:30AM,پایین,۱،۶,1,20,باخت,-20,,9400,63708.27,63802.65
2026-07-07,19:05,11:35AM,پایین,۱،۵,2,40,برد,40,,9440,63802.65,63783.99
2026-07-07,19:15,11:45AM,پایین,۱،۵،۶,1,20,برد,20,,9460,63949.57,63918.55
2026-07-07,19:45,12:15PM,بالا,۳,1,20,برد,20,,9480,63788.43,63969.04
2026-07-07,19:50,12:20PM,پایین,۱,1,20,برد,20,,9500,63969.04,63950.72
2026-07-07,19:55,12:25PM,پایین,۶,1,20,برد,20,,9520,63950.72,63944.45
2026-07-07,20:20,12:50PM,پایین,۶,1,20,برد,20,,9540,64084.87,63930.18
2026-07-07,22:25,02:55PM,بالا,۵،۷,1,20,باخت,-20,,9520,63644.96,63631.02
2026-07-07,22:30,03:00PM,بالا,۵،۷,2,40,باخت,-40,,9480,63631.02,63565.3
2026-07-07,22:35,03:05PM,بالا,۵،۷,3,80,باخت,-80,انفجار,9400,63565.3,63487.17
2026-07-07,22:40,03:10PM,بالا,۳،۷,1,20,باخت,-20,,9380,63487.17,63466.16
2026-07-07,22:45,03:15PM,بالا,۳,2,40,برد,40,,9420,63466.16,63548.47
2026-07-07,23:00,03:30PM,پایین,۲,1,20,برد,20,,9440,63736.26,63725.08
2026-07-08,00:30,05:00PM,پایین,۲,1,20,برد,20,,9460,63781.72,63727.77
2026-07-08,00:50,05:20PM,بالا,۱،۵,1,20,برد,20,,9480,63401.45,63473.64
2026-07-08,01:00,05:30PM,بالا,۵,1,20,باخت,-20,,9460,63441.08,63338.0
2026-07-08,01:05,05:35PM,بالا,۱,2,40,برد,40,,9500,63338.0,63364.07
2026-07-08,01:30,06:00PM,بالا,۱,1,20,برد,20,,9520,63296.1,63370.77
2026-07-08,03:10,07:40PM,بالا,۲,1,20,باخت,-20,,9500,63402.13,63374.21
2026-07-08,03:25,07:55PM,بالا,۳,2,40,برد,40,,9540,63311.3,63393.56
2026-07-08,04:10,08:40PM,پایین,۱,1,20,برد,20,,9560,63665.21,63583.88
2026-07-08,05:00,09:30PM,بالا,۱،۵,1,20,باخت,-20,,9540,63308.01,62971.01
2026-07-08,05:05,09:35PM,بالا,🏆 ورودِ طلایی،۱،۲،۵،۷,2,40,برد,40,,9580,62971.01,63129.54
2026-07-08,05:10,09:40PM,بالا,۵,1,20,برد,20,,9600,63129.54,63151.41
2026-07-08,05:30,10:00PM,بالا,۱،۲,1,20,باخت,-20,,9580,62897.98,62783.44
2026-07-08,05:35,10:05PM,بالا,۱،۲،۵،۷,2,40,برد,40,,9620,62783.44,62840.85
2026-07-08,06:00,10:30PM,بالا,۱,1,20,برد,20,,9640,62669.39,62698.54
2026-07-08,07:20,11:50PM,بالا,۱،۲,1,20,برد,20,,9660,62660.28,62707.49
2026-07-08,11:45,04:15AM,بالا,۱،۲،۵,1,20,باخت,-20,,9640,62418.01,62159.9
2026-07-08,11:50,04:20AM,بالا,🏆 ورودِ طلایی،۱،۲،۵،۷,2,40,باخت,-40,,9600,62159.9,62023.15
2026-07-08,11:55,04:25AM,بالا,🏆 ورودِ طلایی،۱،۲،۵،۷,3,80,برد,80,,9680,62023.15,62048.29
2026-07-08,12:00,04:30AM,بالا,۵،۷,1,20,باخت,-20,,9660,62048.29,61942.44
2026-07-08,12:05,04:35AM,بالا,🏆 ورودِ طلایی،۱،۵،۷,2,40,برد,40,,9700,61942.44,61993.41
2026-07-08,12:35,05:05AM,بالا,۱,1,20,باخت,-20,,9680,61896.07,61837.82
2026-07-08,12:40,05:10AM,بالا,۱,2,40,باخت,-40,,9640,61837.82,61730.31
2026-07-08,12:45,05:15AM,بالا,۱،۲,3,80,برد,80,,9720,61730.31,61776.5
2026-07-08,13:00,05:30AM,پایین,۲,1,20,برد,20,,9740,62116.11,62039.72
2026-07-08,13:05,05:35AM,پایین,۵,1,20,باخت,-20,,9720,62039.72,62069.32
2026-07-08,13:30,06:00AM,بالا,۲,2,40,باخت,-40,,9680,61892.26,61868.33
2026-07-08,15:10,07:40AM,پایین,۶,3,80,برد,80,,9760,62281.7,62245.75
2026-07-08,16:25,08:55AM,بالا,۱,1,20,باخت,-20,,9740,61904.0,61875.27
2026-07-08,16:30,09:00AM,بالا,۱,2,40,برد,40,,9780,61875.27,61926.03
2026-07-08,16:40,09:10AM,بالا,۱,1,20,باخت,-20,,9760,61870.99,61824.72
2026-07-08,16:45,09:15AM,بالا,۱,2,40,باخت,-40,,9720,61824.72,61806.82
2026-07-08,17:15,09:45AM,بالا,۱،۲,3,80,باخت,-80,انفجار,9640,61673.29,61624.89
2026-07-08,17:20,09:50AM,بالا,۱،۵,1,20,برد,20,,9660,61624.89,61873.65
2026-07-08,17:35,10:05AM,پایین,۵,1,20,برد,20,,9680,61990.76,61985.98
2026-07-08,17:40,10:10AM,پایین,۵,1,20,برد,20,,9700,61985.98,61874.9
2026-07-08,18:15,10:45AM,بالا,۲,1,20,برد,20,,9720,61711.89,61937.3
2026-07-08,18:40,11:10AM,بالا,۱،۲،۵,1,20,برد,20,,9740,61538.3,61607.85
2026-07-08,18:50,11:20AM,بالا,۱,1,20,برد,20,,9760,61500.65,61566.77
2026-07-08,20:10,12:40PM,پایین,۱,1,20,برد,20,,9780,62003.89,61956.59
2026-07-08,20:35,01:05PM,پایین,۶,1,20,برد,20,,9800,62066.22,62000.52
2026-07-08,21:00,01:30PM,پایین,۵,1,20,باخت,-20,,9780,62288.26,62325.28
2026-07-08,21:20,01:50PM,بالا,۲,2,40,برد,40,,9820,62029.64,62054.53
2026-07-08,21:25,01:55PM,بالا,۵,1,20,برد,20,,9840,62054.53,62164.22
2026-07-08,22:00,02:30PM,بالا,۲,1,20,باخت,-20,,9820,62033.32,62012.16
2026-07-09,04:35,09:05PM,پایین,🏆 ورودِ طلایی،۱،۲،۵،۷,2,40,برد,40,,9860,62570.71,62343.89
2026-07-09,04:40,09:10PM,پایین,۵,1,20,باخت,-20,,9840,62343.89,62461.12
2026-07-09,04:45,09:15PM,پایین,۵,2,40,برد,40,,9880,62461.12,62378.12
2026-07-09,04:50,09:20PM,پایین,۵,1,20,برد,20,,9900,62378.12,62337.11
2026-07-09,04:55,09:25PM,بالا,۵,1,20,باخت,-20,,9880,62337.11,62212.87
2026-07-09,05:00,09:30PM,بالا,۲,2,40,باخت,-40,,9840,62212.87,62210.31
2026-07-09,05:05,09:35PM,بالا,۵,3,80,باخت,-80,انفجار,9760,62210.31,62057.73
2026-07-09,05:10,09:40PM,بالا,۲،۵,1,20,باخت,-20,,9740,62057.73,61988.99
2026-07-09,05:15,09:45PM,بالا,🏆 ورودِ طلایی،۱،۳،۵,2,40,باخت,-40,,9700,61988.99,61868.44
2026-07-09,05:20,09:50PM,بالا,🏆 ورودِ طلایی،۱،۲،۳،۵,3,80,باخت,-80,انفجار,9620,61868.44,61855.18
2026-07-09,05:25,09:55PM,بالا,🏆 ورودِ طلایی،۱،۳،۵,1,20,برد,20,,9640,61855.18,61894.41
2026-07-09,06:00,10:30PM,بالا,۱،۲,1,20,برد,20,,9660,61821.3,61836.78
2026-07-09,06:10,10:40PM,بالا,۱،۵,1,20,باخت,-20,,9640,61765.17,61691.55
2026-07-09,06:15,10:45PM,بالا,۱،۵,2,40,برد,40,,9680,61691.55,61735.51
2026-07-09,07:00,11:30PM,پایین,۲,1,20,برد,20,,9700,61956.23,61921.5
2026-07-09,08:05,12:35AM,پایین,۷,1,20,باخت,-20,,9680,62211.71,62251.81
2026-07-09,08:10,12:40AM,پایین,۵،۷,2,40,باخت,-40,,9640,62251.81,62258.03
2026-07-09,08:20,12:50AM,پایین,۳،۷,3,80,باخت,-80,انفجار,9560,62311.92,62409.56
2026-07-09,08:25,12:55AM,پایین,۲،۳،۷,1,20,برد,20,,9580,62409.56,62398.99
2026-07-09,09:20,01:50AM,پایین,۵,1,20,باخت,-20,,9560,62501.17,62535.66
2026-07-09,09:30,02:00AM,پایین,۵،۷,2,40,برد,40,,9600,62598.34,62467.54
2026-07-09,09:55,02:25AM,پایین,۱،۲،۵،۷,1,20,برد,20,,9620,62769.44,62741.74
2026-07-09,10:00,02:30AM,پایین,۵,1,20,برد,20,,9640,62741.74,62731.57
2026-07-09,10:10,02:40AM,پایین,۱,1,20,برد,20,,9660,62799.4,62764.43
2026-07-09,10:15,02:45AM,پایین,۶,1,20,باخت,-20,,9640,62764.43,62793.91
2026-07-09,10:25,02:55AM,پایین,۱,2,40,برد,40,,9680,62909.37,62901.68
2026-07-09,10:45,03:15AM,پایین,۱,1,20,برد,20,,9700,63025.95,62811.82
2026-07-09,11:15,03:45AM,پایین,۱,1,20,برد,20,,9720,63075.09,63070.77
2026-07-09,12:35,05:05AM,بالا,۳,1,20,برد,20,,9740,62770.92,62810.26
2026-07-09,16:05,08:35AM,پایین,۱,1,20,برد,20,,9760,62856.26,62552.04
2026-07-09,16:10,08:40AM,بالا,۱,1,20,باخت,-20,,9740,62552.04,62514.38
2026-07-09,16:15,08:45AM,بالا,۱،۵,2,40,برد,40,,9780,62514.38,62583.63
2026-07-09,16:25,08:55AM,بالا,۵,1,20,برد,20,,9800,62552.68,62728.39
2026-07-09,16:35,09:05AM,پایین,۵,1,20,باخت,-20,,9780,62778.92,62813.2
2026-07-09,17:10,09:40AM,پایین,۱,2,40,برد,40,,9820,62904.22,62868.53
2026-07-09,17:20,09:50AM,پایین,۱،۵,1,20,برد,20,,9840,62969.78,62966.8
2026-07-09,17:25,09:55AM,پایین,۵,1,20,باخت,-20,,9820,62966.8,63034.9
2026-07-09,17:30,10:00AM,پایین,۱,2,40,برد,40,,9860,63034.9,62873.53
2026-07-09,17:45,10:15AM,بالا,۲،۵,1,20,برد,20,,9880,62659.72,62684.33
2026-07-09,17:50,10:20AM,بالا,۵,1,20,برد,20,,9900,62684.33,62813.64
2026-07-09,18:35,11:05AM,پایین,۱,1,20,برد,20,,9920,63093.02,63037.21
2026-07-09,19:45,12:15PM,بالا,۱,1,20,باخت,-20,,9900,62721.39,62652.11
2026-07-09,19:50,12:20PM,بالا,۱,2,40,باخت,-40,,9860,62652.11,62648.01
2026-07-09,19:55,12:25PM,بالا,۱,3,80,برد,80,,9940,62648.01,62656.9
2026-07-09,21:15,01:45PM,پایین,۵،۷,1,20,باخت,-20,,9920,63030.92,63041.12
2026-07-09,21:20,01:50PM,پایین,۵،۷,2,40,باخت,-40,,9880,63041.12,63086.8
2026-07-09,21:25,01:55PM,پایین,۷,3,80,برد,80,,9960,63086.8,63048.79
2026-07-09,21:35,02:05PM,پایین,۱،۶،۷,1,20,باخت,-20,,9940,63264.47,63332.34
2026-07-09,21:40,02:10PM,پایین,۱،۵،۷,2,40,باخت,-40,,9900,63332.34,63349.31
2026-07-09,21:45,02:15PM,پایین,۱،۵,3,80,برد,80,,9980,63349.31,63221.15
2026-07-09,21:55,02:25PM,پایین,۶,1,20,باخت,-20,,9960,63322.71,63329.99
2026-07-10,02:45,07:15PM,بالا,۲,2,40,برد,40,,10000,63050.09,63223.75
2026-07-10,03:50,08:20PM,بالا,۱,1,20,برد,20,,10020,63038.77,63047.41
2026-07-10,04:00,08:30PM,بالا,۱،۵,1,20,برد,20,,10040,62908.72,63055.3
2026-07-10,04:45,09:15PM,پایین,۲,1,20,باخت,-20,,10020,63207.45,63278.15
2026-07-10,04:50,09:20PM,پایین,۱،۵,2,40,باخت,-40,,9980,63278.15,63328.05
2026-07-10,04:55,09:25PM,پایین,۱،۵,3,80,برد,80,,10060,63328.05,63286.43
2026-07-10,05:05,09:35PM,پایین,۱,1,20,برد,20,,10080,63339.62,63338.77
2026-07-10,05:15,09:45PM,پایین,🏆 ورودِ طلایی،۱،۵،۷,1,20,باخت,-20,,10060,63699.0,63770.71
2026-07-10,05:20,09:50PM,پایین,🏆 ورودِ طلایی،۱،۵،۷,2,40,برد,40,,10100,63770.71,63681.07
2026-07-10,05:25,09:55PM,پایین,۵,1,20,باخت,-20,,10080,63681.07,63757.86
2026-07-10,05:30,10:00PM,پایین,۵،۶,2,40,برد,40,,10120,63757.86,63717.42
2026-07-10,05:40,10:10PM,پایین,۱,1,20,باخت,-20,,10100,63816.76,63877.92
2026-07-10,05:45,10:15PM,پایین,۱,2,40,برد,40,,10140,63877.92,63788.96
2026-07-10,06:15,10:45PM,پایین,۱،۶,1,20,برد,20,,10160,63933.3,63929.75
2026-07-10,09:55,02:25AM,بالا,۳,1,20,برد,20,,10180,63862.03,63868.29
2026-07-10,11:45,04:15AM,پایین,۲،۳،۵،۷,1,20,باخت,-20,,10160,64223.96,64285.46
2026-07-10,11:50,04:20AM,پایین,۳،۵،۷,2,40,باخت,-40,,10120,64285.46,64291.45
2026-07-10,11:55,04:25AM,پایین,۳،۵،۷,3,80,برد,80,,10200,64291.45,64277.36
2026-07-10,12:00,04:30AM,پایین,۵,1,20,برد,20,,10220,64277.36,64157.82
2026-07-10,12:50,05:20AM,پایین,۱,1,20,باخت,-20,,10200,64308.98,64372.62
2026-07-10,12:55,05:25AM,پایین,۱,2,40,برد,40,,10240,64372.62,64364.77
2026-07-10,13:05,05:35AM,پایین,۱،۶,1,20,باخت,-20,,10220,64406.07,64423.68
2026-07-10,13:10,05:40AM,پایین,۱,2,40,برد,40,,10260,64423.68,64375.84
2026-07-10,13:40,06:10AM,بالا,۳,1,20,برد,20,,10280,64257.96,64263.44
2026-07-10,14:05,06:35AM,پایین,۵,1,20,باخت,-20,,10260,64412.27,64424.36
2026-07-10,15:15,07:45AM,پایین,۲,2,40,برد,40,,10300,64421.28,64377.77
2026-07-10,15:40,08:10AM,پایین,۱,1,20,برد,20,,10320,64500.34,64407.36
2026-07-10,16:10,08:40AM,بالا,۱،۲,1,20,باخت,-20,,10300,64311.16,64305.31
2026-07-10,16:15,08:45AM,بالا,۱،۵,2,40,باخت,-40,,10260,64305.31,64257.0
2026-07-10,16:20,08:50AM,بالا,۱،۵,3,80,باخت,-80,انفجار,10180,64257.0,64254.49
2026-07-10,16:25,08:55AM,بالا,۱،۳,1,20,باخت,-20,,10160,64254.49,64224.39
2026-07-10,16:30,09:00AM,بالا,۱،۳,2,40,برد,40,,10200,64224.39,64266.1
2026-07-10,16:40,09:10AM,بالا,۱,1,20,باخت,-20,,10180,64197.12,64154.54
2026-07-10,16:45,09:15AM,بالا,۱,2,40,برد,40,,10220,64154.54,64226.51
2026-07-10,16:55,09:25AM,بالا,۱،۵,1,20,برد,20,,10240,64117.28,64183.48
2026-07-10,17:10,09:40AM,پایین,۲,1,20,باخت,-20,,10220,64330.86,64498.17
2026-07-10,17:15,09:45AM,پایین,۲،۵,2,40,باخت,-40,,10180,64498.17,64523.62
2026-07-10,17:20,09:50AM,پایین,۱،۵,3,80,برد,80,,10260,64523.62,64444.7
2026-07-10,17:35,10:05AM,بالا,۲،۵,1,20,باخت,-20,,10240,64224.54,64156.73
2026-07-10,17:40,10:10AM,بالا,۲،۵,2,40,باخت,-40,,10200,64156.73,64088.53
2026-07-10,17:45,10:15AM,بالا,🏆 ورودِ طلایی،۱،۲،۵,3,80,باخت,-80,انفجار,10120,64088.53,64046.75
2026-07-10,17:50,10:20AM,بالا,۱،۳،۵,1,20,برد,20,,10140,64046.75,64094.14
2026-07-10,18:00,10:30AM,بالا,۱,1,20,برد,20,,10160,64006.73,64061.28
2026-07-10,18:20,10:50AM,بالا,۱,1,20,باخت,-20,,10140,63942.19,63857.44
2026-07-10,18:25,10:55AM,بالا,۱،۵,2,40,برد,40,,10180,63857.44,63942.65
2026-07-10,19:05,11:35AM,بالا,۲,1,20,باخت,-20,,10160,63948.56,63904.97
2026-07-10,20:05,12:35PM,بالا,۱,2,40,برد,40,,10200,63823.26,63883.2
2026-07-10,20:20,12:50PM,پایین,۲,1,20,باخت,-20,,10180,64003.02,64099.25
2026-07-10,20:25,12:55PM,پایین,۱،۲،۵,2,40,باخت,-40,,10140,64099.25,64099.29
2026-07-10,20:30,01:00PM,پایین,۱,3,80,برد,80,,10220,64099.29,63986.79
2026-07-10,20:45,01:15PM,بالا,۵,1,20,برد,20,,10240,63845.76,63902.38
2026-07-10,21:20,01:50PM,بالا,۱,1,20,باخت,-20,,10220,63821.63,63776.7
2026-07-10,21:25,01:55PM,بالا,۱,2,40,برد,40,,10260,63776.7,63867.9
2026-07-10,22:20,02:50PM,بالا,۲،۳,1,20,برد,20,,10280,63697.46,63762.7
2026-07-11,00:55,05:25PM,پایین,۳,1,20,برد,20,,10300,63963.4,63950.38
2026-07-11,01:05,05:35PM,پایین,۶،۷,1,20,برد,20,,10320,64026.26,63997.78
2026-07-11,01:55,06:25PM,پایین,۷,1,20,برد,20,,10340,64097.74,64091.04
2026-07-11,02:15,06:45PM,پایین,۶,1,20,باخت,-20,,10320,64079.99,64098.11
2026-07-11,03:05,07:35PM,پایین,۶,2,40,باخت,-40,,10280,64162.21,64164.68
2026-07-11,04:50,09:20PM,پایین,۱,3,80,باخت,-80,انفجار,10200,64180.0,64191.93
2026-07-11,05:25,09:55PM,بالا,۱,1,20,برد,20,,10220,63976.88,64002.83
2026-07-11,05:40,10:10PM,بالا,۱,1,20,برد,20,,10240,63961.59,64022.37
2026-07-11,09:50,02:20AM,پایین,۲,1,20,برد,20,,10260,64212.19,64178.07
2026-07-11,11:40,04:10AM,پایین,۲,1,20,باخت,-20,,10240,64191.85,64195.49
2026-07-11,11:50,04:20AM,پایین,۳,2,40,باخت,-40,,10200,64207.21,64207.23
2026-07-11,11:55,04:25AM,پایین,۳,3,80,برد,80,,10280,64207.23,64203.1
2026-07-11,12:05,04:35AM,پایین,۶,1,20,باخت,-20,,10260,64207.23,64237.33
2026-07-11,13:15,05:45AM,بالا,۱,2,40,باخت,-40,,10220,64114.83,64109.88
2026-07-11,13:30,06:00AM,بالا,۱,3,80,برد,80,,10300,64106.74,64110.87
2026-07-11,13:45,06:15AM,بالا,۱,1,20,برد,20,,10320,64095.0,64114.29
2026-07-11,14:05,06:35AM,بالا,۱,1,20,برد,20,,10340,64091.38,64097.54
2026-07-11,16:00,08:30AM,بالا,۲,1,20,باخت,-20,,10320,64092.62,64091.98
2026-07-11,16:10,08:40AM,بالا,۳,2,40,برد,40,,10360,64091.81,64110.95
2026-07-11,17:00,09:30AM,پایین,۲,1,20,برد,20,,10380,64181.87,64165.71
2026-07-11,17:10,09:40AM,پایین,۶,1,20,باخت,-20,,10360,64193.56,64213.73
2026-07-11,17:45,10:15AM,پایین,۶,2,40,باخت,-40,,10320,64246.12,64299.99
2026-07-11,17:50,10:20AM,پایین,۵،۷,3,80,باخت,-80,انفجار,10240,64299.99,64333.53
2026-07-11,17:55,10:25AM,پایین,۲،۵،۷,1,20,باخت,-20,,10220,64333.53,64365.0
2026-07-11,18:00,10:30AM,پایین,🏆 ورودِ طلایی،۲،۵،۷,2,40,باخت,-40,,10180,64365.0,64430.7
2026-07-11,18:05,10:35AM,پایین,🏆 ورودِ طلایی،۱،۲،۵،۷,3,80,برد,80,,10260,64430.7,64371.14
2026-07-11,18:25,10:55AM,بالا,۵,1,20,برد,20,,10280,64308.83,64325.99
2026-07-11,18:40,11:10AM,پایین,۵,1,20,برد,20,,10300,64423.29,64364.09
2026-07-11,18:50,11:20AM,پایین,۵,1,20,برد,20,,10320,64419.59,64381.02
2026-07-11,19:05,11:35AM,بالا,۱،۵,1,20,باخت,-20,,10300,64097.88,64048.92
2026-07-11,19:10,11:40AM,بالا,۱،۵,2,40,برد,40,,10340,64048.92,64049.96
2026-07-11,19:15,11:45AM,بالا,۵,1,20,برد,20,,10360,64049.96,64093.22
2026-07-11,19:20,11:50AM,بالا,۵,1,20,برد,20,,10380,64093.22,64126.8
2026-07-11,19:25,11:55AM,پایین,۲,1,20,برد,20,,10400,64126.8,64088.76
2026-07-11,19:55,12:25PM,پایین,۵,1,20,برد,20,,10420,64174.56,64173.3
2026-07-11,20:20,12:50PM,بالا,۵,1,20,برد,20,,10440,64083.11,64133.16
2026-07-11,20:35,01:05PM,پایین,۲,1,20,برد,20,,10460,64179.96,64169.51
2026-07-11,20:45,01:15PM,پایین,۱,1,20,برد,20,,10480,64194.64,64170.17
2026-07-11,20:55,01:25PM,پایین,۱,1,20,باخت,-20,,10460,64255.43,64331.62
2026-07-11,21:00,01:30PM,پایین,۱،۵,2,40,برد,40,,10500,64331.62,64309.15
2026-07-11,21:05,01:35PM,پایین,۵,1,20,باخت,-20,,10480,64309.15,64317.0
2026-07-11,21:10,01:40PM,پایین,۵،۶,2,40,برد,40,,10520,64317.0,64285.93
2026-07-11,21:45,02:15PM,پایین,۲,1,20,باخت,-20,,10500,64315.56,64329.99
2026-07-12,00:10,04:40PM,پایین,۲،۷,2,40,برد,40,,10540,64367.65,64344.64
2026-07-12,01:50,06:20PM,بالا,۲,1,20,باخت,-20,,10520,64259.23,64212.74
2026-07-12,01:55,06:25PM,بالا,۲،۷,2,40,برد,40,,10560,64212.74,64246.05
2026-07-12,02:05,06:35PM,بالا,۵,1,20,باخت,-20,,10540,64182.05,64177.98
2026-07-12,02:15,06:45PM,بالا,۲،۷,2,40,برد,40,,10580,64109.43,64121.57
2026-07-12,02:20,06:50PM,بالا,۵,1,20,برد,20,,10600,64121.57,64163.06
2026-07-12,02:50,07:20PM,بالا,🏆 ورودِ طلایی،۱،۵،۷,1,20,برد,20,,10620,63883.59,63890.1
2026-07-12,02:55,07:25PM,بالا,۵،۷,1,20,باخت,-20,,10600,63890.1,63826.8
2026-07-12,03:00,07:30PM,بالا,🏆 ورودِ طلایی،۱،۵،۷,2,40,برد,40,,10640,63826.8,63828.03
2026-07-12,03:05,07:35PM,بالا,۵,1,20,برد,20,,10660,63828.03,63908.85
2026-07-12,03:15,07:45PM,پایین,۲,1,20,برد,20,,10680,63975.71,63850.02
2026-07-12,03:25,07:55PM,بالا,۱,1,20,برد,20,,10700,63780.01,63840.01
2026-07-12,03:35,08:05PM,بالا,۱،۵,1,20,برد,20,,10720,63748.98,63752.14
2026-07-12,04:05,08:35PM,بالا,۱،۲,1,20,برد,20,,10740,63705.23,63755.0
2026-07-12,04:35,09:05PM,پایین,۵,1,20,برد,20,,10760,63907.14,63894.03
2026-07-12,04:45,09:15PM,پایین,۵،۶,1,20,برد,20,,10780,63955.79,63920.55
2026-07-12,05:00,09:30PM,پایین,۱,1,20,باخت,-20,,10760,63960.6,64030.48
2026-07-12,05:05,09:35PM,پایین,۱,2,40,باخت,-40,,10720,64030.48,64114.7
2026-07-12,05:10,09:40PM,پایین,۱،۲،۵،۷,3,80,برد,80,,10800,64114.7,64078.88
2026-07-12,05:15,09:45PM,پایین,۵,1,20,باخت,-20,,10780,64078.88,64086.02
2026-07-12,05:20,09:50PM,پایین,۵،۶,2,40,باخت,-40,,10740,64086.02,64087.7
2026-07-12,07:00,11:30PM,پایین,۶,3,80,برد,80,,10820,64147.41,64101.65
2026-07-12,08:00,12:30AM,بالا,۵,1,20,باخت,-20,,10800,63970.35,63945.83
2026-07-12,08:05,12:35AM,بالا,۵,2,40,برد,40,,10840,63945.83,63982.0
2026-07-12,08:45,01:15AM,بالا,۲,1,20,باخت,-20,,10820,63910.13,63881.62
2026-07-12,09:35,02:05AM,بالا,۲،۵،۷,2,40,باخت,-40,,10780,63751.86,63711.18
2026-07-12,09:40,02:10AM,بالا,۵،۷,3,80,باخت,-80,انفجار,10700,63711.18,63693.44
2026-07-12,09:45,02:15AM,بالا,۵،۷,1,20,برد,20,,10720,63693.44,63729.2
2026-07-12,09:55,02:25AM,بالا,۷,1,20,برد,20,,10740,63636.25,63676.32
2026-07-12,11:30,04:00AM,پایین,۲,1,20,باخت,-20,,10720,63887.97,63980.19
2026-07-12,11:35,04:05AM,پایین,۲،۳،۵،۷,2,40,باخت,-40,,10680,63980.19,64004.95
2026-07-12,11:40,04:10AM,پایین,۳،۵،۷,3,80,برد,80,,10760,64004.95,63969.37
2026-07-12,11:50,04:20AM,پایین,۶,1,20,برد,20,,10780,63970.66,63956.7
2026-07-12,12:40,05:10AM,بالا,۲,1,20,باخت,-20,,10760,63850.9,63796.8
2026-07-12,12:45,05:15AM,بالا,۱،۲،۵,2,40,باخت,-40,,10720,63796.8,63733.56
2026-07-12,12:50,05:20AM,بالا,۱،۲،۳،۵،۷,3,80,برد,80,,10800,63733.56,63785.49
2026-07-12,12:55,05:25AM,بالا,۵,1,20,برد,20,,10820,63785.49,63850.61
2026-07-12,13:05,05:35AM,پایین,۲,1,20,باخت,-20,,10800,63899.9,63963.0
2026-07-12,13:10,05:40AM,پایین,۲،۵,2,40,برد,40,,10840,63963.0,63946.56
2026-07-12,13:15,05:45AM,پایین,۵,1,20,باخت,-20,,10820,63946.56,63950.77
2026-07-12,15:00,07:30AM,پایین,۵,2,40,باخت,-40,,10780,63949.84,63956.69
2026-07-12,15:05,07:35AM,پایین,۱,3,80,باخت,-80,انفجار,10700,63956.69,63958.95
2026-07-12,15:40,08:10AM,پایین,۱,1,20,برد,20,,10720,64062.64,64014.03
2026-07-12,18:15,10:45AM,پایین,🏆 ورودِ طلایی،۱،۲،۵،۷,1,20,باخت,-20,,10700,64150.75,64182.34
2026-07-12,18:20,10:50AM,پایین,🏆 ورودِ طلایی،۱،۵،۷,2,40,برد,40,,10740,64182.34,64164.93
2026-07-12,18:25,10:55AM,پایین,۵،۷,1,20,برد,20,,10760,64164.93,64129.12
2026-07-12,18:55,11:25AM,پایین,۱,1,20,برد,20,,10780,64188.4,64114.84
2026-07-12,19:40,12:10PM,بالا,۵,1,20,برد,20,,10800,64015.95,64055.84
2026-07-12,19:55,12:25PM,پایین,۲,1,20,برد,20,,10820,64137.06,64079.34
2026-07-12,21:20,01:50PM,بالا,۱،۲,1,20,برد,20,,10840,64012.78,64041.49
2026-07-12,21:35,02:05PM,بالا,۱،۵,1,20,برد,20,,10860,63989.81,63997.97
2026-07-12,22:05,02:35PM,پایین,۲,1,20,باخت,-20,,10840,64084.36,64087.11
2026-07-12,22:15,02:45PM,پایین,۳,2,40,برد,40,,10880,64107.37,64099.81
2026-07-12,22:35,03:05PM,پایین,۱،۲,1,20,برد,20,,10900,64168.64,64135.03
2026-07-13,00:50,05:20PM,بالا,۵,1,20,برد,20,,10920,64071.35,64071.37
2026-07-13,00:55,05:25PM,بالا,۵,1,20,باخت,-20,,10900,64071.37,64040.34
2026-07-13,01:00,05:30PM,بالا,۵,2,40,باخت,-40,,10860,64040.34,64035.02
2026-07-13,01:05,05:35PM,بالا,۷,3,80,باخت,-80,انفجار,10780,64035.02,64019.01
2026-07-13,01:10,05:40PM,بالا,۷,1,20,باخت,-20,,10760,64019.01,63917.57
2026-07-13,01:15,05:45PM,بالا,🏆 ورودِ طلایی،۲،۵،۷,2,40,باخت,-40,,10720,63917.57,63859.67
2026-07-13,01:20,05:50PM,بالا,🏆 ورودِ طلایی،۱،۲،۵،۷,3,80,برد,80,,10800,63859.67,63883.94
2026-07-13,01:25,05:55PM,بالا,۵،۷,1,20,باخت,-20,,10780,63883.94,63716.82
2026-07-13,01:30,06:00PM,بالا,🏆 ورودِ طلایی،۱،۵،۷,2,40,برد,40,,10820,63716.82,63769.11
2026-07-13,01:35,06:05PM,بالا,۵,1,20,باخت,-20,,10800,63769.11,63764.2
2026-07-13,01:45,06:15PM,بالا,🏆 ورودِ طلایی،۱،۵،۷,2,40,برد,40,,10840,63663.07,63804.95
2026-07-13,02:05,06:35PM,پایین,۵,1,20,برد,20,,10860,63781.03,63738.26
2026-07-13,03:15,07:45PM,بالا,۲,1,20,برد,20,,10880,63707.95,63744.18
2026-07-13,03:35,08:05PM,پایین,۱،۵,1,20,باخت,-20,,10860,64004.6,64250.0
2026-07-13,03:40,08:10PM,پایین,🏆 ورودِ طلایی،۱،۲،۵،۷,2,40,برد,40,,10900,64250.0,64172.51
2026-07-13,03:45,08:15PM,پایین,۵,1,20,باخت,-20,,10880,64172.51,64182.55
2026-07-13,03:50,08:20PM,پایین,۵،۶,2,40,برد,40,,10920,64182.55,64148.82
2026-07-13,03:55,08:25PM,پایین,۵,1,20,برد,20,,10940,64148.82,64047.79
2026-07-13,04:00,08:30PM,بالا,۵,1,20,باخت,-20,,10920,64047.79,63713.76
2026-07-13,04:05,08:35PM,بالا,۲،۵,2,40,برد,40,,10960,63713.76,63746.81
2026-07-13,04:10,08:40PM,بالا,۵,1,20,برد,20,,10980,63746.81,63890.0
2026-07-13,04:15,08:45PM,بالا,۵,1,20,برد,20,,11000,63890.0,63939.05
2026-07-13,04:20,08:50PM,پایین,۲,1,20,باخت,-20,,10980,63939.05,64025.43
2026-07-13,04:25,08:55PM,پایین,۲،۵,2,40,برد,40,,11020,64025.43,63893.01
2026-07-13,04:30,09:00PM,پایین,۵,1,20,برد,20,,11040,63893.01,63663.91
2026-07-13,04:35,09:05PM,بالا,۱،۵,1,20,برد,20,,11060,63663.91,63819.2
2026-07-13,04:45,09:15PM,بالا,۵,1,20,باخت,-20,,11040,63714.15,63672.51
2026-07-13,04:50,09:20PM,بالا,۵,2,40,برد,40,,11080,63672.51,63675.88
2026-07-13,05:00,09:30PM,بالا,۱،۵,1,20,برد,20,,11100,63551.67,63666.91
2026-07-13,05:20,09:50PM,بالا,۱,1,20,باخت,-20,,11080,63548.6,63378.35
2026-07-13,05:25,09:55PM,بالا,🏆 ورودِ طلایی،۱،۲،۵,2,40,باخت,-40,,11040,63378.35,63290.02
2026-07-13,05:30,10:00PM,بالا,🏆 ورودِ طلایی،۱،۲،۵,3,80,باخت,-80,انفجار,10960,63290.02,63279.04
2026-07-13,05:35,10:05PM,بالا,۱،۳،۵,1,20,برد,20,,10980,63279.04,63375.15
2026-07-13,06:30,11:00PM,بالا,۱،۲،۵,1,20,باخت,-20,,10960,63236.27,62963.95
2026-07-13,06:35,11:05PM,بالا,🏆 ورودِ طلایی،۱،۲،۵،۷,2,40,برد,40,,11000,62963.95,62967.02
2026-07-13,06:40,11:10PM,بالا,۵،۷,1,20,باخت,-20,,10980,62967.02,62881.47
2026-07-13,06:45,11:15PM,بالا,🏆 ورودِ طلایی،۱،۵،۷,2,40,برد,40,,11020,62881.47,62927.2
2026-07-13,06:50,11:20PM,بالا,۵,1,20,برد,20,,11040,62927.2,63037.13
2026-07-13,07:00,11:30PM,بالا,۱،۵,1,20,برد,20,,11060,62705.84,62827.21
2026-07-13,07:15,11:45PM,بالا,۵,1,20,باخت,-20,,11040,62783.87,62750.02
2026-07-13,07:30,12:00AM,بالا,۱,2,40,برد,40,,11080,62685.6,62757.37
2026-07-13,07:45,12:15AM,پایین,۲,1,20,برد,20,,11100,62850.4,62803.25
2026-07-13,08:00,12:30AM,بالا,۱,1,20,برد,20,,11120,62664.24,62689.71
2026-07-13,08:25,12:55AM,بالا,۱,1,20,برد,20,,11140,62629.04,62693.21
2026-07-13,11:00,03:30AM,پایین,۷,1,20,برد,20,,11160,62998.01,62995.44
2026-07-13,11:05,03:35AM,پایین,۷,1,20,برد,20,,11180,62995.44,62925.62
2026-07-13,12:15,04:45AM,پایین,۷,1,20,باخت,-20,,11160,63126.91,63140.58
2026-07-13,12:20,04:50AM,پایین,۷,2,40,باخت,-40,,11120,63140.58,63148.56
2026-07-13,12:25,04:55AM,پایین,۷,3,80,برد,80,,11200,63148.56,63107.82
2026-07-13,14:10,06:40AM,بالا,۵،۷,1,20,برد,20,,11220,62868.15,62883.66
2026-07-13,14:20,06:50AM,بالا,۵,1,20,باخت,-20,,11200,62887.04,62802.11
2026-07-13,14:25,06:55AM,بالا,۵،۷,2,40,برد,40,,11240,62802.11,62912.42
2026-07-13,14:35,07:05AM,پایین,۵,1,20,برد,20,,11260,63060.94,63015.2
2026-07-13,15:20,07:50AM,بالا,۲,1,20,باخت,-20,,11240,62851.49,62842.07
2026-07-13,15:25,07:55AM,بالا,۳,2,40,باخت,-40,,11200,62842.07,62831.38
2026-07-13,15:30,08:00AM,بالا,۳,3,80,باخت,-80,انفجار,11120,62831.38,62795.9
2026-07-13,15:35,08:05AM,بالا,۱،۳,1,20,باخت,-20,,11100,62795.9,62787.12
2026-07-13,15:40,08:10AM,بالا,۱،۳,2,40,برد,40,,11140,62787.12,62788.53
2026-07-13,15:50,08:20AM,بالا,۱،۵،۷,1,20,باخت,-20,,11120,62712.6,62685.58
2026-07-13,15:55,08:25AM,بالا,۱،۷,2,40,باخت,-40,,11080,62685.58,62656.61
2026-07-13,16:00,08:30AM,بالا,۱،۵,3,80,باخت,-80,انفجار,11000,62656.61,62534.84
2026-07-13,16:05,08:35AM,بالا,🏆 ورودِ طلایی،۱،۲،۵،۷,1,20,برد,20,,11020,62534.84,62554.49
2026-07-13,16:10,08:40AM,بالا,۵,1,20,برد,20,,11040,62554.49,62564.53
2026-07-13,16:15,08:45AM,بالا,۵,1,20,باخت,-20,,11020,62564.53,62535.32
2026-07-13,16:20,08:50AM,بالا,۵,2,40,برد,40,,11060,62535.32,62559.62
2026-07-13,16:40,09:10AM,بالا,۲,1,20,باخت,-20,,11040,62450.55,62418.69
2026-07-13,16:45,09:15AM,بالا,۵,2,40,برد,40,,11080,62418.69,62480.05
2026-07-13,17:00,09:30AM,پایین,۵,1,20,برد,20,,11100,62654.51,62514.0
2026-07-13,17:10,09:40AM,بالا,۱،۵,1,20,باخت,-20,,11080,62273.24,62267.6
2026-07-13,17:15,09:45AM,بالا,۱،۵,2,40,باخت,-40,,11040,62267.6,62168.85
2026-07-13,17:20,09:50AM,بالا,🏆 ورودِ طلایی،۱،۲،۵,3,80,برد,80,,11120,62168.85,62265.0
2026-07-13,17:25,09:55AM,بالا,۵,1,20,باخت,-20,,11100,62265.0,62226.6
2026-07-13,17:40,10:10AM,پایین,۵,2,40,باخت,-40,,11060,62346.21,62401.51
2026-07-13,17:45,10:15AM,پایین,۲,3,80,برد,80,,11140,62401.51,62392.23
2026-07-13,17:50,10:20AM,پایین,۵,1,20,باخت,-20,,11120,62392.23,62494.49
2026-07-13,17:55,10:25AM,پایین,۵,2,40,باخت,-40,,11080,62494.49,62567.69
2026-07-13,18:00,10:30AM,پایین,۵,3,80,باخت,-80,انفجار,11000,62567.69,62581.16
2026-07-13,18:05,10:35AM,پایین,۵,1,20,برد,20,,11020,62581.16,62550.87
2026-07-13,18:10,10:40AM,پایین,۵,1,20,باخت,-20,,11000,62550.87,62661.46
2026-07-13,18:15,10:45AM,پایین,۱،۵،۶,2,40,برد,40,,11040,62661.46,62592.57
2026-07-13,18:25,10:55AM,پایین,۱,1,20,برد,20,,11060,62720.01,62626.91
2026-07-13,18:40,11:10AM,پایین,۱,1,20,باخت,-20,,11040,62720.4,62835.79
2026-07-13,18:45,11:15AM,پایین,۱،۲,2,40,برد,40,,11080,62835.79,62832.54
2026-07-13,18:50,11:20AM,پایین,۵,1,20,برد,20,,11100,62832.54,62747.35
2026-07-13,19:00,11:30AM,بالا,۲,1,20,باخت,-20,,11080,62660.15,62594.32
2026-07-13,19:05,11:35AM,بالا,۲،۵,2,40,باخت,-40,,11040,62594.32,62573.83
2026-07-13,19:10,11:40AM,بالا,۵,3,80,برد,80,,11120,62573.83,62598.9
2026-07-13,19:40,12:10PM,بالا,۱,1,20,باخت,-20,,11100,62463.31,62315.98
2026-07-13,19:45,12:15PM,بالا,۱،۲،۵،۷,2,40,باخت,-40,,11060,62315.98,62229.74
2026-07-13,19:50,12:20PM,بالا,🏆 ورودِ طلایی،۱،۲،۵،۷,3,80,برد,80,,11140,62229.74,62271.17
2026-07-13,19:55,12:25PM,بالا,۵,1,20,باخت,-20,,11120,62271.17,62224.09
2026-07-13,20:00,12:30PM,بالا,۱،۵,2,40,برد,40,,11160,62224.09,62236.37
2026-07-13,20:20,12:50PM,بالا,۱,1,20,باخت,-20,,11140,62209.11,62203.9
2026-07-13,20:50,01:20PM,بالا,۲,2,40,باخت,-40,,11100,62116.13,62105.21
2026-07-13,21:05,01:35PM,بالا,۵,3,80,برد,80,,11180,62024.54,62025.88
2026-07-13,21:15,01:45PM,بالا,۷,1,20,باخت,-20,,11160,61958.91,61948.91
2026-07-13,21:20,01:50PM,بالا,۷,2,40,باخت,-40,,11120,61948.91,61826.08
2026-07-13,21:25,01:55PM,بالا,۲،۵،۷,3,80,برد,80,,11200,61826.08,61906.48
2026-07-13,23:00,03:30PM,پایین,۱,1,20,برد,20,,11220,62067.31,62033.84
2026-07-13,23:45,04:15PM,بالا,۲,1,20,برد,20,,11240,62041.29,62124.69
2026-07-14,03:15,07:45PM,پایین,۱,1,20,باخت,-20,,11220,62146.96,62272.94
2026-07-14,03:20,07:50PM,پایین,۱,2,40,برد,40,,11260,62272.94,62256.81
2026-07-14,03:40,08:10PM,پایین,۱،۷,1,20,برد,20,,11280,62363.23,62289.5
2026-07-14,04:25,08:55PM,پایین,۱،۲,1,20,برد,20,,11300,62479.22,62423.68
2026-07-14,04:45,09:15PM,پایین,۱,1,20,باخت,-20,,11280,62506.48,62550.59
2026-07-14,04:50,09:20PM,پایین,۱,2,40,برد,40,,11320,62550.59,62455.14
2026-07-14,06:10,10:40PM,پایین,۲,1,20,برد,20,,11340,62524.77,62522.22
2026-07-14,06:15,10:45PM,پایین,۵,1,20,برد,20,,11360,62522.22,62461.93
2026-07-14,06:40,11:10PM,بالا,۱،۲,1,20,برد,20,,11380,62311.91,62326.19
2026-07-14,06:50,11:20PM,بالا,۱,1,20,برد,20,,11400,62304.99,62390.61
2026-07-14,07:30,12:00AM,پایین,۱,1,20,برد,20,,11420,62539.97,62495.86
2026-07-14,07:55,12:25AM,پایین,۱,1,20,باخت,-20,,11400,62571.06,62659.98
2026-07-14,08:00,12:30AM,پایین,۱،۲،۷,2,40,باخت,-40,,11360,62659.98,62692.7
2026-07-14,08:05,12:35AM,پایین,۱،۳،۷,3,80,برد,80,,11440,62692.7,62640.56
2026-07-14,08:35,01:05AM,پایین,۶،۷,1,20,برد,20,,11460,62782.06,62757.96
2026-07-14,09:05,01:35AM,بالا,۲,1,20,باخت,-20,,11440,62684.74,62678.27
2026-07-14,10:40,03:10AM,بالا,۳,2,40,برد,40,,11480,62501.96,62515.92
2026-07-14,12:10,04:40AM,پایین,۵,1,20,برد,20,,11500,62698.55,62635.14
2026-07-14,13:30,06:00AM,پایین,۲,1,20,باخت,-20,,11480,62625.42,62638.69
2026-07-14,13:40,06:10AM,پایین,۳,2,40,برد,40,,11520,62640.3,62632.0
2026-07-14,14:05,06:35AM,پایین,۱,1,20,باخت,-20,,11500,62676.16,62741.69
2026-07-14,14:10,06:40AM,پایین,۱,2,40,باخت,-40,,11460,62741.69,62826.14
2026-07-14,14:15,06:45AM,پایین,۱،۲،۵,3,80,برد,80,,11540,62826.14,62745.03
2026-07-14,14:20,06:50AM,پایین,۵,1,20,برد,20,,11560,62745.03,62727.0
2026-07-14,14:30,07:00AM,بالا,۲,1,20,باخت,-20,,11540,62661.03,62659.13
2026-07-14,14:35,07:05AM,بالا,۵,2,40,برد,40,,11580,62659.13,62717.23
2026-07-14,15:00,07:30AM,پایین,۱,1,20,برد,20,,11600,62839.98,62774.87
2026-07-14,15:45,08:15AM,پایین,۱,1,20,باخت,-20,,11580,62855.87,62981.66
2026-07-14,15:50,08:20AM,پایین,۱،۲،۵,2,40,برد,40,,11620,62981.66,62890.16
2026-07-14,15:55,08:25AM,پایین,۵,1,20,باخت,-20,,11600,62890.16,63412.74
2026-07-14,16:00,08:30AM,پایین,🏆 ورودِ طلایی،۱،۵،۶،۷,2,40,برد,40,,11640,63412.74,63396.29
2026-07-14,16:05,08:35AM,پایین,۵،۷,1,20,باخت,-20,,11620,63396.29,63489.6
2026-07-14,16:10,08:40AM,پایین,🏆 ورودِ طلایی،۱،۵،۷,2,40,باخت,-40,,11580,63489.6,63679.54
2026-07-14,16:15,08:45AM,پایین,🏆 ورودِ طلایی،۱،۵،۷,3,80,باخت,-80,انفجار,11500,63679.54,63754.06
2026-07-14,16:20,08:50AM,پایین,🏆 ورودِ طلایی،۱،۲،۵،۷,1,20,باخت,-20,,11480,63754.06,63888.05
2026-07-14,16:25,08:55AM,پایین,🏆 ورودِ طلایی،۱،۲،۵،۷,2,40,برد,40,,11520,63888.05,63761.14
2026-07-14,16:30,09:00AM,پایین,۵,1,20,برد,20,,11540,63761.14,63729.96
2026-07-14,16:50,09:20AM,پایین,🏆 ورودِ طلایی،۱،۲،۵,1,20,برد,20,,11560,64045.83,63889.13
2026-07-14,17:10,09:40AM,بالا,۵,1,20,برد,20,,11580,63708.74,63753.97
2026-07-14,17:50,10:20AM,پایین,۵,1,20,باخت,-20,,11560,63763.39,63851.32
2026-07-14,17:55,10:25AM,پایین,۵,2,40,باخت,-40,,11520,63851.32,63889.79
2026-07-14,18:10,10:40AM,پایین,۵,3,80,برد,80,,11600,63956.61,63912.79
2026-07-14,18:25,10:55AM,پایین,۱،۵،۷,1,20,باخت,-20,,11580,64243.28,64306.48
2026-07-14,18:30,11:00AM,پایین,🏆 ورودِ طلایی،۱،۵،۷,2,40,برد,40,,11620,64306.48,64214.4
2026-07-14,18:35,11:05AM,پایین,۵,1,20,برد,20,,11640,64214.4,64147.86
2026-07-14,18:55,11:25AM,پایین,۱،۵,1,20,باخت,-20,,11620,64444.86,64819.54
2026-07-14,19:00,11:30AM,پایین,🏆 ورودِ طلایی،۱،۵،۷,2,40,برد,40,,11660,64819.54,64761.12
2026-07-14,19:05,11:35AM,پایین,۵,1,20,برد,20,,11680,64761.12,64739.98
2026-07-14,19:10,11:40AM,پایین,۵,1,20,باخت,-20,,11660,64739.98,64793.44
2026-07-14,19:15,11:45AM,پایین,۵,2,40,برد,40,,11700,64793.44,64546.39
2026-07-14,19:20,11:50AM,بالا,۵,1,20,برد,20,,11720,64546.39,64685.14
2026-07-14,19:35,12:05PM,پایین,۱,1,20,برد,20,,11740,64819.65,64698.57
2026-07-14,20:00,12:30PM,پایین,۱,1,20,برد,20,,11760,64829.47,64792.49
2026-07-15,00:55,05:25PM,پایین,۶,1,20,باخت,-20,,11740,64611.03,64635.77
2026-07-15,01:05,05:35PM,پایین,۷,2,40,برد,40,,11780,64709.48,64683.29
2026-07-15,01:50,06:20PM,پایین,۱،۵,1,20,برد,20,,11800,64968.75,64894.12
2026-07-15,01:55,06:25PM,پایین,۵,1,20,باخت,-20,,11780,64894.12,64955.1
2026-07-15,02:00,06:30PM,پایین,۵،۶,2,40,برد,40,,11820,64955.1,64898.89
2026-07-15,02:40,07:10PM,پایین,۱,1,20,برد,20,,11840,64974.3,64894.96
2026-07-15,03:15,07:45PM,پایین,۱,1,20,برد,20,,11860,64976.43,64965.73
2026-07-15,04:00,08:30PM,بالا,۱,1,20,برد,20,,11880,64769.91,64772.57
2026-07-15,04:10,08:40PM,بالا,۱,1,20,برد,20,,11900,64730.15,64755.01
2026-07-15,05:55,10:25PM,بالا,۵،۷,1,20,باخت,-20,,11880,64474.09,64441.54
2026-07-15,06:00,10:30PM,بالا,۵،۷,2,40,برد,40,,11920,64441.54,64486.5
2026-07-15,07:00,11:30PM,پایین,۱,1,20,برد,20,,11940,64701.14,64613.54
2026-07-15,07:20,11:50PM,پایین,۱,1,20,برد,20,,11960,64748.02,64739.29
2026-07-15,08:40,01:10AM,بالا,۵,1,20,برد,20,,11980,64565.98,64622.59
2026-07-15,09:25,01:55AM,پایین,۲،۵،۷,1,20,برد,20,,12000,64882.0,64843.31
2026-07-15,09:30,02:00AM,پایین,۵,1,20,باخت,-20,,11980,64843.31,64931.08
2026-07-15,09:35,02:05AM,پایین,۱،۵،۶,2,40,باخت,-40,,11940,64931.08,64999.0
2026-07-15,09:40,02:10AM,پایین,۱،۵،۷,3,80,برد,80,,12020,64999.0,64947.45
2026-07-15,09:50,02:20AM,پایین,۶,1,20,برد,20,,12040,64971.69,64925.63
2026-07-15,10:00,02:30AM,پایین,۱،۵،۷,1,20,برد,20,,12060,65187.41,64991.8
2026-07-15,10:20,02:50AM,بالا,۵,1,20,باخت,-20,,12040,64874.27,64765.24
2026-07-15,10:25,02:55AM,بالا,۲،۵,2,40,باخت,-40,,12000,64765.24,64758.63
2026-07-15,10:30,03:00AM,بالا,۵,3,80,برد,80,,12080,64758.63,64759.38
2026-07-15,10:50,03:20AM,بالا,۱,1,20,باخت,-20,,12060,64597.75,64486.79
2026-07-15,10:55,03:25AM,بالا,۱،۲،۵,2,40,برد,40,,12100,64486.79,64504.14
2026-07-15,11:00,03:30AM,بالا,۵,1,20,برد,20,,12120,64504.14,64560.08
2026-07-15,11:05,03:35AM,بالا,۵,1,20,برد,20,,12140,64560.08,64564.31
2026-07-15,12:20,04:50AM,پایین,۳,1,20,باخت,-20,,12120,64713.19,64722.48
2026-07-15,12:25,04:55AM,پایین,۳,2,40,باخت,-40,,12080,64722.48,64733.9
2026-07-15,12:30,05:00AM,پایین,۳,3,80,باخت,-80,انفجار,12000,64733.9,64741.68
2026-07-15,12:35,05:05AM,پایین,۳,1,20,باخت,-20,,11980,64741.68,64789.87
2026-07-15,12:40,05:10AM,پایین,۳,2,40,باخت,-40,,11940,64789.87,64834.5
2026-07-15,12:45,05:15AM,پایین,۳،۷,3,80,برد,80,,12020,64834.5,64808.11
2026-07-15,13:10,05:40AM,بالا,۲,1,20,برد,20,,12040,64659.32,64678.04
2026-07-15,13:50,06:20AM,بالا,۲,1,20,باخت,-20,,12020,64629.25,64580.64
2026-07-15,13:55,06:25AM,بالا,۵,2,40,برد,40,,12060,64580.64,64589.44
2026-07-15,16:05,08:35AM,پایین,۲,1,20,برد,20,,12080,64796.75,64740.0
2026-07-15,16:15,08:45AM,پایین,۱،۵،۶,1,20,باخت,-20,,12060,64937.81,65157.02
2026-07-15,16:20,08:50AM,پایین,🏆 ورودِ طلایی،۱،۵،۷,2,40,برد,40,,12100,65157.02,65113.29
2026-07-15,16:25,08:55AM,پایین,۵,1,20,باخت,-20,,12080,65113.29,65264.39
2026-07-15,16:30,09:00AM,پایین,🏆 ورودِ طلایی،۱،۵،۶،۷,2,40,برد,40,,12120,65264.39,65262.05
2026-07-15,16:35,09:05AM,پایین,۵،۷,1,20,باخت,-20,,12100,65262.05,65325.64
2026-07-15,16:40,09:10AM,پایین,۱،۷,2,40,باخت,-40,,12060,65325.64,65479.92
2026-07-15,16:45,09:15AM,پایین,🏆 ورودِ طلایی،۱،۵،۷,3,80,برد,80,,12140,65479.92,65446.63
2026-07-15,17:10,09:40AM,بالا,۵,1,20,باخت,-20,,12120,65221.78,64912.87
2026-07-15,17:15,09:45AM,بالا,۵,2,40,برد,40,,12160,64912.87,64960.35
2026-07-15,17:20,09:50AM,بالا,۵,1,20,برد,20,,12180,64960.35,65048.73
2026-07-15,17:25,09:55AM,بالا,۵,1,20,برد,20,,12200,65048.73,65146.9
2026-07-15,17:30,10:00AM,پایین,۲,1,20,باخت,-20,,12180,65146.9,65195.44
2026-07-15,17:35,10:05AM,پایین,۵,2,40,باخت,-40,,12140,65195.44,65232.98
2026-07-15,17:40,10:10AM,پایین,۵,3,80,باخت,-80,انفجار,12060,65232.98,65297.17
2026-07-15,17:45,10:15AM,پایین,۳،۵,1,20,برد,20,,12080,65297.17,65199.35
2026-07-15,19:05,11:35AM,پایین,۱,1,20,برد,20,,12100,65469.98,65419.77
2026-07-15,19:35,12:05PM,بالا,۱،۵,1,20,باخت,-20,,12080,65119.4,65036.08
2026-07-15,19:40,12:10PM,بالا,۱،۵,2,40,برد,40,,12120,65036.08,65107.18
2026-07-15,19:45,12:15PM,بالا,۵,1,20,باخت,-20,,12100,65107.18,65066.78
2026-07-15,20:00,12:30PM,بالا,۱,2,40,باخت,-40,,12060,64927.22,64793.11
2026-07-15,20:05,12:35PM,بالا,۱،۵،۷,3,80,برد,80,,12140,64793.11,64874.53
2026-07-15,20:25,12:55PM,پایین,۵,1,20,برد,20,,12160,65055.42,65055.25
2026-07-16,03:50,08:20PM,بالا,۲,1,20,باخت,-20,,12140,64612.93,64530.02
2026-07-16,03:55,08:25PM,بالا,۱،۲،۵,2,40,برد,40,,12180,64530.02,64544.7
2026-07-16,04:00,08:30PM,بالا,۵,1,20,باخت,-20,,12160,64544.7,64473.9
2026-07-16,04:05,08:35PM,بالا,۱،۵،۷,2,40,برد,40,,12200,64473.9,64483.99
2026-07-16,04:45,09:15PM,بالا,۱,1,20,برد,20,,12220,64377.96,64460.82
2026-07-16,05:05,09:35PM,پایین,۲،۵,1,20,برد,20,,12240,64637.26,64573.0
2026-07-16,05:15,09:45PM,پایین,۵,1,20,برد,20,,12260,64738.6,64723.48
2026-07-16,07:15,11:45PM,بالا,۱،۲,1,20,برد,20,,12280,64504.8,64562.74
2026-07-16,08:40,01:10AM,پایین,۱،۲,1,20,باخت,-20,,12260,64715.28,64727.93
2026-07-16,08:45,01:15AM,پایین,۱،۷,2,40,باخت,-40,,12220,64727.93,64876.85
2026-07-16,08:50,01:20AM,پایین,🏆 ورودِ طلایی،۱،۲،۳،۵،۷,3,80,باخت,-80,انفجار,12140,64876.85,64881.48
2026-07-16,08:55,01:25AM,پایین,🏆 ورودِ طلایی،۱،۳،۵،۷,1,20,برد,20,,12160,64881.48,64880.29
2026-07-16,09:00,01:30AM,پایین,۵،۷,1,20,برد,20,,12180,64880.29,64868.51
2026-07-16,09:30,02:00AM,پایین,۶,1,20,باخت,-20,,12160,64856.62,64894.99
2026-07-16,10:05,02:35AM,بالا,۲،۵,2,40,برد,40,,12200,64614.35,64678.85
2026-07-16,10:45,03:15AM,بالا,۲،۵,1,20,باخت,-20,,12180,64544.0,64510.18
2026-07-16,10:50,03:20AM,بالا,۵،۷,2,40,باخت,-40,,12140,64510.18,64450.62
2026-07-16,10:55,03:25AM,بالا,۱،۲،۳،۷,3,80,باخت,-80,انفجار,12060,64450.62,64406.42
2026-07-16,11:00,03:30AM,بالا,۱،۳،۵،۷,1,20,باخت,-20,,12040,64406.42,64213.84
2026-07-16,11:05,03:35AM,بالا,🏆 ورودِ طلایی،۱،۲،۳،۵،۷,2,40,باخت,-40,,12000,64213.84,64185.01
2026-07-16,11:10,03:40AM,بالا,🏆 ورودِ طلایی،۱،۳،۵،۷,3,80,باخت,-80,انفجار,11920,64185.01,64181.65
2026-07-16,11:15,03:45AM,بالا,۱،۳،۵،۷,1,20,باخت,-20,,11900,64181.65,64068.75
2026-07-16,11:20,03:50AM,بالا,🏆 ورودِ طلایی،۱،۲،۳،۵،۷,2,40,برد,40,,11940,64068.75,64191.63
2026-07-16,11:40,04:10AM,بالا,۱،۲،۵،۷,1,20,برد,20,,11960,63889.76,63908.83
2026-07-16,11:45,04:15AM,بالا,۵,1,20,برد,20,,11980,63908.83,64008.48
2026-07-16,11:55,04:25AM,پایین,۲,1,20,باخت,-20,,11960,64106.34,64151.0
2026-07-16,12:00,04:30AM,پایین,۵,2,40,باخت,-40,,11920,64151.0,64263.46
2026-07-16,12:05,04:35AM,پایین,۲،۵,3,80,برد,80,,12000,64263.46,64079.84
2026-07-16,12:25,04:55AM,بالا,۵,1,20,برد,20,,12020,64070.6,64080.12
2026-07-16,13:35,06:05AM,پایین,۲,1,20,برد,20,,12040,64127.02,64089.56
2026-07-16,15:50,08:20AM,بالا,۱,1,20,برد,20,,12060,64063.99,64140.34
2026-07-16,16:05,08:35AM,بالا,۱,1,20,باخت,-20,,12040,63931.01,63841.62
2026-07-16,16:10,08:40AM,بالا,۱،۲،۵,2,40,برد,40,,12080,63841.62,63889.0
2026-07-16,16:15,08:45AM,بالا,۵,1,20,برد,20,,12100,63889.0,63979.04
2026-07-16,16:50,09:20AM,پایین,۲،۵,1,20,باخت,-20,,12080,64166.68,64198.93
2026-07-16,16:55,09:25AM,پایین,۳،۵,2,40,باخت,-40,,12040,64198.93,64272.52
2026-07-16,17:00,09:30AM,پایین,۱،۳،۵,3,80,برد,80,,12120,64272.52,64253.9
2026-07-16,17:25,09:55AM,پایین,۱،۲,1,20,برد,20,,12140,64317.32,64291.27
2026-07-16,17:35,10:05AM,پایین,🏆 ورودِ طلایی،۱،۵،۶,1,20,باخت,-20,,12120,64562.31,64582.84
2026-07-16,17:40,10:10AM,پایین,۱،۵،۷,2,40,باخت,-40,,12080,64582.84,64627.47
2026-07-16,17:45,10:15AM,پایین,۱،۵،۷,3,80,برد,80,,12160,64627.47,64580.62
2026-07-16,17:50,10:20AM,پایین,۵,1,20,باخت,-20,,12140,64580.62,64714.95
2026-07-16,17:55,10:25AM,پایین,۱،۶,2,40,برد,40,,12180,64714.95,64712.17
2026-07-16,18:35,11:05AM,بالا,۵,1,20,باخت,-20,,12160,64386.95,64293.98
2026-07-16,18:40,11:10AM,بالا,۲،۳,2,40,برد,40,,12200,64293.98,64460.9
2026-07-16,18:55,11:25AM,پایین,۱،۲،۵,1,20,برد,20,,12220,64774.29,64731.51
2026-07-16,19:00,11:30AM,پایین,۵,1,20,باخت,-20,,12200,64731.51,64757.95
2026-07-16,19:05,11:35AM,پایین,۵,2,40,برد,40,,12240,64757.95,64682.39
2026-07-16,19:30,12:00PM,بالا,۲,1,20,باخت,-20,,12220,64555.34,64549.94
2026-07-16,19:45,12:15PM,بالا,۳,2,40,باخت,-40,,12180,64436.78,64409.73
2026-07-16,19:50,12:20PM,بالا,۳,3,80,برد,80,,12260,64409.73,64487.07
2026-07-16,20:30,01:00PM,بالا,۱,1,20,باخت,-20,,12240,64329.09,64257.72
2026-07-16,20:40,01:10PM,بالا,۲،۵,2,40,برد,40,,12280,64130.48,64159.0
2026-07-16,20:45,01:15PM,بالا,۵,1,20,برد,20,,12300,64159.0,64172.36
2026-07-17,01:50,06:20PM,بالا,۲,1,20,باخت,-20,,12280,64012.73,63974.2
2026-07-17,01:55,06:25PM,بالا,۷,2,40,برد,40,,12320,63974.2,64058.84
2026-07-17,02:20,06:50PM,بالا,۲,1,20,باخت,-20,,12300,63921.79,63916.03
2026-07-17,02:50,07:20PM,بالا,۲،۵،۷,2,40,برد,40,,12340,63711.02,63768.1
2026-07-17,04:00,08:30PM,بالا,۱،۲,1,20,باخت,-20,,12320,63643.8,63616.21
2026-07-17,04:05,08:35PM,بالا,۱،۵,2,40,برد,40,,12360,63616.21,63726.66
2026-07-17,04:25,08:55PM,پایین,۵,1,20,باخت,-20,,12340,63827.51,63883.02
2026-07-17,04:30,09:00PM,پایین,۱,2,40,باخت,-40,,12300,63883.02,63965.38
2026-07-17,04:35,09:05PM,پایین,۱،۲,3,80,برد,80,,12380,63965.38,63933.86
2026-07-17,05:15,09:45PM,بالا,۱،۵,1,20,باخت,-20,,12360,63576.4,63448.65
2026-07-17,05:20,09:50PM,بالا,🏆 ورودِ طلایی،۱،۲،۵,2,40,برد,40,,12400,63448.65,63493.01
2026-07-17,05:25,09:55PM,بالا,۵,1,20,برد,20,,12420,63493.01,63515.24
2026-07-17,05:35,10:05PM,بالا,۱,1,20,برد,20,,12440,63401.0,63560.45
2026-07-17,06:05,10:35PM,بالا,۱،۲،۵,1,20,برد,20,,12460,63372.9,63403.93
2026-07-17,06:20,10:50PM,بالا,۱,1,20,برد,20,,12480,63335.46,63423.54
2026-07-17,06:35,11:05PM,پایین,۲،۵,1,20,برد,20,,12500,63583.15,63565.99
2026-07-17,06:40,11:10PM,پایین,۵,1,20,باخت,-20,,12480,63565.99,63646.15
2026-07-17,06:45,11:15PM,پایین,۵,2,40,برد,40,,12520,63646.15,63620.17
2026-07-17,07:15,11:45PM,بالا,۲,1,20,برد,20,,12540,63501.0,63516.88
2026-07-17,07:45,12:15AM,بالا,۱،۵،۷,1,20,برد,20,,12560,63280.81,63334.49
2026-07-17,08:15,12:45AM,پایین,۲,1,20,برد,20,,12580,63489.22,63443.93
2026-07-17,08:55,01:25AM,بالا,۱،۲،۵،۷,1,20,باخت,-20,,12560,63143.41,63122.41
2026-07-17,09:00,01:30AM,بالا,۱،۵،۷,2,40,باخت,-40,,12520,63122.41,63036.87
2026-07-17,09:05,01:35AM,بالا,۱،۲،۵،۷,3,80,باخت,-80,انفجار,12440,63036.87,62910.33
2026-07-17,09:10,01:40AM,بالا,🏆 ورودِ طلایی،۱،۲،۳،۵،۷,1,20,باخت,-20,,12420,62910.33,62843.23
2026-07-17,09:15,01:45AM,بالا,۱،۳،۵،۷,2,40,باخت,-40,,12380,62843.23,62798.28
2026-07-17,09:20,01:50AM,بالا,۱،۳،۵،۷,3,80,باخت,-80,انفجار,12300,62798.28,62778.03
2026-07-17,09:25,01:55AM,بالا,۱،۳،۵,1,20,برد,20,,12320,62778.03,62810.89
2026-07-17,09:35,02:05AM,بالا,۱,1,20,باخت,-20,,12300,62763.88,62762.65
2026-07-17,09:40,02:10AM,بالا,۱,2,40,باخت,-40,,12260,62762.65,62733.09
2026-07-17,09:45,02:15AM,بالا,۱,3,80,برد,80,,12340,62733.09,62774.07
2026-07-17,11:45,04:15AM,بالا,۱,1,20,برد,20,,12360,62674.76,62780.9
2026-07-17,12:00,04:30AM,بالا,۱,1,20,باخت,-20,,12340,62667.59,62646.46
2026-07-17,12:05,04:35AM,بالا,۱,2,40,برد,40,,12380,62646.46,62723.87
2026-07-17,12:40,05:10AM,پایین,۱,1,20,برد,20,,12400,62900.98,62807.0
2026-07-17,13:05,05:35AM,پایین,۱,1,20,باخت,-20,,12380,62931.48,62998.43
2026-07-17,13:10,05:40AM,پایین,۱,2,40,برد,40,,12420,62998.43,62911.07
2026-07-17,13:30,06:00AM,پایین,۱,1,20,برد,20,,12440,63017.45,63010.13
2026-07-17,14:20,06:50AM,پایین,۶,1,20,برد,20,,12460,63122.18,63116.43
2026-07-17,15:05,07:35AM,پایین,۲،۵،۷,1,20,باخت,-20,,12440,63228.04,63238.01
2026-07-17,15:10,07:40AM,پایین,۳،۵،۷,2,40,برد,40,,12480,63238.01,63222.09
2026-07-17,15:20,07:50AM,پایین,۵،۶،۷,1,20,برد,20,,12500,63287.62,63243.7
2026-07-17,16:30,09:00AM,بالا,۱,1,20,باخت,-20,,12480,62934.08,62802.94
2026-07-17,16:35,09:05AM,بالا,۱،۲،۵،۷,2,40,باخت,-40,,12440,62802.94,62747.75
2026-07-17,16:40,09:10AM,بالا,🏆 ورودِ طلایی،۱،۵،۷,3,80,برد,80,,12520,62747.75,62803.14
2026-07-17,16:45,09:15AM,بالا,۵,1,20,باخت,-20,,12500,62803.14,62790.83
2026-07-17,17:00,09:30AM,بالا,۱،۲،۷,2,40,باخت,-40,,12460,62642.44,62510.25
2026-07-17,17:05,09:35AM,بالا,🏆 ورودِ طلایی،۱،۲،۵،۷,3,80,باخت,-80,انفجار,12380,62510.25,62501.02
2026-07-17,17:10,09:40AM,بالا,۱،۵,1,20,برد,20,,12400,62501.02,62693.22
2026-07-17,17:25,09:55AM,پایین,۲،۵,1,20,باخت,-20,,12380,63080.72,63122.48
2026-07-17,17:30,10:00AM,پایین,۵,2,40,باخت,-40,,12340,63122.48,63299.28
2026-07-17,17:35,10:05AM,پایین,🏆 ورودِ طلایی،۱،۲،۵,3,80,باخت,-80,انفجار,12260,63299.28,63340.62
2026-07-17,17:40,10:10AM,پایین,🏆 ورودِ طلایی،۱،۳،۵,1,20,برد,20,,12280,63340.62,63252.46
2026-07-17,18:00,10:30AM,بالا,۵,1,20,برد,20,,12300,63138.16,63293.07
2026-07-17,18:40,11:10AM,بالا,۲،۵,1,20,برد,20,,12320,62868.1,62943.31
2026-07-17,18:55,11:25AM,پایین,۲،۵,1,20,برد,20,,12340,63217.04,63176.47
2026-07-17,19:00,11:30AM,پایین,۵,1,20,باخت,-20,,12320,63176.47,63224.39
2026-07-17,19:05,11:35AM,پایین,۵,2,40,برد,40,,12360,63224.39,63161.11
2026-07-17,19:25,11:55AM,پایین,۱,1,20,برد,20,,12380,63403.72,63369.38
2026-07-17,19:35,12:05PM,پایین,۱،۵,1,20,باخت,-20,,12360,63404.73,63409.56
2026-07-17,19:40,12:10PM,پایین,۱,2,40,باخت,-40,,12320,63409.56,63472.81
2026-07-17,19:45,12:15PM,پایین,۱,3,80,برد,80,,12400,63472.81,63284.14
2026-07-17,20:10,12:40PM,پایین,۱,1,20,باخت,-20,,12380,63476.2,63567.0
2026-07-17,20:15,12:45PM,پایین,۱،۲,2,40,باخت,-40,,12340,63567.0,63579.64
2026-07-17,20:20,12:50PM,پایین,۱،۵,3,80,برد,80,,12420,63579.64,63547.98
2026-07-17,20:30,01:00PM,پایین,۱،۶,1,20,باخت,-20,,12400,63635.35,63942.59
2026-07-17,20:35,01:05PM,پایین,۱،۵،۷,2,40,برد,40,,12440,63942.59,63926.32
2026-07-17,20:40,01:10PM,پایین,۵،۷,1,20,برد,20,,12460,63926.32,63882.71
2026-07-17,20:45,01:15PM,پایین,۵,1,20,باخت,-20,,12440,63882.71,63971.42
2026-07-17,20:50,01:20PM,پایین,۱،۵,2,40,باخت,-40,,12400,63971.42,63978.9
2026-07-17,20:55,01:25PM,پایین,۱,3,80,باخت,-80,انفجار,12320,63978.9,64042.2
2026-07-17,21:00,01:30PM,پایین,۱,1,20,برد,20,,12340,64042.2,64006.0
2026-07-17,21:15,01:45PM,پایین,۱,1,20,برد,20,,12360,64116.53,63998.19
2026-07-17,22:15,02:45PM,پایین,۲،۵,1,20,باخت,-20,,12340,64292.64,64295.16
2026-07-17,22:20,02:50PM,پایین,۳،۵,2,40,برد,40,,12380,64295.16,64217.09
2026-07-17,22:35,03:05PM,بالا,۲,1,20,باخت,-20,,12360,64063.06,64051.92
2026-07-17,22:50,03:20PM,بالا,۳,2,40,برد,40,,12400,63978.35,64039.68
2026-07-18,02:05,06:35PM,بالا,۷,1,20,برد,20,,12420,63887.99,63912.28
2026-07-18,07:25,11:55PM,پایین,۲,1,20,برد,20,,12440,63977.02,63954.55
2026-07-18,07:50,12:20AM,بالا,۲,1,20,برد,20,,12460,63917.91,63934.91
2026-07-18,10:50,03:20AM,پایین,۳,1,20,برد,20,,12480,63975.21,63970.08
2026-07-18,11:30,04:00AM,بالا,۲,1,20,باخت,-20,,12460,63936.6,63930.43
2026-07-18,11:55,04:25AM,پایین,۲,2,40,باخت,-40,,12420,63969.25,63974.59
2026-07-18,12:35,05:05AM,بالا,۲,3,80,برد,80,,12500,63928.35,63930.17
2026-07-18,12:55,05:25AM,بالا,۲,1,20,برد,20,,12520,63900.96,63910.34
2026-07-18,13:25,05:55AM,پایین,۳,1,20,باخت,-20,,12500,63933.08,63938.13
2026-07-18,13:30,06:00AM,پایین,۳,2,40,باخت,-40,,12460,63938.13,63941.08
2026-07-18,13:35,06:05AM,پایین,۳,3,80,باخت,-80,انفجار,12380,63941.08,63951.13
2026-07-18,15:25,07:55AM,پایین,۵،۷,1,20,باخت,-20,,12360,64017.39,64075.0
2026-07-18,15:30,08:00AM,پایین,🏆 ورودِ طلایی،۱،۵،۷,2,40,باخت,-40,,12320,64075.0,64084.32
2026-07-18,15:35,08:05AM,پایین,🏆 ورودِ طلایی،۱،۲،۵،۷,3,80,باخت,-80,انفجار,12240,64084.32,64094.57
2026-07-18,15:40,08:10AM,پایین,🏆 ورودِ طلایی،۱،۲،۵،۷,1,20,برد,20,,12260,64094.57,64065.38
2026-07-18,15:45,08:15AM,پایین,۵,1,20,برد,20,,12280,64065.38,64030.3
2026-07-18,15:50,08:20AM,بالا,۵,1,20,برد,20,,12300,64030.3,64056.72
2026-07-18,15:55,08:25AM,بالا,۵,1,20,برد,20,,12320,64056.72,64087.88
2026-07-18,16:05,08:35AM,پایین,🏆 ورودِ طلایی،۱،۲،۵،۷,1,20,برد,20,,12340,64157.0,64136.16
2026-07-18,16:10,08:40AM,پایین,۵,1,20,باخت,-20,,12320,64136.16,64166.75
2026-07-18,16:15,08:45AM,پایین,🏆 ورودِ طلایی،۱،۵،۶,2,40,برد,40,,12360,64166.75,64166.74
2026-07-18,16:20,08:50AM,پایین,۵,1,20,باخت,-20,,12340,64166.74,64171.6
2026-07-18,16:25,08:55AM,پایین,۱,2,40,برد,40,,12380,64171.6,64120.97
2026-07-18,16:35,09:05AM,بالا,۵,1,20,باخت,-20,,12360,64070.0,63964.31
2026-07-18,16:40,09:10AM,بالا,🏆 ورودِ طلایی،۱،۲،۵,2,40,برد,40,,12400,63964.31,63968.68
2026-07-18,16:45,09:15AM,بالا,۵,1,20,باخت,-20,,12380,63968.68,63934.52
2026-07-18,16:50,09:20AM,بالا,۱،۵,2,40,برد,40,,12420,63934.52,64008.99
2026-07-18,16:55,09:25AM,بالا,۵,1,20,برد,20,,12440,64008.99,64025.08
2026-07-18,17:00,09:30AM,پایین,۵,1,20,برد,20,,12460,64025.08,64022.39
2026-07-18,17:05,09:35AM,پایین,۵,1,20,برد,20,,12480,64022.39,64010.16
2026-07-18,17:10,09:40AM,پایین,۵,1,20,برد,20,,12500,64010.16,64000.32
2026-07-18,17:25,09:55AM,پایین,۵,1,20,باخت,-20,,12480,64059.96,64074.21
2026-07-18,17:30,10:00AM,پایین,۲،۵,2,40,باخت,-40,,12440,64074.21,64085.69
2026-07-18,17:35,10:05AM,پایین,۲،۵,3,80,باخت,-80,انفجار,12360,64085.69,64120.8
2026-07-18,17:40,10:10AM,پایین,۲،۵,1,20,برد,20,,12380,64120.8,64090.43
2026-07-18,17:55,10:25AM,پایین,۵,1,20,باخت,-20,,12360,64126.94,64138.78
2026-07-18,18:25,10:55AM,بالا,۲،۵,2,40,باخت,-40,,12320,64079.88,64078.37
2026-07-18,18:30,11:00AM,بالا,۳،۵,3,80,باخت,-80,انفجار,12240,64078.37,64066.2
2026-07-18,18:35,11:05AM,بالا,۳،۵,1,20,باخت,-20,,12220,64066.2,64054.2
2026-07-18,18:40,11:10AM,بالا,۳،۵,2,40,باخت,-40,,12180,64054.2,64040.64
2026-07-18,18:45,11:15AM,بالا,۳,3,80,برد,80,,12260,64040.64,64059.98
2026-07-18,19:10,11:40AM,بالا,۲،۵,1,20,برد,20,,12280,63999.27,64089.76
2026-07-18,19:15,11:45AM,پایین,۵,1,20,برد,20,,12300,64089.76,64071.79
2026-07-18,19:25,11:55AM,پایین,۵,1,20,برد,20,,12320,64074.01,64057.91
2026-07-18,19:30,12:00PM,پایین,۵,1,20,باخت,-20,,12300,64057.91,64064.14
2026-07-18,20:15,12:45PM,پایین,۱,2,40,باخت,-40,,12260,64113.81,64244.66
2026-07-18,20:20,12:50PM,پایین,🏆 ورودِ طلایی،۱،۲،۵،۷,3,80,برد,80,,12340,64244.66,64243.75
2026-07-18,20:25,12:55PM,پایین,۵،۷,1,20,باخت,-20,,12320,64243.75,64250.47
2026-07-18,20:30,01:00PM,پایین,🏆 ورودِ طلایی،۱،۵،۶،۷,2,40,برد,40,,12360,64250.47,64240.7
2026-07-18,20:35,01:05PM,پایین,۵,1,20,باخت,-20,,12340,64240.7,64272.99
2026-07-18,20:40,01:10PM,پایین,۱,2,40,باخت,-40,,12300,64272.99,64323.17
2026-07-18,20:45,01:15PM,پایین,۱،۵،۷,3,80,برد,80,,12380,64323.17,64255.36
2026-07-18,21:05,01:35PM,پایین,۱,1,20,باخت,-20,,12360,64364.01,64390.91
2026-07-18,21:10,01:40PM,پایین,🏆 ورودِ طلایی،۱،۲،۵,2,40,باخت,-40,,12320,64390.91,64402.73
2026-07-18,21:15,01:45PM,پایین,۱،۵,3,80,باخت,-80,انفجار,12240,64402.73,64419.63
2026-07-18,21:20,01:50PM,پایین,۱،۵,1,20,باخت,-20,,12220,64419.63,64442.26
2026-07-18,21:25,01:55PM,پایین,۱،۲،۳،۵,2,40,برد,40,,12260,64442.26,64440.0
2026-07-18,21:45,02:15PM,پایین,۱,1,20,باخت,-20,,12240,64465.54,64561.84
2026-07-18,21:50,02:20PM,پایین,🏆 ورودِ طلایی،۱،۵،۷,2,40,برد,40,,12280,64561.84,64525.33
2026-07-18,21:55,02:25PM,پایین,۵,1,20,برد,20,,12300,64525.33,64460.09
2026-07-18,22:10,02:40PM,بالا,۵,1,20,برد,20,,12320,64438.08,64456.3
2026-07-18,22:45,03:15PM,پایین,۲,1,20,برد,20,,12340,64530.38,64473.95
2026-07-18,23:50,04:20PM,پایین,۵،۶،۷,1,20,برد,20,,12360,64635.17,64609.78
2026-07-19,00:25,04:55PM,پایین,۱،۵,1,20,برد,20,,12380,64662.43,64657.48
2026-07-19,00:40,05:10PM,پایین,۱,1,20,باخت,-20,,12360,64713.26,64761.02
2026-07-19,00:45,05:15PM,پایین,۱،۵,2,40,برد,40,,12400,64761.02,64697.72
2026-07-19,01:05,05:35PM,بالا,۲،۵,1,20,باخت,-20,,12380,64641.93,64609.99
2026-07-19,01:30,06:00PM,پایین,۵,2,40,برد,40,,12420,64754.35,64728.25
2026-07-19,01:40,06:10PM,پایین,۱,1,20,برد,20,,12440,64766.68,64743.18
2026-07-19,02:25,06:55PM,پایین,۱,1,20,برد,20,,12460,64773.47,64763.21
2026-07-19,02:55,07:25PM,پایین,۱,1,20,برد,20,,12480,64794.36,64778.63
2026-07-19,05:35,10:05PM,پایین,۷,1,20,باخت,-20,,12460,64800.09,64852.32
2026-07-19,05:40,10:10PM,پایین,۲،۵،۷,2,40,برد,40,,12500,64852.32,64773.51
2026-07-19,06:35,11:05PM,بالا,۱،۲،۵,1,20,باخت,-20,,12480,64687.23,64685.85
2026-07-19,06:40,11:10PM,بالا,۱،۵,2,40,باخت,-40,,12440,64685.85,64630.95
2026-07-19,06:45,11:15PM,بالا,🏆 ورودِ طلایی،۱،۲،۵،۷,3,80,باخت,-80,انفجار,12360,64630.95,64603.13
2026-07-19,06:50,11:20PM,بالا,🏆 ورودِ طلایی،۱،۳،۵،۷,1,20,برد,20,,12380,64603.13,64627.88
2026-07-19,07:35,12:05AM,بالا,۱,1,20,برد,20,,12400,64593.53,64600.78
2026-07-19,07:55,12:25AM,پایین,۲,1,20,برد,20,,12420,64665.13,64660.12
2026-07-19,08:05,12:35AM,پایین,۵،۶,1,20,برد,20,,12440,64740.34,64722.9
2026-07-19,08:10,12:40AM,پایین,۵,1,20,برد,20,,12460,64722.9,64718.67
2026-07-19,08:20,12:50AM,بالا,۲,1,20,برد,20,,12480,64670.7,64676.24
2026-07-19,08:55,01:25AM,بالا,۲,1,20,باخت,-20,,12460,64668.48,64648.48
2026-07-19,09:00,01:30AM,بالا,۵,2,40,برد,40,,12500,64648.48,64655.96
2026-07-19,09:50,02:20AM,پایین,۲,1,20,برد,20,,12520,64708.07,64684.01
2026-07-19,11:30,04:00AM,بالا,۵,1,20,باخت,-20,,12500,64650.2,64643.14
2026-07-19,12:45,05:15AM,بالا,🏆 ورودِ طلایی،۱،۲،۵،۷,2,40,باخت,-40,,12460,64540.49,64525.91
2026-07-19,12:50,05:20AM,بالا,۵،۷,3,80,برد,80,,12540,64525.91,64531.01
2026-07-19,12:55,05:25AM,بالا,۵,1,20,برد,20,,12560,64531.01,64538.17
2026-07-19,13:05,05:35AM,بالا,۱،۷,1,20,برد,20,,12580,64466.6,64478.97
2026-07-19,14:05,06:35AM,پایین,۳,1,20,باخت,-20,,12560,64589.33,64624.09
2026-07-19,14:10,06:40AM,پایین,۲،۳,2,40,برد,40,,12600,64624.09,64599.5
2026-07-19,14:30,07:00AM,بالا,۲،۵,1,20,برد,20,,12620,64500.33,64560.77
2026-07-19,15:15,07:45AM,بالا,۱,1,20,باخت,-20,,12600,64456.49,64435.94
2026-07-19,15:20,07:50AM,بالا,۱,2,40,باخت,-40,,12560,64435.94,64428.0
2026-07-19,15:25,07:55AM,بالا,۱,3,80,باخت,-80,انفجار,12480,64428.0,64394.59
2026-07-19,15:30,08:00AM,بالا,۱،۷,1,20,باخت,-20,,12460,64394.59,64345.73
2026-07-19,15:35,08:05AM,بالا,۱،۲،۵،۷,2,40,باخت,-40,,12420,64345.73,64305.46
2026-07-19,15:40,08:10AM,بالا,۱،۲،۳،۵،۷,3,80,برد,80,,12500,64305.46,64317.2
2026-07-19,15:45,08:15AM,بالا,۵,1,20,برد,20,,12520,64317.2,64373.99
2026-07-19,15:55,08:25AM,بالا,۱,1,20,برد,20,,12540,64269.97,64319.56
2026-07-19,17:15,09:45AM,پایین,۱,1,20,باخت,-20,,12520,64423.21,64460.99
2026-07-19,17:20,09:50AM,پایین,۱,2,40,برد,40,,12560,64460.99,64436.75
2026-07-19,17:30,10:00AM,پایین,۱،۶,1,20,برد,20,,12580,64486.38,64459.6
2026-07-19,17:40,10:10AM,پایین,۱,1,20,برد,20,,12600,64499.55,64459.62
2026-07-19,18:15,10:45AM,پایین,۱،۵,1,20,برد,20,,12620,64569.78,64565.81
2026-07-19,19:50,12:20PM,پایین,۱,1,20,برد,20,,12640,64571.71,64558.04
2026-07-19,20:40,01:10PM,پایین,۱،۵,1,20,برد,20,,12660,64640.0,64616.49
2026-07-19,20:50,01:20PM,پایین,۱،۵,1,20,برد,20,,12680,64641.98,64608.23
2026-07-19,21:30,02:00PM,بالا,۱،۲،۵,1,20,باخت,-20,,12660,64426.59,64396.28
2026-07-19,21:35,02:05PM,بالا,۱،۳،۵,2,40,برد,40,,12700,64396.28,64434.9
2026-07-19,21:55,02:25PM,بالا,۱،۲,1,20,برد,20,,12720,64354.93,64386.6
2026-07-19,23:30,04:00PM,پایین,۱,1,20,باخت,-20,,12700,64451.25,64456.39
2026-07-20,01:10,05:40PM,بالا,۲،۳،۷,2,40,برد,40,,12740,64306.56,64351.68
2026-07-20,01:30,06:00PM,پایین,۲,1,20,باخت,-20,,12720,64418.43,64515.71
2026-07-20,01:35,06:05PM,پایین,۱،۲،۵,2,40,باخت,-40,,12680,64515.71,64611.49
2026-07-20,01:40,06:10PM,پایین,🏆 ورودِ طلایی،۱،۲،۳،۵،۷,3,80,باخت,-80,انفجار,12600,64611.49,64773.84
2026-07-20,01:45,06:15PM,پایین,🏆 ورودِ طلایی،۱،۲،۳،۵،۷,1,20,برد,20,,12620,64773.84,64709.84
2026-07-20,01:50,06:20PM,پایین,۵,1,20,برد,20,,12640,64709.84,64707.94
2026-07-20,01:55,06:25PM,پایین,۵,1,20,برد,20,,12660,64707.94,64705.11
2026-07-20,02:30,07:00PM,بالا,۲،۵,1,20,برد,20,,12680,64565.15,64630.87
2026-07-20,03:35,08:05PM,پایین,۱،۵,1,20,باخت,-20,,12660,64774.54,64973.61
2026-07-20,03:40,08:10PM,پایین,۱،۵,2,40,باخت,-40,,12620,64973.61,64991.0
2026-07-20,03:45,08:15PM,پایین,۱،۵,3,80,برد,80,,12700,64991.0,64869.0
2026-07-20,03:50,08:20PM,پایین,۵,1,20,برد,20,,12720,64869.0,64827.25
2026-07-20,04:00,08:30PM,بالا,۲،۵,1,20,برد,20,,12740,64767.86,64860.01
2026-07-20,04:15,08:45PM,بالا,۵,1,20,باخت,-20,,12720,64607.71,64529.03
2026-07-20,04:20,08:50PM,بالا,۱،۲،۵,2,40,باخت,-40,,12680,64529.03,64502.05
2026-07-20,04:25,08:55PM,بالا,۱،۵,3,80,برد,80,,12760,64502.05,64552.35
2026-07-20,04:30,09:00PM,بالا,۵,1,20,برد,20,,12780,64552.35,64949.24
2026-07-20,04:35,09:05PM,پایین,۵,1,20,برد,20,,12800,64949.24,64752.42
2026-07-20,04:40,09:10PM,پایین,۵,1,20,برد,20,,12820,64752.42,64676.0
2026-07-20,04:50,09:20PM,پایین,۵,1,20,برد,20,,12840,64823.0,64799.98
2026-07-20,05:20,09:50PM,بالا,۱،۵,1,20,برد,20,,12860,64473.95,64593.52
2026-07-20,05:25,09:55PM,بالا,۵,1,20,برد,20,,12880,64593.52,64874.79
2026-07-20,05:40,10:10PM,پایین,۵,1,20,برد,20,,12900,64790.23,64601.09
2026-07-20,05:45,10:15PM,بالا,۲,1,20,برد,20,,12920,64601.09,64629.46
2026-07-20,05:50,10:20PM,بالا,۵,1,20,برد,20,,12940,64629.46,64653.12
2026-07-20,05:55,10:25PM,بالا,۵,1,20,برد,20,,12960,64653.12,64732.38
2026-07-20,06:00,10:30PM,پایین,۲,1,20,برد,20,,12980,64732.38,64698.78
2026-07-20,06:15,10:45PM,پایین,۵,1,20,برد,20,,13000,64875.22,64809.71
2026-07-20,07:10,11:40PM,پایین,۲,1,20,برد,20,,13020,64850.09,64837.68
2026-07-20,08:20,12:50AM,بالا,۲,1,20,برد,20,,13040,64486.89,64492.03
2026-07-20,08:30,01:00AM,بالا,۵،۷,1,20,باخت,-20,,13020,64410.58,64365.94
2026-07-20,08:35,01:05AM,بالا,۷,2,40,باخت,-40,,12980,64365.94,64188.11
2026-07-20,08:40,01:10AM,بالا,۲،۵،۷,3,80,برد,80,,13060,64188.11,64304.08
2026-07-20,08:50,01:20AM,بالا,۵,1,20,باخت,-20,,13040,64138.58,64134.77
2026-07-20,10:10,02:40AM,بالا,۲،۵،۷,2,40,برد,40,,13080,63770.48,63812.15
2026-07-20,10:15,02:45AM,بالا,۵,1,20,برد,20,,13100,63812.15,63856.88
2026-07-20,12:05,04:35AM,بالا,۲،۵,1,20,باخت,-20,,13080,63918.01,63870.72
2026-07-20,12:10,04:40AM,بالا,۵,2,40,برد,40,,13120,63870.72,63997.34
2026-07-20,13:40,06:10AM,پایین,۱,1,20,برد,20,,13140,64217.03,64201.65
2026-07-20,15:00,07:30AM,پایین,🏆 ورودِ طلایی،۱،۵،۷,1,20,باخت,-20,,13120,64746.04,64808.07
2026-07-20,15:05,07:35AM,پایین,🏆 ورودِ طلایی،۱،۵،۷,2,40,برد,40,,13160,64808.07,64766.9
2026-07-20,15:10,07:40AM,پایین,۵,1,20,باخت,-20,,13140,64766.9,64897.47
2026-07-20,15:15,07:45AM,پایین,🏆 ورودِ طلایی،۱،۵،۶،۷,2,40,باخت,-40,,13100,64897.47,64905.53
2026-07-20,15:20,07:50AM,پایین,۱،۷,3,80,باخت,-80,انفجار,13020,64905.53,64940.03
2026-07-20,15:25,07:55AM,پایین,۱,1,20,برد,20,,13040,64940.03,64736.75
2026-07-20,15:45,08:15AM,بالا,۵,1,20,برد,20,,13060,64638.76,64643.55
2026-07-20,17:20,09:50AM,بالا,۱،۵,1,20,برد,20,,13080,64259.28,64274.22
2026-07-20,17:25,09:55AM,بالا,۵,1,20,برد,20,,13100,64274.22,64363.45
2026-07-20,17:35,10:05AM,بالا,۵,1,20,باخت,-20,,13080,64399.9,64257.02
2026-07-20,17:40,10:10AM,بالا,۱,2,40,باخت,-40,,13040,64257.02,64193.0
2026-07-20,17:45,10:15AM,بالا,۱,3,80,برد,80,,13120,64193.0,64295.57
2026-07-20,18:30,11:00AM,پایین,۲,1,20,باخت,-20,,13100,64538.68,64729.15
2026-07-20,18:35,11:05AM,پایین,🏆 ورودِ طلایی،۱،۲،۵,2,40,باخت,-40,,13060,64729.15,64908.68
2026-07-20,18:40,11:10AM,پایین,🏆 ورودِ طلایی،۱،۲،۵،۷,3,80,باخت,-80,انفجار,12980,64908.68,64931.0
2026-07-20,18:45,11:15AM,پایین,🏆 ورودِ طلایی،۱،۳،۵،۷,1,20,برد,20,,13000,64931.0,64889.11
2026-07-20,18:50,11:20AM,پایین,۵,1,20,برد,20,,13020,64889.11,64884.73
2026-07-20,19:00,11:30AM,بالا,۲,1,20,برد,20,,13040,64790.09,64813.93
2026-07-20,19:10,11:40AM,پایین,۱،۵،۷,1,20,باخت,-20,,13020,65199.36,65269.4
2026-07-20,19:15,11:45AM,پایین,🏆 ورودِ طلایی،۱،۵،۷,2,40,باخت,-40,,12980,65269.4,65478.39
2026-07-20,19:20,11:50AM,پایین,🏆 ورودِ طلایی،۱،۲،۵،۷,3,80,باخت,-80,انفجار,12900,65478.39,65544.59
2026-07-20,19:25,11:55AM,پایین,🏆 ورودِ طلایی،۱،۵،۷,1,20,برد,20,,12920,65544.59,65486.99
2026-07-20,19:30,12:00PM,پایین,۵,1,20,برد,20,,12940,65486.99,65444.07
2026-07-20,21:30,02:00PM,پایین,۵,1,20,برد,20,,12960,65573.75,65541.81
2026-07-20,21:40,02:10PM,پایین,۶,1,20,برد,20,,12980,65694.47,65619.46
2026-07-20,22:10,02:40PM,بالا,۲,1,20,باخت,-20,,12960,65294.9,65239.97
2026-07-21,00:00,04:30PM,پایین,۶,2,40,برد,40,,13000,65375.91,65300.32
2026-07-21,01:30,06:00PM,بالا,۲،۳,1,20,برد,20,,13020,65124.18,65165.14
2026-07-21,03:50,08:20PM,پایین,۱,1,20,برد,20,,13040,65378.91,65313.41
2026-07-21,04:00,08:30PM,پایین,۵,1,20,باخت,-20,,13020,65372.28,65406.11
2026-07-21,04:05,08:35PM,پایین,۱,2,40,باخت,-40,,12980,65406.11,65461.64
2026-07-21,04:10,08:40PM,پایین,۱,3,80,باخت,-80,انفجار,12900,65461.64,65477.91
2026-07-21,04:15,08:45PM,پایین,۱,1,20,باخت,-20,,12880,65477.91,65502.85
2026-07-21,04:20,08:50PM,پایین,۱,2,40,باخت,-40,,12840,65502.85,65532.85
2026-07-21,04:25,08:55PM,پایین,۳,3,80,برد,80,,12920,65532.85,65491.55
2026-07-21,04:35,09:05PM,پایین,۱،۶,1,20,برد,20,,12940,65594.75,65510.96
2026-07-21,05:05,09:35PM,بالا,۳,1,20,باخت,-20,,12920,65364.03,65303.5
2026-07-21,05:10,09:40PM,بالا,۳,2,40,باخت,-40,,12880,65303.5,65249.01
2026-07-21,05:15,09:45PM,بالا,۳,3,80,باخت,-80,انفجار,12800,65249.01,65240.86
2026-07-21,05:20,09:50PM,بالا,۳,1,20,باخت,-20,,12780,65240.86,65198.37
2026-07-21,05:25,09:55PM,بالا,۱،۳,2,40,برد,40,,12820,65198.37,65285.78
2026-07-21,05:45,10:15PM,بالا,۱،۲,1,20,برد,20,,12840,65137.5,65262.86
2026-07-21,06:35,11:05PM,پایین,۱,1,20,باخت,-20,,12820,65410.13,65440.49
2026-07-21,06:40,11:10PM,پایین,۱,2,40,برد,40,,12860,65440.49,65410.45
2026-07-21,07:05,11:35PM,پایین,۱,1,20,باخت,-20,,12840,65479.48,65483.0
2026-07-21,07:10,11:40PM,پایین,۱,2,40,برد,40,,12880,65483.0,65425.31
2026-07-21,07:20,11:50PM,پایین,۱,1,20,باخت,-20,,12860,65499.03,65533.78
2026-07-21,07:30,12:00AM,پایین,۲،۷,2,40,برد,40,,12900,65644.98,65618.91
2026-07-21,07:35,12:05AM,پایین,۵,1,20,برد,20,,12920,65618.91,65557.01
2026-07-21,09:15,01:45AM,پایین,۱،۵،۷,1,20,برد,20,,12940,65765.01,65709.6
2026-07-21,09:20,01:50AM,پایین,۵,1,20,برد,20,,12960,65709.6,65704.76
2026-07-21,09:25,01:55AM,پایین,۵,1,20,باخت,-20,,12940,65704.76,65719.68
2026-07-21,09:55,02:25AM,پایین,۱,2,40,باخت,-40,,12900,65782.89,65870.89
2026-07-21,10:00,02:30AM,پایین,۱،۲،۵,3,80,باخت,-80,انفجار,12820,65870.89,65897.05
2026-07-21,10:05,02:35AM,پایین,۱،۵,1,20,باخت,-20,,12800,65897.05,65908.58
2026-07-21,10:10,02:40AM,پایین,۱,2,40,برد,40,,12840,65908.58,65873.35
2026-07-21,10:45,03:15AM,پایین,۱,1,20,برد,20,,12860,65940.59,65863.01
2026-07-21,11:00,03:30AM,پایین,۱,1,20,باخت,-20,,12840,65978.02,66012.9
2026-07-21,11:05,03:35AM,پایین,۱,2,40,برد,40,,12880,66012.9,65989.46
2026-07-21,11:15,03:45AM,پایین,۱،۵،۶,1,20,باخت,-20,,12860,66147.51,66171.42
2026-07-21,11:20,03:50AM,پایین,۱،۷,2,40,برد,40,,12900,66171.42,66149.44
2026-07-21,11:30,04:00AM,پایین,۱،۵،۶,1,20,برد,20,,12920,66201.27,66135.04
2026-07-21,11:40,04:10AM,پایین,۱,1,20,برد,20,,12940,66240.76,66230.67
2026-07-21,12:05,04:35AM,پایین,۱,1,20,برد,20,,12960,66301.99,66261.42
2026-07-21,14:00,06:30AM,پایین,۳,1,20,برد,20,,12980,66363.06,66331.77
2026-07-21,14:20,06:50AM,بالا,۲،۵,1,20,باخت,-20,,12960,66153.46,66151.44
2026-07-21,14:25,06:55AM,بالا,۵,2,40,باخت,-40,,12920,66151.44,66144.42
2026-07-21,14:30,07:00AM,بالا,۳،۵,3,80,باخت,-80,انفجار,12840,66144.42,66116.87
2026-07-21,14:35,07:05AM,بالا,۳،۵،۷,1,20,برد,20,,12860,66116.87,66187.04
2026-07-21,15:40,08:10AM,پایین,۱,1,20,باخت,-20,,12840,66368.56,66412.73
2026-07-21,15:45,08:15AM,پایین,۱,2,40,برد,40,,12880,66412.73,66412.11
2026-07-21,15:50,08:20AM,پایین,۵,1,20,برد,20,,12900,66412.11,66410.75
2026-07-21,16:05,08:35AM,پایین,۱،۵،۷,1,20,برد,20,,12920,66587.9,66480.25
2026-07-21,17:15,09:45AM,پایین,۱،۵,1,20,باخت,-20,,12900,66588.92,66697.86
2026-07-21,17:20,09:50AM,پایین,۱،۵,2,40,باخت,-40,,12860,66697.86,66737.44
2026-07-21,17:25,09:55AM,پایین,۱،۵,3,80,باخت,-80,انفجار,12780,66737.44,66806.59
2026-07-21,17:30,10:00AM,پایین,🏆 ورودِ طلایی،۱،۲،۵,1,20,برد,20,,12800,66806.59,66789.7
2026-07-21,17:35,10:05AM,پایین,۵,1,20,باخت,-20,,12780,66789.7,66903.48
2026-07-21,17:40,10:10AM,پایین,۱،۵،۶,2,40,برد,40,,12820,66903.48,66829.61
2026-07-21,19:00,11:30AM,بالا,۱,1,20,برد,20,,12840,66536.47,66680.49
2026-07-21,19:55,12:25PM,بالا,۱,1,20,برد,20,,12860,66503.2,66542.49
2026-07-21,20:15,12:45PM,بالا,۱,1,20,برد,20,,12880,66501.66,66525.48
2026-07-21,20:30,01:00PM,بالا,۱,1,20,باخت,-20,,12860,66487.28,66466.76
2026-07-21,20:35,01:05PM,بالا,۱,2,40,باخت,-40,,12820,66466.76,66429.04
2026-07-21,20:40,01:10PM,بالا,۱,3,80,باخت,-80,انفجار,12740,66429.04,66415.21
2026-07-21,21:20,01:50PM,بالا,۵،۷,1,20,باخت,-20,,12720,66168.26,66166.12
2026-07-21,21:25,01:55PM,بالا,۵،۷,2,40,برد,40,,12760,66166.12,66176.42
2026-07-21,21:30,02:00PM,بالا,۵,1,20,برد,20,,12780,66176.42,66289.47
2026-07-21,23:15,03:45PM,پایین,۶,1,20,برد,20,,12800,66454.94,66437.21
2026-07-21,23:45,04:15PM,بالا,۳,1,20,باخت,-20,,12780,66362.15,66337.53
2026-07-21,23:50,04:20PM,بالا,۳,2,40,برد,40,,12820,66337.53,66354.52
2026-07-22,01:45,06:15PM,بالا,۲،۷,1,20,برد,20,,12840,66188.22,66192.86
2026-07-22,03:00,07:30PM,پایین,۵,1,20,باخت,-20,,12820,66389.94,66412.87
2026-07-22,03:15,07:45PM,پایین,۶,2,40,باخت,-40,,12780,66436.09,66520.66
2026-07-22,03:20,07:50PM,پایین,۱،۷,3,80,برد,80,,12860,66520.66,66518.68
2026-07-22,03:25,07:55PM,پایین,۷,1,20,باخت,-20,,12840,66518.68,66577.98
2026-07-22,03:30,08:00PM,پایین,۵،۶،۷,2,40,باخت,-40,,12800,66577.98,66581.41
2026-07-22,03:35,08:05PM,پایین,۵,3,80,باخت,-80,انفجار,12720,66581.41,66644.22
2026-07-22,03:40,08:10PM,پایین,۲،۷,1,20,برد,20,,12740,66644.22,66565.59
2026-07-22,03:50,08:20PM,پایین,۶,1,20,باخت,-20,,12720,66611.71,66619.16
2026-07-22,04:00,08:30PM,پایین,۱،۲,2,40,برد,40,,12760,66684.84,66669.02
2026-07-22,04:10,08:40PM,پایین,۶,1,20,برد,20,,12780,66676.4,66661.03
2026-07-22,04:40,09:10PM,بالا,۲،۳،۵,1,20,باخت,-20,,12760,66449.8,66402.13
2026-07-22,04:45,09:15PM,بالا,۲،۳،۵,2,40,باخت,-40,,12720,66402.13,66312.19
2026-07-22,04:50,09:20PM,بالا,🏆 ورودِ طلایی،۱،۲،۳،۵،۷,3,80,برد,80,,12800,66312.19,66314.12
2026-07-22,04:55,09:25PM,بالا,۵،۷,1,20,برد,20,,12820,66314.12,66356.25
2026-07-22,06:05,10:35PM,بالا,۱،۵,1,20,برد,20,,12840,66290.52,66330.32
2026-07-22,06:25,10:55PM,بالا,۱,1,20,برد,20,,12860,66274.84,66277.1
2026-07-22,06:35,11:05PM,بالا,۱,1,20,باخت,-20,,12840,66236.74,66144.04
2026-07-22,06:40,11:10PM,بالا,۱،۵،۷,2,40,برد,40,,12880,66144.04,66211.78
2026-07-22,08:05,12:35AM,پایین,۱,1,20,باخت,-20,,12860,66354.66,66379.69
2026-07-22,08:10,12:40AM,پایین,۱,2,40,برد,40,,12900,66379.69,66308.92
2026-07-22,08:45,01:15AM,بالا,۱،۲،۵,1,20,باخت,-20,,12880,66127.05,66023.96
2026-07-22,08:50,01:20AM,بالا,۱،۲،۵،۷,2,40,برد,40,,12920,66023.96,66029.8
2026-07-22,08:55,01:25AM,بالا,۵،۷,1,20,برد,20,,12940,66029.8,66083.94
2026-07-22,09:05,01:35AM,بالا,۱،۵,1,20,باخت,-20,,12920,65962.62,65939.52
2026-07-22,09:10,01:40AM,بالا,۱,2,40,باخت,-40,,12880,65939.52,65937.29
2026-07-22,09:15,01:45AM,بالا,۱,3,80,باخت,-80,انفجار,12800,65937.29,65923.77
2026-07-22,09:20,01:50AM,بالا,۱،۵,1,20,برد,20,,12820,65923.77,65932.4
2026-07-22,09:35,02:05AM,بالا,۱,1,20,برد,20,,12840,65877.21,65937.52
2026-07-22,09:50,02:20AM,بالا,۱,1,20,باخت,-20,,12820,65831.08,65818.39
2026-07-22,09:55,02:25AM,بالا,۱,2,40,برد,40,,12860,65818.39,65893.85
2026-07-22,11:05,03:35AM,بالا,۱،۷,1,20,برد,20,,12880,65704.98,65743.27
2026-07-22,11:30,04:00AM,پایین,۱،۲،۵,1,20,باخت,-20,,12860,65933.94,65987.39
2026-07-22,11:35,04:05AM,پایین,۱،۵,2,40,برد,40,,12900,65987.39,65980.78
2026-07-22,11:40,04:10AM,پایین,۵,1,20,باخت,-20,,12880,65980.78,66013.22
2026-07-22,11:45,04:15AM,پایین,۱،۵،۶,2,40,باخت,-40,,12840,66013.22,66030.66
2026-07-22,11:50,04:20AM,پایین,۱,3,80,برد,80,,12920,66030.66,65966.47
2026-07-22,13:00,05:30AM,بالا,۲,1,20,باخت,-20,,12900,65843.01,65829.57
2026-07-22,13:05,05:35AM,بالا,۵,2,40,برد,40,,12940,65829.57,65830.51
2026-07-22,14:15,06:45AM,پایین,۱،۲،۷,1,20,برد,20,,12960,66057.43,66037.17
2026-07-22,14:45,07:15AM,بالا,۳,1,20,برد,20,,12980,65944.0,66040.22
2026-07-22,15:10,07:40AM,بالا,۵,1,20,برد,20,,13000,65871.92,66000.48
2026-07-22,15:30,08:00AM,بالا,۲,1,20,باخت,-20,,12980,65899.57,65843.06
2026-07-22,15:35,08:05AM,بالا,۱،۲،۵,2,40,برد,40,,13020,65843.06,65850.51
2026-07-22,15:45,08:15AM,بالا,۱،۵,1,20,باخت,-20,,13000,65813.9,65813.67
2026-07-22,15:50,08:20AM,بالا,۱,2,40,برد,40,,13040,65813.67,65841.64
2026-07-22,16:00,08:30AM,بالا,۱,1,20,برد,20,,13060,65751.19,65777.31
2026-07-22,16:10,08:40AM,بالا,۱,1,20,باخت,-20,,13040,65735.83,65627.15
2026-07-22,16:15,08:45AM,بالا,۱،۵،۷,2,40,برد,40,,13080,65627.15,65692.19
2026-07-22,16:25,08:55AM,بالا,۱،۵,1,20,برد,20,,13100,65585.47,65592.41
2026-07-22,16:45,09:15AM,بالا,۱,1,20,باخت,-20,,13080,65564.42,65532.95
2026-07-22,16:50,09:20AM,بالا,۱,2,40,برد,40,,13120,65532.95,65569.63
2026-07-22,17:05,09:35AM,پایین,۵,1,20,باخت,-20,,13100,65797.74,65835.85
2026-07-22,17:10,09:40AM,پایین,۵,2,40,باخت,-40,,13060,65835.85,65860.08
2026-07-22,17:15,09:45AM,پایین,۱،۵,3,80,باخت,-80,انفجار,12980,65860.08,65880.74
2026-07-22,17:20,09:50AM,پایین,۱،۳,1,20,باخت,-20,,12960,65880.74,65910.51
2026-07-22,17:25,09:55AM,پایین,۱،۳,2,40,باخت,-40,,12920,65910.51,65987.31
2026-07-22,17:30,10:00AM,پایین,۱،۲،۳،۷,3,80,برد,80,,13000,65987.31,65944.82
2026-07-22,17:45,10:15AM,بالا,۲،۵,1,20,باخت,-20,,12980,65716.25,65593.33
2026-07-22,17:50,10:20AM,بالا,۲،۵,2,40,باخت,-40,,12940,65593.33,65585.26
2026-07-22,17:55,10:25AM,بالا,۵,3,80,برد,80,,13020,65585.26,65682.04
2026-07-22,18:30,11:00AM,پایین,۲،۵,1,20,برد,20,,13040,65864.98,65837.4
2026-07-22,18:40,11:10AM,پایین,۵,1,20,باخت,-20,,13020,65903.82,65924.53
2026-07-22,18:50,11:20AM,پایین,۱،۲,2,40,باخت,-40,,12980,66003.4,66042.26
2026-07-22,18:55,11:25AM,پایین,۱،۵,3,80,برد,80,,13060,66042.26,65960.99
2026-07-22,19:35,12:05PM,پایین,۱,1,20,برد,20,,13080,66121.32,66091.62
2026-07-22,19:50,12:20PM,بالا,۲,1,20,برد,20,,13100,65949.75,65994.94
2026-07-22,20:00,12:30PM,پایین,۱,1,20,باخت,-20,,13080,66212.6,66340.61
2026-07-22,20:05,12:35PM,پایین,۱،۲،۵,2,40,برد,40,,13120,66340.61,66263.14
2026-07-22,20:10,12:40PM,پایین,۵,1,20,برد,20,,13140,66263.14,66169.27
2026-07-22,20:45,01:15PM,بالا,۲,1,20,باخت,-20,,13120,66044.63,66018.91
2026-07-22,20:55,01:25PM,بالا,۳,2,40,برد,40,,13160,65971.45,66027.97
2026-07-22,21:40,02:10PM,بالا,۱,1,20,برد,20,,13180,65962.89,65967.96
2026-07-22,22:00,02:30PM,بالا,۱،۵،۷,1,20,باخت,-20,,13160,65724.04,65722.48
2026-07-22,22:05,02:35PM,بالا,۵،۷,2,40,برد,40,,13200,65722.48,65745.23
2026-07-22,22:40,03:10PM,بالا,۱,1,20,برد,20,,13220,65719.84,65814.92
2026-07-23,01:05,05:35PM,پایین,۷,1,20,باخت,-20,,13200,66021.6,66095.71
2026-07-23,01:10,05:40PM,پایین,۲،۷,2,40,برد,40,,13240,66095.71,66077.19
2026-07-23,02:40,07:10PM,بالا,۱,1,20,باخت,-20,,13220,65858.49,65855.17
2026-07-23,03:20,07:50PM,پایین,۱,2,40,باخت,-40,,13180,66036.29,66082.49
2026-07-23,03:25,07:55PM,پایین,۱,3,80,باخت,-80,انفجار,13100,66082.49,66106.06
2026-07-23,03:30,08:00PM,پایین,۱،۳,1,20,باخت,-20,,13080,66106.06,66176.82
2026-07-23,03:35,08:05PM,پایین,۱،۲،۳،۵،۷,2,40,برد,40,,13120,66176.82,66154.91
2026-07-23,03:45,08:15PM,پایین,۶,1,20,باخت,-20,,13100,66158.96,66235.47
2026-07-23,03:50,08:20PM,پایین,۱،۷,2,40,برد,40,,13140,66235.47,66214.56
2026-07-23,04:00,08:30PM,پایین,۶,1,20,برد,20,,13160,66224.24,66166.03
2026-07-23,04:20,08:50PM,بالا,۵,1,20,باخت,-20,,13140,66088.18,66033.53
2026-07-23,04:25,08:55PM,بالا,۲,2,40,برد,40,,13180,66033.53,66112.6
2026-07-23,04:45,09:15PM,بالا,۱،۵,1,20,برد,20,,13200,65887.79,65889.24
2026-07-23,04:50,09:20PM,بالا,۵,1,20,برد,20,,13220,65889.24,65905.15
2026-07-23,05:00,09:30PM,بالا,۱،۵,1,20,باخت,-20,,13200,65841.52,65749.75
2026-07-23,05:05,09:35PM,بالا,۱،۵،۷,2,40,برد,40,,13240,65749.75,65765.32
2026-07-23,05:40,10:10PM,بالا,۱,1,20,برد,20,,13260,65721.86,65730.14
2026-07-23,05:50,10:20PM,بالا,۱,1,20,برد,20,,13280,65714.39,65716.43
2026-07-23,06:30,11:00PM,بالا,۱,1,20,باخت,-20,,13260,65710.7,65680.89
2026-07-23,06:35,11:05PM,بالا,۱,2,40,باخت,-40,,13220,65680.89,65602.92
2026-07-23,06:40,11:10PM,بالا,۱،۲،۵,3,80,باخت,-80,انفجار,13140,65602.92,65589.54
2026-07-23,06:45,11:15PM,بالا,۵,1,20,برد,20,,13160,65589.54,65609.64
2026-07-23,08:55,01:25AM,پایین,۶,1,20,باخت,-20,,13140,65686.07,65713.62
2026-07-23,09:55,02:25AM,پایین,۱,2,40,برد,40,,13180,65715.21,65688.07
2026-07-23,10:10,02:40AM,پایین,۱,1,20,باخت,-20,,13160,65743.74,65769.74
2026-07-23,10:15,02:45AM,پایین,۱,2,40,باخت,-40,,13120,65769.74,65773.9
2026-07-23,10:20,02:50AM,پایین,۱,3,80,برد,80,,13200,65773.9,65750.6
2026-07-23,10:40,03:10AM,بالا,🏆 ورودِ طلایی،۱،۲،۵،۷,1,20,باخت,-20,,13180,65423.49,65412.44
2026-07-23,10:45,03:15AM,بالا,🏆 ورودِ طلایی،۱،۵،۷,2,40,باخت,-40,,13140,65412.44,65401.99
2026-07-23,10:50,03:20AM,بالا,🏆 ورودِ طلایی،۱،۳،۵،۷,3,80,باخت,-80,انفجار,13060,65401.99,65401.17
2026-07-23,10:55,03:25AM,بالا,🏆 ورودِ طلایی،۱،۳،۵,1,20,باخت,-20,,13040,65401.17,65388.54
2026-07-23,11:00,03:30AM,بالا,۱،۳,2,40,برد,40,,13080,65388.54,65395.33
2026-07-23,11:10,03:40AM,بالا,۱,1,20,برد,20,,13100,65357.44,65377.08
2026-07-23,11:35,04:05AM,پایین,۲,1,20,باخت,-20,,13080,65473.6,65503.61
2026-07-23,11:40,04:10AM,پایین,۳,2,40,باخت,-40,,13040,65503.61,65535.17
2026-07-23,11:45,04:15AM,پایین,۳,3,80,برد,80,,13120,65535.17,65496.0
2026-07-23,12:10,04:40AM,پایین,۶,1,20,باخت,-20,,13100,65594.75,65599.85
2026-07-23,13:55,06:25AM,پایین,۶,2,40,برد,40,,13140,65736.25,65719.44
2026-07-23,15:10,07:40AM,بالا,۳,1,20,برد,20,,13160,65527.77,65533.54
2026-07-23,15:45,08:15AM,بالا,۷,1,20,باخت,-20,,13140,65396.31,65386.45
2026-07-23,15:50,08:20AM,بالا,۵,2,40,برد,40,,13180,65386.45,65386.71
2026-07-23,16:00,08:30AM,بالا,🏆 ورودِ طلایی،۱،۵،۷,1,20,باخت,-20,,13160,65245.96,65128.27
2026-07-23,16:05,08:35AM,بالا,🏆 ورودِ طلایی،۱،۵،۷,2,40,باخت,-40,,13120,65128.27,65068.88
2026-07-23,16:10,08:40AM,بالا,🏆 ورودِ طلایی،۱،۲،۵،۷,3,80,برد,80,,13200,65068.88,65106.41
2026-07-23,16:15,08:45AM,بالا,۵,1,20,برد,20,,13220,65106.41,65196.6
2026-07-23,16:35,09:05AM,بالا,۱،۲,1,20,باخت,-20,,13200,64994.54,64989.34
2026-07-23,16:40,09:10AM,بالا,۱،۵,2,40,باخت,-40,,13160,64989.34,64962.09
2026-07-23,16:45,09:15AM,بالا,۱،۵,3,80,برد,80,,13240,64962.09,65016.97
2026-07-23,17:00,09:30AM,پایین,۵,1,20,برد,20,,13260,65143.79,64957.58
2026-07-23,17:05,09:35AM,بالا,۱,1,20,برد,20,,13280,64957.58,65051.43
2026-07-23,17:15,09:45AM,بالا,۱,1,20,برد,20,,13300,64920.05,65043.68
2026-07-23,17:25,09:55AM,بالا,۱,1,20,برد,20,,13320,64835.2,64901.0
2026-07-23,17:45,10:15AM,پایین,۵,1,20,باخت,-20,,13300,65040.69,65090.1
2026-07-23,17:50,10:20AM,پایین,۵,2,40,باخت,-40,,13260,65090.1,65098.16
2026-07-23,17:55,10:25AM,پایین,۵,3,80,برد,80,,13340,65098.16,65022.22
2026-07-23,18:15,10:45AM,بالا,۵,1,20,باخت,-20,,13320,64884.24,64809.24
2026-07-23,18:20,10:50AM,بالا,۱،۲،۵,2,40,برد,40,,13360,64809.24,64862.24
2026-07-23,18:25,10:55AM,بالا,۵,1,20,باخت,-20,,13340,64862.24,64838.78
2026-07-23,18:35,11:05AM,بالا,۱,2,40,باخت,-40,,13300,64773.75,64733.97
2026-07-23,18:40,11:10AM,بالا,۱,3,80,برد,80,,13380,64733.97,64824.74
2026-07-23,19:45,12:15PM,بالا,۱,1,20,برد,20,,13400,64710.83,64765.69
2026-07-23,20:00,12:30PM,بالا,۱,1,20,برد,20,,13420,64674.13,64725.1
2026-07-23,23:35,04:05PM,پایین,۲،۵,1,20,باخت,-20,,13400,64979.57,64989.64
2026-07-23,23:40,04:10PM,پایین,۵,2,40,باخت,-40,,13360,64989.64,65068.18
2026-07-23,23:45,04:15PM,پایین,۳,3,80,باخت,-80,انفجار,13280,65068.18,65077.03
2026-07-23,23:50,04:20PM,پایین,۳,1,20,باخت,-20,,13260,65077.03,65119.03
2026-07-23,23:55,04:25PM,پایین,۳،۷,2,40,برد,40,,13300,65119.03,65069.93
2026-07-24,03:20,07:50PM,بالا,۲,1,20,برد,20,,13320,65022.97,65050.48
2026-07-24,03:35,08:05PM,بالا,۵،۷,1,20,باخت,-20,,13300,64894.53,64883.27
2026-07-24,03:40,08:10PM,بالا,۷,2,40,باخت,-40,,13260,64883.27,64879.62
2026-07-24,03:45,08:15PM,بالا,۵،۷,3,80,برد,80,,13340,64879.62,64923.52
2026-07-24,04:00,08:30PM,بالا,۷,1,20,باخت,-20,,13320,64776.49,64753.79
2026-07-24,04:30,09:00PM,پایین,۲،۵,2,40,برد,40,,13360,65050.98,65042.03
2026-07-24,04:35,09:05PM,پایین,۵,1,20,برد,20,,13380,65042.03,64995.36
2026-07-24,05:00,09:30PM,پایین,۱,1,20,باخت,-20,,13360,65076.98,65094.26
2026-07-24,05:05,09:35PM,پایین,۱,2,40,برد,40,,13400,65094.26,65052.84
2026-07-24,05:40,10:10PM,پایین,۱,1,20,برد,20,,13420,65118.83,65072.66
2026-07-24,06:00,10:30PM,بالا,۵,1,20,برد,20,,13440,64892.8,64933.31
2026-07-24,06:35,11:05PM,پایین,🏆 ورودِ طلایی،۱،۲،۵,1,20,باخت,-20,,13420,65219.84,65258.95
2026-07-24,06:40,11:10PM,پایین,۱،۵,2,40,باخت,-40,,13380,65258.95,65307.58
2026-07-24,06:45,11:15PM,پایین,۱،۳،۵,3,80,برد,80,,13460,65307.58,65277.98
2026-07-24,07:10,11:40PM,پایین,۱,1,20,باخت,-20,,13440,65354.47,65396.84
2026-07-24,07:15,11:45PM,پایین,۱,2,40,برد,40,,13480,65396.84,65360.93
2026-07-24,07:25,11:55PM,پایین,۱،۶,1,20,برد,20,,13500,65405.03,65391.32
2026-07-24,09:40,02:10AM,پایین,۲,1,20,باخت,-20,,13480,65329.02,65438.95
2026-07-24,09:45,02:15AM,پایین,۲،۵،۷,2,40,برد,40,,13520,65438.95,65401.7
2026-07-24,10:35,03:05AM,پایین,۲،۷,1,20,باخت,-20,,13500,65575.71,65723.89
2026-07-24,10:40,03:10AM,پایین,🏆 ورودِ طلایی،۱،۲،۵،۷,2,40,برد,40,,13540,65723.89,65673.46
2026-07-24,10:45,03:15AM,پایین,۵,1,20,برد,20,,13560,65673.46,65599.69
2026-07-24,11:00,03:30AM,بالا,۲،۵,1,20,باخت,-20,,13540,65526.44,65440.01
2026-07-24,11:05,03:35AM,بالا,۲،۵,2,40,باخت,-40,,13500,65440.01,65327.31
2026-07-24,11:10,03:40AM,بالا,۲،۳،۵,3,80,برد,80,,13580,65327.31,65400.28
2026-07-24,11:50,04:20AM,بالا,۱,1,20,برد,20,,13600,65315.24,65340.46
2026-07-24,12:20,04:50AM,بالا,۱،۲,1,20,باخت,-20,,13580,65283.13,65263.37
2026-07-24,12:25,04:55AM,بالا,۱,2,40,باخت,-40,,13540,65263.37,65157.26
2026-07-24,12:30,05:00AM,بالا,۱،۲،۵,3,80,باخت,-80,انفجار,13460,65157.26,65079.93
2026-07-24,12:35,05:05AM,بالا,۱،۲،۳،۵،۷,1,20,باخت,-20,,13440,65079.93,64997.48
2026-07-24,12:40,05:10AM,بالا,۱،۲،۳،۵،۷,2,40,باخت,-40,,13400,64997.48,64947.02
2026-07-24,12:45,05:15AM,بالا,۱،۳،۵،۷,3,80,باخت,-80,انفجار,13320,64947.02,64924.28
2026-07-24,12:50,05:20AM,بالا,۱،۳،۵،۷,1,20,باخت,-20,,13300,64924.28,64923.69
2026-07-24,12:55,05:25AM,بالا,۳,2,40,باخت,-40,,13260,64923.69,64922.51
2026-07-24,13:00,05:30AM,بالا,۳,3,80,برد,80,,13340,64922.51,65001.2
2026-07-24,15:20,07:50AM,پایین,۱,1,20,باخت,-20,,13320,65022.11,65035.06
2026-07-24,15:25,07:55AM,پایین,۱,2,40,برد,40,,13360,65035.06,64963.06
2026-07-24,15:50,08:20AM,پایین,۱,1,20,برد,20,,13380,65065.23,64972.66
2026-07-24,16:10,08:40AM,بالا,۱،۵,1,20,باخت,-20,,13360,64874.81,64794.67
2026-07-24,16:15,08:45AM,بالا,۱,2,40,باخت,-40,,13320,64794.67,64782.08
2026-07-24,16:20,08:50AM,بالا,۱,3,80,باخت,-80,انفجار,13240,64782.08,64715.96
2026-07-24,16:25,08:55AM,بالا,۱،۵,1,20,باخت,-20,,13220,64715.96,64652.2
2026-07-24,16:30,09:00AM,بالا,۱،۵،۷,2,40,باخت,-40,,13180,64652.2,64332.09
2026-07-24,16:35,09:05AM,بالا,🏆 ورودِ طلایی،۱،۲،۳،۵،۷,3,80,باخت,-80,انفجار,13100,64332.09,64316.11
2026-07-24,16:40,09:10AM,بالا,🏆 ورودِ طلایی،۱،۳،۵،۷,1,20,برد,20,,13120,64316.11,64446.17
2026-07-24,16:45,09:15AM,بالا,۵,1,20,باخت,-20,,13100,64446.17,64335.34
2026-07-24,16:50,09:20AM,بالا,۵,2,40,باخت,-40,,13060,64335.34,64319.79
2026-07-24,17:00,09:30AM,بالا,۱,3,80,باخت,-80,انفجار,12980,64251.58,64220.63
2026-07-24,17:05,09:35AM,بالا,۱،۵,1,20,برد,20,,13000,64220.63,64350.5
2026-07-24,17:15,09:45AM,بالا,۱,1,20,باخت,-20,,12980,64215.31,63947.64
2026-07-24,17:20,09:50AM,بالا,۱،۵,2,40,برد,40,,13020,63947.64,64092.0
2026-07-24,17:30,10:00AM,بالا,۱،۵,1,20,برد,20,,13040,63924.81,64118.06
2026-07-24,17:45,10:15AM,بالا,۱،۵,1,20,باخت,-20,,13020,63813.14,63723.38
2026-07-24,17:50,10:20AM,بالا,۱,2,40,برد,40,,13060,63723.38,63789.28
2026-07-24,17:55,10:25AM,بالا,۵,1,20,باخت,-20,,13040,63789.28,63748.97
2026-07-24,18:20,10:50AM,پایین,۲,2,40,باخت,-40,,13000,63859.94,63985.4
2026-07-24,18:25,10:55AM,پایین,۲,3,80,برد,80,,13080,63985.4,63858.91
2026-07-24,19:00,11:30AM,پایین,۱,1,20,باخت,-20,,13060,64128.77,64214.55
2026-07-24,19:05,11:35AM,پایین,۱،۵,2,40,برد,40,,13100,64214.55,64103.45
2026-07-24,20:15,12:45PM,بالا,۱،۳,1,20,برد,20,,13120,63854.23,63863.38
2026-07-24,22:35,03:05PM,بالا,۲,1,20,برد,20,,13140,64077.54,64090.3
2026-07-24,23:05,03:35PM,پایین,۳,1,20,برد,20,,13160,64207.52,64187.17
2026-07-25,04:10,08:40PM,بالا,۲,1,20,باخت,-20,,13140,64046.62,64032.9
2026-07-25,04:15,08:45PM,بالا,۷,2,40,باخت,-40,,13100,64032.9,64027.32
2026-07-25,04:20,08:50PM,بالا,۷,3,80,باخت,-80,انفجار,13020,64027.32,64008.48
2026-07-25,04:25,08:55PM,بالا,۳،۵،۷,1,20,برد,20,,13040,64008.48,64073.58
2026-07-25,04:40,09:10PM,بالا,۱,1,20,برد,20,,13060,63956.85,63957.14
2026-07-25,04:50,09:20PM,بالا,۱،۵,1,20,برد,20,,13080,63953.26,63990.44
2026-07-25,05:10,09:40PM,پایین,۲،۵,1,20,برد,20,,13100,64062.73,64061.36
2026-07-25,06:45,11:15PM,پایین,۲,1,20,برد,20,,13120,64011.8,64009.82
2026-07-25,06:55,11:25PM,پایین,۶,1,20,باخت,-20,,13100,64025.4,64033.02
2026-07-25,07:40,12:10AM,پایین,۵,2,40,برد,40,,13140,64056.08,64056.07
2026-07-25,08:15,12:45AM,پایین,۵،۷,1,20,برد,20,,13160,64120.77,64099.81
2026-07-25,08:20,12:50AM,پایین,۵,1,20,باخت,-20,,13140,64099.81,64115.09
2026-07-25,09:05,01:35AM,بالا,🏆 ورودِ طلایی،۱،۲،۵،۷,2,40,برد,40,,13180,63970.7,63977.14
2026-07-25,09:15,01:45AM,بالا,۵,1,20,باخت,-20,,13160,63977.14,63956.57
2026-07-25,09:20,01:50AM,بالا,۱،۵,2,40,برد,40,,13200,63956.57,63971.06
2026-07-25,09:50,02:20AM,بالا,۱،۵,1,20,برد,20,,13220,63942.54,63948.68
2026-07-25,10:00,02:30AM,بالا,۱،۵,1,20,برد,20,,13240,63918.11,63966.16
2026-07-25,10:15,02:45AM,بالا,۱,1,20,برد,20,,13260,63910.62,63923.95
2026-07-25,11:35,04:05AM,بالا,۱،۵,1,20,برد,20,,13280,63887.9,63895.45
2026-07-25,12:15,04:45AM,بالا,🏆 ورودِ طلایی،۱،۲،۵،۷,1,20,باخت,-20,,13260,63806.89,63753.11
2026-07-25,12:20,04:50AM,بالا,🏆 ورودِ طلایی،۱،۲،۵،۷,2,40,برد,40,,13300,63753.11,63805.18
2026-07-25,12:25,04:55AM,بالا,۵,1,20,باخت,-20,,13280,63805.18,63781.76
2026-07-25,12:30,05:00AM,بالا,۵,2,40,برد,40,,13320,63781.76,63789.46
2026-07-25,12:45,05:15AM,پایین,۲,1,20,باخت,-20,,13300,63835.91,63859.56
2026-07-25,12:55,05:25AM,پایین,۵,2,40,باخت,-40,,13260,63878.62,63881.84
2026-07-25,13:00,05:30AM,پایین,۳,3,80,برد,80,,13340,63881.84,63870.4
2026-07-25,13:20,05:50AM,پایین,۱،۲,1,20,باخت,-20,,13320,63939.63,63941.85
2026-07-25,13:25,05:55AM,پایین,۱,2,40,باخت,-40,,13280,63941.85,63954.0
2026-07-25,13:30,06:00AM,پایین,۱،۵,3,80,باخت,-80,انفجار,13200,63954.0,63959.23
2026-07-25,13:35,06:05AM,پایین,۱،۳,1,20,باخت,-20,,13180,63959.23,63974.73
2026-07-25,13:40,06:10AM,پایین,۱،۳,2,40,باخت,-40,,13140,63974.73,63974.74
2026-07-25,13:45,06:15AM,پایین,۱،۳,3,80,برد,80,,13220,63974.74,63969.09
2026-07-25,13:55,06:25AM,پایین,۱،۶,1,20,برد,20,,13240,63975.24,63947.98
2026-07-25,14:25,06:55AM,پایین,۶,1,20,باخت,-20,,13220,64003.87,64018.47
2026-07-25,16:30,09:00AM,پایین,۷,2,40,باخت,-40,,13180,64068.56,64070.62
2026-07-25,16:35,09:05AM,پایین,۷,3,80,باخت,-80,انفجار,13100,64070.62,64070.63
2026-07-25,17:10,09:40AM,پایین,۵،۷,1,20,باخت,-20,,13080,64137.5,64188.17
2026-07-25,17:15,09:45AM,پایین,۲،۵،۷,2,40,برد,40,,13120,64188.17,64128.58
2026-07-25,17:30,10:00AM,بالا,۲,1,20,برد,20,,13140,64068.71,64115.14
2026-07-25,19:50,12:20PM,بالا,۱,1,20,باخت,-20,,13120,64078.65,64071.45
2026-07-25,19:55,12:25PM,بالا,۱,2,40,برد,40,,13160,64071.45,64108.88
2026-07-25,20:15,12:45PM,پایین,۵,1,20,برد,20,,13180,64167.34,64144.51
2026-07-25,20:50,01:20PM,پایین,۱,1,20,باخت,-20,,13160,64184.89,64206.74
2026-07-25,20:55,01:25PM,پایین,۱,2,40,باخت,-40,,13120,64206.74,64234.97
2026-07-25,21:00,01:30PM,پایین,۱،۵,3,80,برد,80,,13200,64234.97,64210.0
2026-07-25,21:30,02:00PM,پایین,۱,1,20,برد,20,,13220,64302.57,64285.15
2026-07-25,21:35,02:05PM,پایین,۶,1,20,باخت,-20,,13200,64285.15,64295.29
2026-07-25,21:40,02:10PM,پایین,۵,2,40,باخت,-40,,13160,64295.29,64308.43
2026-07-25,21:45,02:15PM,پایین,۱،۵,3,80,برد,80,,13240,64308.43,64301.99
2026-07-25,21:55,02:25PM,پایین,۱،۶،۷,1,20,باخت,-20,,13220,64358.99,64365.99
2026-07-25,22:00,02:30PM,پایین,۱,2,40,برد,40,,13260,64365.99,64335.03
2026-07-25,22:30,03:00PM,پایین,۱,1,20,برد,20,,13280,64375.98,64367.11
2026-07-25,23:30,04:00PM,بالا,۱,1,20,باخت,-20,,13260,64301.35,64287.25
2026-07-26,00:40,05:10PM,بالا,۲،۷,2,40,باخت,-40,,13220,64213.19,64211.08
2026-07-26,01:00,05:30PM,پایین,۲,3,80,باخت,-80,انفجار,13140,64283.67,64292.23
2026-07-26,01:15,05:45PM,پایین,۱،۵،۶,1,20,برد,20,,13160,64339.83,64298.22
2026-07-26,01:40,06:10PM,پایین,۱,1,20,برد,20,,13180,64342.81,64340.0
2026-07-26,02:15,06:45PM,پایین,۱,1,20,برد,20,,13200,64349.61,64344.99
2026-07-26,02:35,07:05PM,پایین,۱,1,20,برد,20,,13220,64351.94,64349.02
2026-07-26,03:50,08:20PM,پایین,۶,1,20,باخت,-20,,13200,64387.1,64419.39
2026-07-26,03:55,08:25PM,پایین,۷,2,40,برد,40,,13240,64419.39,64402.23
2026-07-26,04:20,08:50PM,پایین,۱,1,20,باخت,-20,,13220,64419.56,64444.63
2026-07-26,04:25,08:55PM,پایین,۱,2,40,برد,40,,13260,64444.63,64420.11
2026-07-26,05:35,10:05PM,بالا,۲,1,20,برد,20,,13280,64375.33,64412.33
2026-07-26,06:15,10:45PM,پایین,۲,1,20,باخت,-20,,13260,64408.78,64458.68
2026-07-26,06:20,10:50PM,پایین,۱،۲،۵,2,40,باخت,-40,,13220,64458.68,64467.03
2026-07-26,06:25,10:55PM,پایین,۱،۵,3,80,برد,80,,13300,64467.03,64441.73
2026-07-26,06:40,11:10PM,پایین,۱،۵,1,20,برد,20,,13320,64520.0,64481.02
2026-07-26,08:35,01:05AM,بالا,۵,1,20,برد,20,,13340,64440.6,64451.99
2026-07-26,09:00,01:30AM,بالا,۲,1,20,برد,20,,13360,64403.95,64405.99
2026-07-26,09:25,01:55AM,بالا,۲،۷,1,20,باخت,-20,,13340,64359.34,64356.1
2026-07-26,09:35,02:05AM,بالا,۲،۵،۷,2,40,باخت,-40,,13300,64314.27,64293.29
2026-07-26,09:40,02:10AM,بالا,۲،۳،۵،۷,3,80,باخت,-80,انفجار,13220,64293.29,64274.03
2026-07-26,09:45,02:15AM,بالا,۳،۵،۷,1,20,باخت,-20,,13200,64274.03,64234.48
2026-07-26,09:50,02:20AM,بالا,🏆 ورودِ طلایی،۲،۳،۵،۷,2,40,برد,40,,13240,64234.48,64240.4
2026-07-26,09:55,02:25AM,بالا,۵,1,20,برد,20,,13260,64240.4,64284.43
2026-07-26,10:05,02:35AM,پایین,۲,1,20,برد,20,,13280,64318.67,64314.13
2026-07-26,10:10,02:40AM,پایین,۵,1,20,باخت,-20,,13260,64314.13,64339.23
2026-07-26,10:15,02:45AM,پایین,۵,2,40,باخت,-40,,13220,64339.23,64358.45
2026-07-26,10:20,02:50AM,پایین,۵,3,80,باخت,-80,انفجار,13140,64358.45,64378.63
2026-07-26,10:25,02:55AM,پایین,۲،۵,1,20,برد,20,,13160,64378.63,64377.62
2026-07-26,10:30,03:00AM,پایین,۵,1,20,برد,20,,13180,64377.62,64362.69
2026-07-26,10:50,03:20AM,بالا,۲،۵,1,20,برد,20,,13200,64307.33,64309.28
2026-07-26,12:15,04:45AM,پایین,۵،۷,1,20,باخت,-20,,13180,64409.68,64429.78
2026-07-26,12:20,04:50AM,پایین,۵،۷,2,40,برد,40,,13220,64429.78,64421.15
2026-07-26,12:25,04:55AM,پایین,۵،۷,1,20,باخت,-20,,13200,64421.15,64453.26
2026-07-26,12:30,05:00AM,پایین,۵،۶،۷,2,40,برد,40,,13240,64453.26,64436.44
2026-07-26,15:30,08:00AM,پایین,۵,1,20,باخت,-20,,13220,64488.68,64534.99
2026-07-26,15:35,08:05AM,پایین,🏆 ورودِ طلایی،۲،۵،۷,2,40,باخت,-40,,13180,64534.99,64545.52
2026-07-26,15:40,08:10AM,پایین,۵،۷,3,80,برد,80,,13260,64545.52,64489.0
2026-07-26,16:10,08:40AM,بالا,۲،۵,1,20,باخت,-20,,13240,64444.36,64405.77
2026-07-26,16:15,08:45AM,بالا,🏆 ورودِ طلایی،۱،۲،۵,2,40,برد,40,,13280,64405.77,64412.92
2026-07-26,16:20,08:50AM,بالا,۵,1,20,باخت,-20,,13260,64412.92,64409.39
2026-07-26,16:25,08:55AM,بالا,۵,2,40,باخت,-40,,13220,64409.39,64369.01
2026-07-26,16:30,09:00AM,بالا,۱،۵,3,80,باخت,-80,انفجار,13140,64369.01,64360.45
2026-07-26,16:35,09:05AM,بالا,۱,1,20,باخت,-20,,13120,64360.45,64358.94
2026-07-26,16:40,09:10AM,بالا,۱،۵,2,40,برد,40,,13160,64358.94,64404.79
2026-07-26,16:50,09:20AM,پایین,۵,1,20,برد,20,,13180,64445.44,64411.09
2026-07-26,17:00,09:30AM,پایین,۵,1,20,باخت,-20,,13160,64413.98,64432.72
2026-07-26,17:10,09:40AM,پایین,۲,2,40,برد,40,,13200,64496.03,64483.5
2026-07-26,17:15,09:45AM,پایین,۵,1,20,برد,20,,13220,64483.5,64471.24
2026-07-26,17:30,10:00AM,پایین,۱,1,20,باخت,-20,,13200,64548.05,64632.64
2026-07-26,17:35,10:05AM,پایین,🏆 ورودِ طلایی،۱،۵،۷,2,40,باخت,-40,,13160,64632.64,64652.8
2026-07-26,17:40,10:10AM,پایین,🏆 ورودِ طلایی،۱،۵،۷,3,80,برد,80,,13240,64652.8,64601.25
2026-07-26,17:45,10:15AM,پایین,۵,1,20,برد,20,,13260,64601.25,64595.33
2026-07-26,17:55,10:25AM,بالا,۲،۵,1,20,برد,20,,13280,64561.73,64596.89
2026-07-26,18:10,10:40AM,پایین,۲,1,20,باخت,-20,,13260,64633.56,64637.83
2026-07-26,18:15,10:45AM,پایین,۵,2,40,باخت,-40,,13220,64637.83,64647.25
2026-07-26,18:25,10:55AM,پایین,۱،۳,3,80,باخت,-80,انفجار,13140,64658.06,64658.46
2026-07-26,18:30,11:00AM,پایین,۱،۳,1,20,برد,20,,13160,64658.46,64624.37
2026-07-26,18:45,11:15AM,پایین,۱,1,20,باخت,-20,,13140,64695.44,64707.11
2026-07-26,18:50,11:20AM,پایین,۱,2,40,برد,40,,13180,64707.11,64698.07
2026-07-26,18:55,11:25AM,پایین,۵,1,20,برد,20,,13200,64698.07,64684.69
2026-07-26,19:00,11:30AM,پایین,۵,1,20,باخت,-20,,13180,64684.69,64743.01
2026-07-26,19:05,11:35AM,پایین,۱,2,40,برد,40,,13220,64743.01,64742.19
2026-07-26,19:10,11:40AM,پایین,۶,1,20,برد,20,,13240,64742.19,64710.23
2026-07-26,19:30,12:00PM,بالا,۵,1,20,باخت,-20,,13220,64678.88,64645.73
2026-07-26,19:35,12:05PM,بالا,۵,2,40,برد,40,,13260,64645.73,64652.21
2026-07-26,19:55,12:25PM,پایین,۱،۲،۵,1,20,باخت,-20,,13240,64747.19,64801.95
2026-07-26,20:00,12:30PM,پایین,🏆 ورودِ طلایی،۱،۲،۵,2,40,برد,40,,13280,64801.95,64759.27
2026-07-26,20:05,12:35PM,پایین,۵,1,20,باخت,-20,,13260,64759.27,64772.05
2026-07-26,20:10,12:40PM,پایین,۵,2,40,برد,40,,13300,64772.05,64764.52
2026-07-26,20:20,12:50PM,بالا,۵,1,20,باخت,-20,,13280,64691.77,64680.5
2026-07-26,20:25,12:55PM,بالا,۵,2,40,باخت,-40,,13240,64680.5,64658.01
2026-07-26,20:30,01:00PM,بالا,۵,3,80,باخت,-80,انفجار,13160,64658.01,64650.49
2026-07-26,20:35,01:05PM,بالا,۵,1,20,برد,20,,13180,64650.49,64717.45
2026-07-26,21:05,01:35PM,بالا,۱،۵,1,20,باخت,-20,,13160,64625.78,64621.52
2026-07-26,21:10,01:40PM,بالا,۱,2,40,برد,40,,13200,64621.52,64633.35
2026-07-26,21:45,02:15PM,بالا,۱,1,20,برد,20,,13220,64615.05,64637.45
2026-07-26,22:35,03:05PM,بالا,۲,1,20,باخت,-20,,13200,64643.5,64624.26
2026-07-26,22:40,03:10PM,بالا,۵,2,40,برد,40,,13240,64624.26,64634.56
2026-07-27,00:45,05:15PM,پایین,۵,1,20,باخت,-20,,13220,64679.49,64720.0
2026-07-27,00:50,05:20PM,پایین,۲،۵،۷,2,40,باخت,-40,,13180,64720.0,64757.05
2026-07-27,00:55,05:25PM,پایین,🏆 ورودِ طلایی،۲،۵،۷,3,80,باخت,-80,انفجار,13100,64757.05,64772.5
2026-07-27,01:00,05:30PM,پایین,۵،۷,1,20,برد,20,,13120,64772.5,64750.01
2026-07-27,01:15,05:45PM,پایین,۱،۷,1,20,برد,20,,13140,64825.1,64820.58
2026-07-27,01:20,05:50PM,پایین,۶,1,20,برد,20,,13160,64820.58,64790.36
2026-07-27,01:30,06:00PM,پایین,🏆 ورودِ طلایی،۱،۵،۷,1,20,باخت,-20,,13140,65111.53,65129.09
2026-07-27,01:35,06:05PM,پایین,🏆 ورودِ طلایی،۱،۵،۷,2,40,باخت,-40,,13100,65129.09,65153.09
2026-07-27,01:40,06:10PM,پایین,🏆 ورودِ طلایی،۱،۵،۷,3,80,برد,80,,13180,65153.09,65131.61
2026-07-27,01:45,06:15PM,پایین,۵,1,20,باخت,-20,,13160,65131.61,65156.91
2026-07-27,01:50,06:20PM,پایین,۱،۶,2,40,برد,40,,13200,65156.91,65153.62
2026-07-27,02:00,06:30PM,پایین,🏆 ورودِ طلایی،۱،۵،۷,1,20,باخت,-20,,13180,65331.59,65360.0
2026-07-27,02:05,06:35PM,پایین,۱،۵,2,40,باخت,-40,,13140,65360.0,65413.4
2026-07-27,02:10,06:40PM,پایین,🏆 ورودِ طلایی،۱،۲،۵,3,80,باخت,-80,انفجار,13060,65413.4,65416.3
2026-07-27,02:15,06:45PM,پایین,۱،۵,1,20,برد,20,,13080,65416.3,65374.62
2026-07-27,02:35,07:05PM,پایین,۱,1,20,برد,20,,13100,65479.0,65358.8
2026-07-27,02:55,07:25PM,بالا,۵,1,20,برد,20,,13120,65271.06,65310.25
2026-07-27,03:30,08:00PM,بالا,۵,1,20,باخت,-20,,13100,65226.35,65153.38
2026-07-27,03:35,08:05PM,بالا,🏆 ورودِ طلایی،۱،۲،۵,2,40,برد,40,,13140,65153.38,65169.88
2026-07-27,03:40,08:10PM,بالا,۵,1,20,باخت,-20,,13120,65169.88,65082.18
2026-07-27,03:45,08:15PM,بالا,۱،۵,2,40,برد,40,,13160,65082.18,65097.42
2026-07-27,03:50,08:20PM,بالا,۵,1,20,برد,20,,13180,65097.42,65144.59
2026-07-27,04:05,08:35PM,بالا,۱,1,20,برد,20,,13200,65072.59,65083.82
2026-07-27,04:20,08:50PM,بالا,۱,1,20,برد,20,,13220,65047.84,65057.61
2026-07-27,04:40,09:10PM,بالا,۱,1,20,برد,20,,13240,64985.18,65017.67
2026-07-27,04:50,09:20PM,بالا,۵,1,20,باخت,-20,,13220,65007.57,64953.18
2026-07-27,04:55,09:25PM,بالا,۱،۵,2,40,برد,40,,13260,64953.18,64992.1
2026-07-27,05:15,09:45PM,پایین,۲،۵,1,20,برد,20,,13280,65111.17,65094.62
2026-07-27,05:25,09:55PM,پایین,۵,1,20,برد,20,,13300,65143.06,65108.24
2026-07-27,05:35,10:05PM,پایین,۱,1,20,برد,20,,13320,65154.08,65148.59
2026-07-27,05:45,10:15PM,پایین,۱,1,20,برد,20,,13340,65154.35,65122.26
2026-07-27,06:05,10:35PM,پایین,۱,1,20,برد,20,,13360,65189.5,65183.88
2026-07-27,06:20,10:50PM,بالا,۲,1,20,برد,20,,13380,65106.98,65114.4
2026-07-27,06:40,11:10PM,پایین,۲,1,20,باخت,-20,,13360,65216.26,65231.25
2026-07-27,06:45,11:15PM,پایین,۵,2,40,باخت,-40,,13320,65231.25,65253.97
2026-07-27,06:50,11:20PM,پایین,۳،۵,3,80,باخت,-80,انفجار,13240,65253.97,65255.02
2026-07-27,06:55,11:25PM,پایین,۳,1,20,برد,20,,13260,65255.02,65213.33
2026-07-27,08:40,01:10AM,پایین,۲,1,20,برد,20,,13280,65326.77,65321.02
2026-07-27,09:30,02:00AM,پایین,۲,1,20,باخت,-20,,13260,65464.13,65509.6
2026-07-27,09:35,02:05AM,پایین,۵،۷,2,40,باخت,-40,,13220,65509.6,65539.12
2026-07-27,09:40,02:10AM,پایین,۵،۷,3,80,برد,80,,13300,65539.12,65510.33
2026-07-27,11:00,03:30AM,بالا,۱,1,20,باخت,-20,,13280,65262.12,65187.38
2026-07-27,11:05,03:35AM,بالا,۱،۲،۵،۷,2,40,برد,40,,13320,65187.38,65222.26
2026-07-27,11:25,03:55AM,بالا,۱,1,20,باخت,-20,,13300,65173.34,65162.98
2026-07-27,11:30,04:00AM,بالا,۱,2,40,باخت,-40,,13260,65162.98,65142.09
2026-07-27,11:35,04:05AM,بالا,۱,3,80,باخت,-80,انفجار,13180,65142.09,65134.55
2026-07-27,12:00,04:30AM,بالا,۱,1,20,باخت,-20,,13160,65115.32,65109.49
2026-07-27,12:05,04:35AM,بالا,۱,2,40,برد,40,,13200,65109.49,65111.22
2026-07-27,12:20,04:50AM,بالا,۱,1,20,برد,20,,13220,65099.9,65113.37
2026-07-27,12:30,05:00AM,بالا,۱,1,20,باخت,-20,,13200,65070.88,65054.7
2026-07-27,12:35,05:05AM,بالا,۱,2,40,برد,40,,13240,65054.7,65060.37
2026-07-27,12:50,05:20AM,پایین,۲,1,20,باخت,-20,,13220,65154.54,65167.03
2026-07-27,13:05,05:35AM,پایین,۳،۵,2,40,برد,40,,13260,65260.2,65241.33
2026-07-27,13:50,06:20AM,پایین,۱,1,20,برد,20,,13280,65322.98,65291.31
2026-07-27,14:05,06:35AM,پایین,۱,1,20,باخت,-20,,13260,65332.26,65350.43
2026-07-27,14:10,06:40AM,پایین,۱,2,40,برد,40,,13300,65350.43,65309.81
2026-07-27,14:50,07:20AM,بالا,۱،۲,1,20,باخت,-20,,13280,65134.04,65075.9
2026-07-27,14:55,07:25AM,بالا,۱،۲،۵،۷,2,40,برد,40,,13320,65075.9,65144.52
2026-07-27,15:20,07:50AM,بالا,۱,1,20,باخت,-20,,13300,65060.02,65047.75
2026-07-27,15:25,07:55AM,بالا,۱,2,40,برد,40,,13340,65047.75,65148.31
2026-07-27,15:40,08:10AM,بالا,۱,1,20,باخت,-20,,13320,65028.29,65013.92
2026-07-27,15:45,08:15AM,بالا,۱,2,40,باخت,-40,,13280,65013.92,65001.89
2026-07-27,15:50,08:20AM,بالا,۱,3,80,باخت,-80,انفجار,13200,65001.89,64955.66
2026-07-27,15:55,08:25AM,بالا,۱،۵,1,20,باخت,-20,,13180,64955.66,64819.38
2026-07-27,16:00,08:30AM,بالا,۱،۲،۵،۷,2,40,برد,40,,13220,64819.38,64919.99
2026-07-27,16:20,08:50AM,پایین,۵,1,20,برد,20,,13240,65019.46,65016.3
2026-07-27,17:05,09:35AM,پایین,🏆 ورودِ طلایی،۱،۲،۵,1,20,باخت,-20,,13220,65384.57,65614.05
2026-07-27,17:10,09:40AM,پایین,🏆 ورودِ طلایی،۱،۲،۵،۷,2,40,برد,40,,13260,65614.05,65573.81
2026-07-27,17:15,09:45AM,پایین,۵،۷,1,20,برد,20,,13280,65573.81,65378.08
2026-07-27,17:20,09:50AM,پایین,۵,1,20,برد,20,,13300,65378.08,65146.82
2026-07-27,17:25,09:55AM,بالا,۲،۵,1,20,برد,20,,13320,65146.82,65269.05
2026-07-27,17:30,10:00AM,بالا,۵,1,20,برد,20,,13340,65269.05,65341.69
2026-07-27,17:35,10:05AM,بالا,۵,1,20,باخت,-20,,13320,65341.69,65304.91
2026-07-27,17:50,10:20AM,بالا,۲،۵,2,40,باخت,-40,,13280,64992.75,64814.39
2026-07-27,17:55,10:25AM,بالا,🏆 ورودِ طلایی،۱،۲،۵,3,80,باخت,-80,انفجار,13200,64814.39,64592.94
2026-07-27,18:00,10:30AM,بالا,🏆 ورودِ طلایی،۱،۲،۵,1,20,باخت,-20,,13180,64592.94,64587.1
2026-07-27,18:05,10:35AM,بالا,🏆 ورودِ طلایی،۱،۳،۵,2,40,باخت,-40,,13140,64587.1,64404.87
2026-07-27,18:10,10:40AM,بالا,🏆 ورودِ طلایی،۱،۲،۳،۵،۷,3,80,برد,80,,13220,64404.87,64545.23
2026-07-27,18:15,10:45AM,بالا,۵,1,20,باخت,-20,,13200,64545.23,64508.57
2026-07-27,18:30,11:00AM,پایین,۵,2,40,برد,40,,13240,64652.6,64536.35
2026-07-27,20:00,12:30PM,پایین,۲،۵,1,20,باخت,-20,,13220,64810.28,64852.71
2026-07-27,20:05,12:35PM,پایین,۵,2,40,برد,40,,13260,64852.71,64844.39
2026-07-27,20:10,12:40PM,پایین,۵,1,20,باخت,-20,,13240,64844.39,64862.19
2026-07-27,20:15,12:45PM,پایین,۶,2,40,برد,40,,13280,64862.19,64761.34
2026-07-27,20:50,01:20PM,پایین,۲,1,20,برد,20,,13300,64971.29,64929.06
2026-07-27,21:00,01:30PM,پایین,۶,1,20,برد,20,,13320,65007.99,64967.53
2026-07-27,21:45,02:15PM,بالا,۲,1,20,برد,20,,13340,64795.64,64824.98
2026-07-28,01:55,06:25PM,بالا,۷,1,20,باخت,-20,,13320,64542.89,64466.51
2026-07-28,02:00,06:30PM,بالا,۲،۷,2,40,برد,40,,13360,64466.51,64470.02
2026-07-28,02:05,06:35PM,بالا,۷,1,20,باخت,-20,,13340,64470.02,64150.42
2026-07-28,02:10,06:40PM,بالا,🏆 ورودِ طلایی،۱،۵،۷,2,40,باخت,-40,,13300,64150.42,64060.73
2026-07-28,02:15,06:45PM,بالا,🏆 ورودِ طلایی،۱،۵،۷,3,80,باخت,-80,انفجار,13220,64060.73,63942.1
2026-07-28,02:20,06:50PM,بالا,🏆 ورودِ طلایی،۱،۲،۵،۷,1,20,باخت,-20,,13200,63942.1,63739.0
2026-07-28,02:25,06:55PM,بالا,🏆 ورودِ طلایی،۱،۲،۵،۷,2,40,باخت,-40,,13160,63739.0,63640.0
2026-07-28,02:30,07:00PM,بالا,🏆 ورودِ طلایی،۱،۲،۵،۷,3,80,باخت,-80,انفجار,13080,63640.0,63608.0
2026-07-28,02:35,07:05PM,بالا,🏆 ورودِ طلایی،۱،۳،۵،۷,1,20,برد,20,,13100,63608.0,63744.94
2026-07-28,02:55,07:25PM,پایین,۵,1,20,برد,20,,13120,63835.47,63768.69
2026-07-28,03:50,08:20PM,بالا,۱,1,20,برد,20,,13140,63585.85,63638.87
2026-07-28,04:10,08:40PM,بالا,۱,1,20,باخت,-20,,13120,63543.62,63481.21
2026-07-28,04:15,08:45PM,بالا,۱,2,40,باخت,-40,,13080,63481.21,63451.18
2026-07-28,04:20,08:50PM,بالا,۱,3,80,باخت,-80,انفجار,13000,63451.18,63427.11
2026-07-28,04:25,08:55PM,بالا,۱،۵,1,20,باخت,-20,,12980,63427.11,63400.0
2026-07-28,04:30,09:00PM,بالا,۱,2,40,باخت,-40,,12940,63400.0,63121.12
2026-07-28,04:35,09:05PM,بالا,🏆 ورودِ طلایی،۱،۲،۳،۵،۷,3,80,برد,80,,13020,63121.12,63150.0
2026-07-28,04:40,09:10PM,بالا,۵،۷,1,20,باخت,-20,,13000,63150.0,63134.04
2026-07-28,04:45,09:15PM,بالا,۵،۷,2,40,برد,40,,13040,63134.04,63138.85
2026-07-28,04:50,09:20PM,بالا,۵,1,20,برد,20,,13060,63138.85,63250.43
2026-07-28,05:00,09:30PM,پایین,۲,1,20,برد,20,,13080,63325.67,63211.9
2026-07-28,05:30,10:00PM,بالا,۱,1,20,برد,20,,13100,63120.62,63187.23
2026-07-28,06:10,10:40PM,بالا,۱,1,20,باخت,-20,,13080,63067.25,63061.1
2026-07-28,08:30,01:00AM,پایین,۲،۳،۵,2,40,باخت,-40,,13040,63388.77,63399.18
2026-07-28,08:35,01:05AM,پایین,۳،۵،۷,3,80,برد,80,,13120,63399.18,63389.15
2026-07-28,08:45,01:15AM,پایین,۵،۶،۷,1,20,برد,20,,13140,63533.25,63437.48
2026-07-28,10:00,02:30AM,پایین,۳,1,20,باخت,-20,,13120,63463.35,63491.28
2026-07-28,10:05,02:35AM,پایین,۳,2,40,باخت,-40,,13080,63491.28,63511.03
2026-07-28,10:10,02:40AM,پایین,۳,3,80,برد,80,,13160,63511.03,63491.27
2026-07-28,10:20,02:50AM,پایین,۶,1,20,باخت,-20,,13140,63547.04,63569.7
2026-07-28,13:25,05:55AM,بالا,۵,2,40,باخت,-40,,13100,63320.78,63290.59
2026-07-28,13:30,06:00AM,بالا,۱،۵,3,80,باخت,-80,انفجار,13020,63290.59,63265.52
2026-07-28,13:35,06:05AM,بالا,۱،۵,1,20,برد,20,,13040,63265.52,63268.94
2026-07-28,14:10,06:40AM,پایین,۵,1,20,باخت,-20,,13020,63445.96,63459.59
2026-07-28,14:15,06:45AM,پایین,۵,2,40,برد,40,,13060,63459.59,63448.46
2026-07-28,14:40,07:10AM,بالا,۲،۵,1,20,برد,20,,13080,63293.96,63491.5
2026-07-28,14:45,07:15AM,پایین,۱,1,20,برد,20,,13100,63491.5,63392.38
2026-07-28,15:00,07:30AM,پایین,۵,1,20,برد,20,,13120,63438.56,63415.93
2026-07-28,16:15,08:45AM,پایین,۱،۲,1,20,برد,20,,13140,63493.24,63462.83
2026-07-28,16:50,09:20AM,بالا,۱،۲,1,20,باخت,-20,,13120,63328.13,63241.62
2026-07-28,16:55,09:25AM,بالا,۲،۳،۵,2,40,باخت,-40,,13080,63241.62,63186.99
2026-07-28,17:00,09:30AM,بالا,۱،۳،۵،۷,3,80,باخت,-80,انفجار,13000,63186.99,62890.99
2026-07-28,17:05,09:35AM,بالا,🏆 ورودِ طلایی،۱،۲،۳،۵،۷,1,20,برد,20,,13020,62890.99,62918.33
2026-07-28,17:10,09:40AM,بالا,۵،۷,1,20,باخت,-20,,13000,62918.33,62837.33
2026-07-28,17:15,09:45AM,بالا,🏆 ورودِ طلایی،۱،۵،۷,2,40,برد,40,,13040,62837.33,62940.32
2026-07-28,17:20,09:50AM,بالا,۵,1,20,برد,20,,13060,62940.32,63026.56
2026-07-28,17:30,10:00AM,پایین,۲،۵,1,20,باخت,-20,,13040,63119.09,63125.84
2026-07-28,17:35,10:05AM,پایین,۵,2,40,برد,40,,13080,63125.84,63067.88
2026-07-28,18:05,10:35AM,پایین,۵,1,20,باخت,-20,,13060,63161.06,63280.47
2026-07-28,18:15,10:45AM,پایین,۲،۵,2,40,برد,40,,13100,63407.9,63384.79
2026-07-28,18:20,10:50AM,پایین,۵,1,20,برد,20,,13120,63384.79,63331.32
2026-07-28,18:30,11:00AM,بالا,۲,1,20,برد,20,,13140,63250.31,63327.0
2026-07-28,18:40,11:10AM,پایین,۱,1,20,برد,20,,13160,63412.59,63329.59
2026-07-28,18:50,11:20AM,پایین,🏆 ورودِ طلایی،۱،۵،۶,1,20,برد,20,,13180,63816.18,63676.1
2026-07-28,18:55,11:25AM,پایین,۵,1,20,باخت,-20,,13160,63676.1,63716.13
2026-07-28,19:00,11:30AM,پایین,۵,2,40,باخت,-40,,13120,63716.13,63780.83
2026-07-28,19:05,11:35AM,پایین,۵,3,80,باخت,-80,انفجار,13040,63780.83,63803.56
2026-07-28,19:15,11:45AM,پایین,۱,1,20,برد,20,,13060,63825.45,63792.05
2026-07-28,19:25,11:55AM,پایین,۱،۶,1,20,برد,20,,13080,63866.04,63829.8
2026-07-28,19:45,12:15PM,پایین,۱,1,20,برد,20,,13100,63870.77,63775.77
2026-07-28,20:20,12:50PM,پایین,۱،۲،۵,1,20,برد,20,,13120,64000.0,63968.3
2026-07-28,20:35,01:05PM,بالا,۲,1,20,باخت,-20,,13100,63792.66,63739.82
2026-07-28,20:40,01:10PM,بالا,۵,2,40,باخت,-40,,13060,63739.82,63663.49
2026-07-28,20:45,01:15PM,بالا,۲،۵,3,80,برد,80,,13140,63663.49,63681.06
2026-07-28,20:50,01:20PM,بالا,۵,1,20,باخت,-20,,13120,63681.06,63670.14
2026-07-28,21:05,01:35PM,بالا,۲,2,40,برد,40,,13160,63477.32,63491.87
2026-07-28,23:30,04:00PM,پایین,۵,1,20,برد,20,,13180,63887.12,63865.55
2026-07-28,23:40,04:10PM,پایین,۶,1,20,برد,20,,13200,63912.36,63912.08
2026-07-29,02:20,06:50PM,بالا,۷,1,20,باخت,-20,,13180,63714.18,63701.51
2026-07-29,02:25,06:55PM,بالا,۷,2,40,باخت,-40,,13140,63701.51,63634.74
2026-07-29,02:30,07:00PM,بالا,۷,3,80,باخت,-80,انفجار,13060,63634.74,63539.5
2026-07-29,02:35,07:05PM,بالا,۲،۷,1,20,برد,20,,13080,63539.5,63547.05
2026-07-29,02:40,07:10PM,بالا,۷,1,20,برد,20,,13100,63547.05,63556.86
2026-07-29,03:10,07:40PM,پایین,۵,1,20,باخت,-20,,13080,63762.82,63835.42
2026-07-29,03:15,07:45PM,پایین,۵,2,40,باخت,-40,,13040,63835.42,63844.35
2026-07-29,03:30,08:00PM,پایین,۱،۲،۵,3,80,باخت,-80,انفجار,12960,63964.22,63975.62
2026-07-29,03:35,08:05PM,پایین,۱،۳,1,20,برد,20,,12980,63975.62,63937.14
2026-07-29,03:45,08:15PM,پایین,۶,1,20,برد,20,,13000,63971.19,63897.7
2026-07-29,04:05,08:35PM,پایین,۱,1,20,باخت,-20,,12980,63979.46,63990.68
2026-07-29,04:10,08:40PM,پایین,۱,2,40,برد,40,,13020,63990.68,63968.19
2026-07-29,04:20,08:50PM,پایین,۱,1,20,برد,20,,13040,64013.0,63876.84
2026-07-29,04:40,09:10PM,بالا,۵,1,20,برد,20,,13060,63739.62,63777.27
2026-07-29,05:10,09:40PM,بالا,۱,1,20,باخت,-20,,13040,63731.57,63679.0
2026-07-29,05:15,09:45PM,بالا,۱,2,40,باخت,-40,,13000,63679.0,63654.43
2026-07-29,05:20,09:50PM,بالا,۱,3,80,باخت,-80,انفجار,12920,63654.43,63618.9
2026-07-29,05:25,09:55PM,بالا,۱،۵,1,20,برد,20,,12940,63618.9,63622.61
2026-07-29,05:55,10:25PM,پایین,۵,1,20,برد,20,,12960,63927.0,63872.94
2026-07-29,06:05,10:35PM,پایین,🏆 ورودِ طلایی،۱،۵،۶,1,20,برد,20,,12980,64006.38,63948.43
2026-07-29,07:15,11:45PM,بالا,۱,1,20,باخت,-20,,12960,63647.35,63638.93
2026-07-29,07:20,11:50PM,بالا,۱,2,40,برد,40,,13000,63638.93,63653.59
2026-07-29,07:30,12:00AM,بالا,۱,1,20,برد,20,,13020,63555.34,63672.44
2026-07-29,08:05,12:35AM,پایین,۵,1,20,برد,20,,13040,63813.05,63780.39
2026-07-29,08:25,12:55AM,پایین,۱,1,20,برد,20,,13060,63881.49,63881.44
2026-07-29,08:35,01:05AM,پایین,۱،۶,1,20,باخت,-20,,13040,63894.53,63912.99
2026-07-29,09:15,01:45AM,پایین,۶,2,40,باخت,-40,,13000,63951.48,64009.11
2026-07-29,09:55,02:25AM,پایین,۵،۷,3,80,باخت,-80,انفجار,12920,64314.0,64329.43
2026-07-29,10:00,02:30AM,پایین,۵،۷,1,20,باخت,-20,,12900,64329.43,64338.78
2026-07-29,10:05,02:35AM,پایین,۵،۷,2,40,باخت,-40,,12860,64338.78,64373.99
2026-07-29,10:10,02:40AM,پایین,۵،۷,3,80,برد,80,,12940,64373.99,64325.22
2026-07-29,10:20,02:50AM,پایین,۶,1,20,باخت,-20,,12920,64335.24,64348.12
2026-07-29,10:35,03:05AM,پایین,۶,2,40,باخت,-40,,12880,64378.76,64384.31
2026-07-29,10:55,03:25AM,پایین,۶,3,80,برد,80,,12960,64430.5,64368.67
2026-07-29,11:25,03:55AM,پایین,۱،۶,1,20,برد,20,,12980,64494.05,64447.8
2026-07-29,12:10,04:40AM,پایین,۲,1,20,باخت,-20,,12960,64342.92,64378.8
2026-07-29,13:05,05:35AM,پایین,۲،۷,2,40,باخت,-40,,12920,64519.94,64531.68
2026-07-29,13:10,05:40AM,پایین,۷,3,80,برد,80,,13000,64531.68,64483.27
2026-07-29,13:20,05:50AM,پایین,۶,1,20,باخت,-20,,12980,64595.07,64621.74
2026-07-29,14:20,06:50AM,بالا,۱,2,40,برد,40,,13020,64363.34,64402.48
2026-07-29,14:30,07:00AM,بالا,۵,1,20,برد,20,,13040,64400.35,64424.21
2026-07-29,15:05,07:35AM,بالا,۱,1,20,برد,20,,13060,64351.27,64354.75
2026-07-29,15:45,08:15AM,بالا,۱,1,20,برد,20,,13080,64251.08,64274.76
2026-07-29,16:30,09:00AM,بالا,۳,1,20,برد,20,,13100,64194.13,64212.62
2026-07-29,16:45,09:15AM,بالا,۱,1,20,باخت,-20,,13080,64130.5,64127.7
2026-07-29,16:50,09:20AM,بالا,۱,2,40,باخت,-40,,13040,64127.7,64125.29
2026-07-29,17:10,09:40AM,پایین,۱،۵,3,80,باخت,-80,انفجار,12960,64401.36,64548.0
2026-07-29,17:15,09:45AM,پایین,🏆 ورودِ طلایی،۱،۵،۷,1,20,برد,20,,12980,64548.0,64398.42
2026-07-29,17:25,09:55AM,پایین,🏆 ورودِ طلایی،۱،۵،۶,1,20,برد,20,,13000,64590.72,64512.08
2026-07-29,17:40,10:10AM,بالا,۲،۵,1,20,برد,20,,13020,64173.26,64218.41
2026-07-29,17:45,10:15AM,بالا,۵,1,20,باخت,-20,,13000,64218.41,64218.09
2026-07-29,17:50,10:20AM,بالا,۵,2,40,باخت,-40,,12960,64218.09,64116.99
2026-07-29,17:55,10:25AM,بالا,۱،۵,3,80,باخت,-80,انفجار,12880,64116.99,64091.53
2026-07-29,18:00,10:30AM,بالا,۱,1,20,باخت,-20,,12860,64091.53,64067.5
2026-07-29,18:05,10:35AM,بالا,۱,2,40,باخت,-40,,12820,64067.5,64005.58
2026-07-29,18:10,10:40AM,بالا,۱،۲،۵,3,80,برد,80,,12900,64005.58,64054.16
2026-07-29,18:45,11:15AM,بالا,۱,1,20,برد,20,,12920,63883.53,63946.36
2026-07-29,19:20,11:50AM,بالا,۱,1,20,برد,20,,12940,63855.51,63871.75
2026-07-29,19:30,12:00PM,بالا,۱,1,20,برد,20,,12960,63831.17,63888.91
2026-07-29,20:05,12:35PM,بالا,۱,1,20,باخت,-20,,12940,63799.79,63571.28
2026-07-29,20:10,12:40PM,بالا,🏆 ورودِ طلایی،۱،۲،۵,2,40,برد,40,,12980,63571.28,63593.96
2026-07-29,20:15,12:45PM,بالا,۵,1,20,برد,20,,13000,63593.96,63669.14
2026-07-29,21:15,01:45PM,پایین,۵,1,20,باخت,-20,,12980,63911.83,64103.99
2026-07-29,21:20,01:50PM,پایین,۱،۲،۵,2,40,باخت,-40,,12940,64103.99,64198.62
2026-07-29,21:25,01:55PM,پایین,🏆 ورودِ طلایی،۱،۲،۵،۷,3,80,باخت,-80,انفجار,12860,64198.62,64345.01
2026-07-29,21:30,02:00PM,پایین,🏆 ورودِ طلایی،۱،۲،۵،۷,1,20,باخت,-20,,12840,64345.01,64353.93
2026-07-29,21:35,02:05PM,پایین,🏆 ورودِ طلایی،۱،۳،۵،۷,2,40,برد,40,,12880,64353.93,64247.26
2026-07-29,21:50,02:20PM,بالا,۲،۵,1,20,باخت,-20,,12860,64042.43,64021.13
2026-07-29,21:55,02:25PM,بالا,۵,2,40,باخت,-40,,12820,64021.13,63876.99
2026-07-29,22:00,02:30PM,بالا,۲،۵,3,80,برد,80,,12900,63876.99,64126.04
2026-07-29,22:10,02:40PM,پایین,۵,1,20,باخت,-20,,12880,64348.24,64415.13
2026-07-29,22:15,02:45PM,پایین,۱،۵,2,40,باخت,-40,,12840,64415.13,64524.6
2026-07-29,22:20,02:50PM,پایین,🏆 ورودِ طلایی،۱،۲،۵,3,80,برد,80,,12920,64524.6,64409.4
2026-07-29,22:35,03:05PM,بالا,۲,1,20,برد,20,,12940,64149.37,64200.03
2026-07-29,22:40,03:10PM,بالا,۵,1,20,باخت,-20,,12920,64200.03,64169.12
2026-07-29,22:50,03:20PM,بالا,۵,2,40,باخت,-40,,12880,64075.97,63947.11
2026-07-29,22:55,03:25PM,بالا,۲,3,80,باخت,-80,انفجار,12800,63947.11,63877.85
2026-07-29,23:00,03:30PM,بالا,۵,1,20,باخت,-20,,12780,63877.85,63822.16
2026-07-29,23:05,03:35PM,بالا,۱،۵,2,40,باخت,-40,,12740,63822.16,63806.71
2026-07-29,23:10,03:40PM,بالا,۱،۳,3,80,باخت,-80,انفجار,12660,63806.71,63650.19
2026-07-29,23:15,03:45PM,بالا,۱،۲،۳،۷,1,20,باخت,-20,,12640,63650.19,63576.61
2026-07-29,23:20,03:50PM,بالا,۱،۳,2,40,باخت,-40,,12600,63576.61,63515.97
2026-07-29,23:25,03:55PM,بالا,۱،۳,3,80,باخت,-80,انفجار,12520,63515.97,63429.99
2026-07-29,23:30,04:00PM,بالا,۱،۳،۵,1,20,باخت,-20,,12500,63429.99,63309.11
2026-07-29,23:35,04:05PM,بالا,۱،۲،۳،۵,2,40,برد,40,,12540,63309.11,63538.05
2026-07-30,00:30,05:00PM,بالا,۱,1,20,برد,20,,12560,63253.2,63269.82
2026-07-30,01:40,06:10PM,پایین,۳،۷,1,20,باخت,-20,,12540,63941.46,64023.87
2026-07-30,01:45,06:15PM,پایین,۳،۷,2,40,برد,40,,12580,64023.87,63920.25
2026-07-30,01:55,06:25PM,پایین,۶,1,20,برد,20,,12600,63960.75,63863.81
2026-07-30,04:10,08:40PM,بالا,۷,1,20,برد,20,,12620,63606.26,63663.22
2026-07-30,05:10,09:40PM,پایین,۱،۳,1,20,باخت,-20,,12600,63981.68,64151.16
2026-07-30,05:15,09:45PM,پایین,۱،۲،۳،۵،۷,2,40,باخت,-40,,12560,64151.16,64218.19
2026-07-30,05:20,09:50PM,پایین,۱،۳،۷,3,80,برد,80,,12640,64218.19,64179.94
2026-07-30,05:30,10:00PM,پایین,۶,1,20,باخت,-20,,12620,64205.95,64233.28
2026-07-30,05:35,10:05PM,پایین,۱,2,40,باخت,-40,,12580,64233.28,64246.8
2026-07-30,05:40,10:10PM,پایین,۱,3,80,باخت,-80,انفجار,12500,64246.8,64262.37
2026-07-30,05:55,10:25PM,پایین,۶,1,20,برد,20,,12520,64264.98,64169.76
2026-07-30,08:35,01:05AM,بالا,۷,1,20,برد,20,,12540,63896.14,63902.71
2026-07-30,08:50,01:20AM,بالا,۷,1,20,برد,20,,12560,63835.4,63920.02
2026-07-30,11:00,03:30AM,بالا,۲,1,20,برد,20,,12580,63894.94,63931.52
2026-07-30,11:50,04:20AM,پایین,۱،۲,1,20,باخت,-20,,12560,64111.23,64190.0
2026-07-30,11:55,04:25AM,پایین,۱،۲،۵،۷,2,40,باخت,-40,,12520,64190.0,64195.06
2026-07-30,12:00,04:30AM,پایین,۱،۵،۷,3,80,برد,80,,12600,64195.06,64163.46
2026-07-30,12:05,04:35AM,پایین,۵,1,20,باخت,-20,,12580,64163.46,64250.33
2026-07-30,12:10,04:40AM,پایین,۱،۶،۷,2,40,برد,40,,12620,64250.33,64231.37
2026-07-30,12:40,05:10AM,پایین,۱،۲,1,20,برد,20,,12640,64323.26,64313.81
2026-07-30,12:50,05:20AM,پایین,۱،۵،۶,1,20,باخت,-20,,12620,64399.99,64408.9
2026-07-30,12:55,05:25AM,پایین,۱,2,40,باخت,-40,,12580,64408.9,64520.55
2026-07-30,13:00,05:30AM,پایین,۱،۲،۵,3,80,برد,80,,12660,64520.55,64491.8
2026-07-30,13:05,05:35AM,پایین,۵,1,20,باخت,-20,,12640,64491.8,64505.81
2026-07-30,13:10,05:40AM,پایین,۶,2,40,برد,40,,12680,64505.81,64503.11
2026-07-30,13:45,06:15AM,پایین,۶,1,20,باخت,-20,,12660,64524.66,64536.8
2026-07-30,15:20,07:50AM,پایین,🏆 ورودِ طلایی،۱،۲،۵،۷,2,40,برد,40,,12700,64769.05,64708.36
2026-07-30,15:25,07:55AM,پایین,۵,1,20,باخت,-20,,12680,64708.36,64782.27
2026-07-30,15:30,08:00AM,پایین,۱،۵،۶,2,40,باخت,-40,,12640,64782.27,64824.23
2026-07-30,15:35,08:05AM,پایین,۱،۵,3,80,باخت,-80,انفجار,12560,64824.23,64906.54
2026-07-30,15:40,08:10AM,پایین,۱،۲،۵،۷,1,20,برد,20,,12580,64906.54,64841.16
2026-07-30,15:45,08:15AM,پایین,۵,1,20,باخت,-20,,12560,64841.16,64871.3
2026-07-30,15:50,08:20AM,پایین,۶,2,40,برد,40,,12600,64871.3,64808.23
2026-07-30,17:00,09:30AM,بالا,۱,1,20,برد,20,,12620,64658.08,64664.19
2026-07-30,17:10,09:40AM,پایین,۱،۵,1,20,باخت,-20,,12600,64931.91,65051.5
2026-07-30,17:15,09:45AM,پایین,🏆 ورودِ طلایی،۱،۲،۵,2,40,برد,40,,12640,65051.5,64941.15
2026-07-30,17:20,09:50AM,پایین,۵,1,20,باخت,-20,,12620,64941.15,64961.68
2026-07-30,17:25,09:55AM,پایین,۵,2,40,برد,40,,12660,64961.68,64841.78
2026-07-30,17:35,10:05AM,بالا,۵,1,20,باخت,-20,,12640,64704.96,64665.31
2026-07-30,17:40,10:10AM,بالا,۵,2,40,باخت,-40,,12600,64665.31,64584.88
2026-07-30,17:45,10:15AM,بالا,🏆 ورودِ طلایی،۱،۲،۵,3,80,برد,80,,12680,64584.88,64683.74
2026-07-30,18:25,10:55AM,بالا,۲,1,20,برد,20,,12700,64610.89,64676.5
2026-07-30,19:40,12:10PM,پایین,۱،۲،۵,1,20,برد,20,,12720,64870.82,64831.7
2026-07-30,19:45,12:15PM,پایین,۵,1,20,برد,20,,12740,64831.7,64782.98
2026-07-30,20:10,12:40PM,بالا,۲,1,20,برد,20,,12760,64708.27,64741.19
2026-07-30,21:40,02:10PM,بالا,۳,1,20,باخت,-20,,12740,64755.71,64717.8
2026-07-30,21:45,02:15PM,بالا,۳,2,40,برد,40,,12780,64717.8,64733.55
2026-07-31,01:35,06:05PM,پایین,۲،۵،۷,1,20,برد,20,,12800,64875.71,64863.96
2026-07-31,01:40,06:10PM,پایین,۵,1,20,برد,20,,12820,64863.96,64837.9
2026-07-31,01:45,06:15PM,پایین,۵,1,20,باخت,-20,,12800,64837.9,64846.42
2026-07-31,01:55,06:25PM,پایین,۱،۷,2,40,برد,40,,12840,64933.25,64876.13
2026-07-31,03:00,07:30PM,پایین,۱,1,20,باخت,-20,,12820,65000.0,65020.33
2026-07-31,03:05,07:35PM,پایین,۱،۵,2,40,برد,40,,12860,65020.33,64752.23
2026-07-31,03:20,07:50PM,بالا,۱،۵,1,20,باخت,-20,,12840,64717.78,64716.76
2026-07-31,03:25,07:55PM,بالا,۱،۵,2,40,برد,40,,12880,64716.76,64808.33
2026-07-31,03:45,08:15PM,بالا,۱,1,20,باخت,-20,,12860,64713.42,64713.18
2026-07-31,03:50,08:20PM,بالا,۱,2,40,باخت,-40,,12820,64713.18,64711.76
2026-07-31,03:55,08:25PM,بالا,۱,3,80,برد,80,,12900,64711.76,64716.79
2026-07-31,04:15,08:45PM,بالا,۱,1,20,باخت,-20,,12880,64686.68,64635.61
2026-07-31,04:20,08:50PM,بالا,۱,2,40,برد,40,,12920,64635.61,64662.53
2026-07-31,04:30,09:00PM,پایین,۵,1,20,باخت,-20,,12900,64881.99,65274.88
2026-07-31,04:35,09:05PM,پایین,🏆 ورودِ طلایی،۱،۲،۵،۷,2,40,برد,40,,12940,65274.88,65124.46
2026-07-31,04:40,09:10PM,پایین,۵,1,20,برد,20,,12960,65124.46,65039.01
2026-07-31,04:45,09:15PM,پایین,۵,1,20,برد,20,,12980,65039.01,65032.57
2026-07-31,04:50,09:20PM,پایین,۵,1,20,باخت,-20,,12960,65032.57,65115.06
2026-07-31,04:55,09:25PM,بالا,۵,2,40,باخت,-40,,12920,65115.06,64984.83
2026-07-31,05:05,09:35PM,بالا,۵,3,80,باخت,-80,انفجار,12840,64843.61,64763.01
2026-07-31,05:10,09:40PM,بالا,۲،۵,1,20,باخت,-20,,12820,64763.01,64547.56
2026-07-31,05:15,09:45PM,بالا,🏆 ورودِ طلایی،۱،۲،۵,2,40,باخت,-40,,12780,64547.56,64516.76
2026-07-31,05:20,09:50PM,بالا,۱،۵,3,80,باخت,-80,انفجار,12700,64516.76,64498.89
2026-07-31,05:25,09:55PM,بالا,🏆 ورودِ طلایی،۱،۳،۵,1,20,باخت,-20,,12680,64498.89,64450.44
2026-07-31,05:30,10:00PM,بالا,🏆 ورودِ طلایی،۱،۳،۵,2,40,برد,40,,12720,64450.44,64538.3
2026-07-31,05:40,10:10PM,بالا,۱,1,20,باخت,-20,,12700,64435.56,64344.08
2026-07-31,05:45,10:15PM,بالا,۱،۵,2,40,باخت,-40,,12660,64344.08,64321.18
2026-07-31,05:50,10:20PM,بالا,۱,3,80,باخت,-80,انفجار,12580,64321.18,64285.65
2026-07-31,05:55,10:25PM,بالا,۱،۵,1,20,برد,20,,12600,64285.65,64304.51
2026-07-31,06:05,10:35PM,بالا,۱,1,20,باخت,-20,,12580,64224.42,64165.37
2026-07-31,06:10,10:40PM,بالا,۱,2,40,برد,40,,12620,64165.37,64241.95
2026-07-31,06:50,11:20PM,پایین,۲,1,20,برد,20,,12640,64333.75,64309.67
2026-07-31,10:20,02:50AM,بالا,۵,1,20,باخت,-20,,12620,64193.99,64174.6
2026-07-31,10:30,03:00AM,بالا,۷,2,40,برد,40,,12660,64067.16,64075.98
2026-07-31,10:40,03:10AM,بالا,۵،۷,1,20,برد,20,,12680,63993.05,64015.21
2026-07-31,10:50,03:20AM,بالا,۷,1,20,برد,20,,12700,63925.16,63935.87
2026-07-31,11:35,04:05AM,بالا,۲,1,20,برد,20,,12720,63797.49,63877.52
2026-07-31,14:10,06:40AM,پایین,۷,1,20,برد,20,,12740,63835.09,63807.66
2026-07-31,14:20,06:50AM,پایین,۶,1,20,برد,20,,12760,63877.74,63855.15
2026-07-31,15:30,08:00AM,بالا,۱,1,20,باخت,-20,,12740,63692.95,63682.08
2026-07-31,15:35,08:05AM,بالا,۱,2,40,باخت,-40,,12700,63682.08,63660.0
2026-07-31,15:40,08:10AM,بالا,۱,3,80,باخت,-80,انفجار,12620,63660.0,63631.24
2026-07-31,15:45,08:15AM,بالا,۱,1,20,برد,20,,12640,63631.24,63653.01
2026-07-31,16:00,08:30AM,بالا,۱,1,20,برد,20,,12660,63583.19,63589.94
2026-07-31,17:05,09:35AM,بالا,۱،۵,1,20,باخت,-20,,12640,63550.22,63396.57
2026-07-31,17:10,09:40AM,بالا,🏆 ورودِ طلایی،۱،۲،۵،۷,2,40,باخت,-40,,12600,63396.57,63366.93
2026-07-31,17:15,09:45AM,بالا,🏆 ورودِ طلایی،۱،۵،۷,3,80,باخت,-80,انفجار,12520,63366.93,63210.06
2026-07-31,17:20,09:50AM,بالا,🏆 ورودِ طلایی،۱،۲،۵،۷,1,20,باخت,-20,,12500,63210.06,63190.43
2026-07-31,17:25,09:55AM,بالا,🏆 ورودِ طلایی،۱،۳،۵،۷,2,40,باخت,-40,,12460,63190.43,62944.26
2026-07-31,17:30,10:00AM,بالا,🏆 ورودِ طلایی،۱،۲،۳،۵،۷,3,80,باخت,-80,انفجار,12380,62944.26,62577.34
2026-07-31,17:35,10:05AM,بالا,🏆 ورودِ طلایی،۱،۲،۳،۵،۷,1,20,برد,20,,12400,62577.34,62607.33
2026-07-31,17:40,10:10AM,بالا,۵،۷,1,20,باخت,-20,,12380,62607.33,62523.75
2026-07-31,17:45,10:15AM,بالا,🏆 ورودِ طلایی،۱،۵،۷,2,40,باخت,-40,,12340,62523.75,62491.79
2026-07-31,17:50,10:20AM,بالا,۱،۵,3,80,برد,80,,12420,62491.79,62550.39
2026-07-31,18:50,11:20AM,بالا,۱،۲,1,20,برد,20,,12440,62426.95,62490.44
2026-07-31,19:05,11:35AM,پایین,۲,1,20,باخت,-20,,12420,62633.96,62661.01
2026-07-31,19:10,11:40AM,پایین,۵,2,40,برد,40,,12460,62661.01,62575.52
2026-07-31,19:35,12:05PM,پایین,۱،۵,1,20,باخت,-20,,12440,62780.73,62787.02
2026-07-31,19:40,12:10PM,پایین,۱,2,40,باخت,-40,,12400,62787.02,62821.71
2026-07-31,19:45,12:15PM,پایین,۱,3,80,باخت,-80,انفجار,12320,62821.71,62844.99
2026-07-31,19:50,12:20PM,پایین,۱,1,20,باخت,-20,,12300,62844.99,62849.36
2026-07-31,19:55,12:25PM,پایین,۱،۳,2,40,برد,40,,12340,62849.36,62805.7
2026-07-31,21:00,01:30PM,پایین,۲،۷,1,20,برد,20,,12360,62999.78,62983.63
2026-07-31,21:10,01:40PM,پایین,۶,1,20,باخت,-20,,12340,62993.49,63060.91
2026-07-31,21:15,01:45PM,پایین,۷,2,40,باخت,-40,,12300,63060.91,63177.89
2026-07-31,21:20,01:50PM,پایین,۲،۷,3,80,برد,80,,12380,63177.89,63173.36
2026-07-31,21:25,01:55PM,پایین,۷,1,20,باخت,-20,,12360,63173.36,63182.94
2026-07-31,21:30,02:00PM,پایین,۶,2,40,برد,40,,12400,63182.94,63142.7
2026-08-01,03:15,07:45PM,بالا,۲,1,20,باخت,-20,,12380,62826.95,62804.33
2026-08-01,03:20,07:50PM,بالا,۷,2,40,برد,40,,12420,62804.33,62817.96
2026-08-01,05:45,10:15PM,پایین,۷,1,20,باخت,-20,,12400,62971.88,62994.25
2026-08-01,05:50,10:20PM,پایین,۷,2,40,باخت,-40,,12360,62994.25,63004.2
2026-08-01,05:55,10:25PM,پایین,۷,3,80,باخت,-80,انفجار,12280,63004.2,63007.95
2026-08-01,06:00,10:30PM,پایین,۷,1,20,باخت,-20,,12260,63007.95,63015.37
2026-08-01,06:05,10:35PM,پایین,۳,2,40,برد,40,,12300,63015.37,63003.01
2026-08-01,06:15,10:45PM,پایین,۶,1,20,برد,20,,12320,63012.77,62995.34
2026-08-01,06:40,11:10PM,بالا,۲,1,20,برد,20,,12340,62925.0,62935.51
2026-08-01,08:10,12:40AM,پایین,۱,1,20,باخت,-20,,12320,62995.61,63024.16
2026-08-01,08:15,12:45AM,پایین,۱،۷,2,40,باخت,-40,,12280,63024.16,63031.53
2026-08-01,08:20,12:50AM,پایین,۷,3,80,باخت,-80,انفجار,12200,63031.53,63041.09
2026-08-01,08:25,12:55AM,پایین,۷,1,20,برد,20,,12220,63041.09,63037.76
2026-08-01,08:35,01:05AM,پایین,۶,1,20,باخت,-20,,12200,63052.61,63063.0
2026-08-01,09:05,01:35AM,بالا,۵,2,40,باخت,-40,,12160,62962.46,62952.84
2026-08-01,09:10,01:40AM,بالا,۵,3,80,باخت,-80,انفجار,12080,62952.84,62944.58
2026-08-01,09:15,01:45AM,بالا,۵,1,20,برد,20,,12100,62944.58,62962.97
2026-08-01,09:20,01:50AM,بالا,۵,1,20,برد,20,,12120,62962.97,62964.0
2026-08-01,09:35,02:05AM,بالا,۱,1,20,برد,20,,12140,62930.93,62963.47
2026-08-01,09:55,02:25AM,پایین,۵,1,20,باخت,-20,,12120,63000.73,63006.27
2026-08-01,10:40,03:10AM,پایین,۱,2,40,برد,40,,12160,63043.31,63012.89
2026-08-01,11:00,03:30AM,بالا,۵,1,20,باخت,-20,,12140,62979.72,62977.94
2026-08-01,13:15,05:45AM,بالا,۲,2,40,باخت,-40,,12100,63011.54,63005.79
2026-08-01,13:30,06:00AM,بالا,🏆 ورودِ طلایی،۱،۲،۳،۵،۷,3,80,برد,80,,12180,62930.96,62938.86
2026-08-01,13:35,06:05AM,بالا,۵،۷,1,20,برد,20,,12200,62938.86,62946.06
2026-08-01,13:40,06:10AM,بالا,۵,1,20,برد,20,,12220,62946.06,62999.92
2026-08-01,13:45,06:15AM,پایین,۲,1,20,برد,20,,12240,62999.92,62990.0
2026-08-01,13:50,06:20AM,پایین,۵,1,20,برد,20,,12260,62990.0,62975.7
2026-08-01,14:55,07:25AM,پایین,۱,1,20,باخت,-20,,12240,63022.35,63023.26
2026-08-01,15:00,07:30AM,پایین,۱,2,40,برد,40,,12280,63023.26,63019.26
2026-08-01,15:30,08:00AM,پایین,۲,1,20,باخت,-20,,12260,63040.13,63046.78
2026-08-01,17:15,09:45AM,بالا,۲،۵،۷,2,40,برد,40,,12300,62995.49,63002.9
2026-08-01,17:30,10:00AM,پایین,۲,1,20,باخت,-20,,12280,63015.43,63034.9
2026-08-01,17:35,10:05AM,پایین,۲،۵,2,40,برد,40,,12320,63034.9,63023.14
2026-08-01,17:45,10:15AM,پایین,۵,1,20,باخت,-20,,12300,63036.48,63048.86
2026-08-01,17:50,10:20AM,پایین,۵,2,40,باخت,-40,,12260,63048.86,63052.28
2026-08-01,18:45,11:15AM,بالا,۵,3,80,باخت,-80,انفجار,12180,63014.78,63010.0
2026-08-01,18:50,11:20AM,بالا,۵,1,20,باخت,-20,,12160,63010.0,62998.06
2026-08-01,18:55,11:25AM,بالا,۲،۵,2,40,باخت,-40,,12120,62998.06,62997.01
2026-08-01,19:00,11:30AM,بالا,۱،۵,3,80,باخت,-80,انفجار,12040,62997.01,62988.01
2026-08-01,19:05,11:35AM,بالا,۱,1,20,باخت,-20,,12020,62988.01,62987.0
2026-08-01,19:10,11:40AM,بالا,۱،۳,2,40,باخت,-40,,11980,62987.0,62973.5
2026-08-01,19:15,11:45AM,بالا,۱،۲،۳،۷,3,80,باخت,-80,انفجار,11900,62973.5,62970.0
2026-08-01,19:20,11:50AM,بالا,۱،۳,1,20,باخت,-20,,11880,62970.0,62936.89
2026-08-01,19:25,11:55AM,بالا,🏆 ورودِ طلایی،۱،۲،۳،۵،۷,2,40,باخت,-40,,11840,62936.89,62919.01
2026-08-01,19:30,12:00PM,بالا,🏆 ورودِ طلایی،۱،۲،۳،۵،۷,3,80,باخت,-80,انفجار,11760,62919.01,62896.89
2026-08-01,19:35,12:05PM,بالا,🏆 ورودِ طلایی،۱،۲،۳،۵،۷,1,20,باخت,-20,,11740,62896.89,62881.54
2026-08-01,19:40,12:10PM,بالا,🏆 ورودِ طلایی،۱،۲،۳،۵،۷,2,40,باخت,-40,,11700,62881.54,62869.99
2026-08-01,19:45,12:15PM,بالا,🏆 ورودِ طلایی،۱،۲،۳،۵،۷,3,80,برد,80,,11780,62869.99,62874.99
2026-08-01,19:50,12:20PM,بالا,۵,1,20,برد,20,,11800,62874.99,62877.45
2026-08-01,20:00,12:30PM,پایین,۲,1,20,باخت,-20,,11780,62891.99,62930.35
2026-08-01,20:05,12:35PM,پایین,۲،۵,2,40,برد,40,,11820,62930.35,62900.01
2026-08-01,20:20,12:50PM,بالا,۱،۲,1,20,باخت,-20,,11800,62865.21,62857.18
2026-08-01,20:25,12:55PM,بالا,۱،۵,2,40,برد,40,,11840,62857.18,62901.56
2026-08-01,20:40,01:10PM,بالا,۱،۵,1,20,باخت,-20,,11820,62823.56,62814.23
2026-08-01,20:45,01:15PM,بالا,۱،۵,2,40,برد,40,,11860,62814.23,62816.11
2026-08-01,20:50,01:20PM,بالا,۵,1,20,باخت,-20,,11840,62816.11,62769.91
2026-08-01,20:55,01:25PM,بالا,۱،۵,2,40,باخت,-40,,11800,62769.91,62689.6
2026-08-01,21:00,01:30PM,بالا,🏆 ورودِ طلایی،۱،۵،۷,3,80,برد,80,,11880,62689.6,62706.14
2026-08-01,21:05,01:35PM,بالا,۵,1,20,برد,20,,11900,62706.14,62751.73
2026-08-01,21:10,01:40PM,بالا,۵,1,20,باخت,-20,,11880,62751.73,62727.79
2026-08-01,21:20,01:50PM,بالا,۱,2,40,باخت,-40,,11840,62649.26,62647.57
2026-08-01,21:25,01:55PM,بالا,۱،۵,3,80,باخت,-80,انفجار,11760,62647.57,62632.92
2026-08-01,21:30,02:00PM,بالا,۱،۵,1,20,برد,20,,11780,62632.92,62662.11
2026-08-01,21:35,02:05PM,بالا,۵,1,20,باخت,-20,,11760,62662.11,62644.01
2026-08-01,21:45,02:15PM,بالا,۱،۵,2,40,باخت,-40,,11720,62552.74,62451.1
2026-08-01,21:50,02:20PM,بالا,🏆 ورودِ طلایی،۱،۲،۵،۷,3,80,برد,80,,11800,62451.1,62490.58
2026-08-01,21:55,02:25PM,بالا,۵,1,20,باخت,-20,,11780,62490.58,62337.33
2026-08-01,22:00,02:30PM,بالا,🏆 ورودِ طلایی،۱،۵،۷,2,40,برد,40,,11820,62337.33,62367.76
2026-08-01,22:05,02:35PM,بالا,۵,1,20,باخت,-20,,11800,62367.76,62312.9
2026-08-01,22:10,02:40PM,بالا,۱،۵,2,40,برد,40,,11840,62312.9,62317.52
2026-08-01,22:15,02:45PM,بالا,۵,1,20,برد,20,,11860,62317.52,62396.39
2026-08-01,22:20,02:50PM,پایین,۵,1,20,باخت,-20,,11840,62396.39,62519.93
2026-08-01,22:25,02:55PM,پایین,۲،۵,2,40,باخت,-40,,11800,62519.93,62553.87
2026-08-01,22:30,03:00PM,پایین,۲،۵,3,80,برد,80,,11880,62553.87,62534.5
2026-08-01,22:35,03:05PM,پایین,۵,1,20,برد,20,,11900,62534.5,62489.86
2026-08-01,22:40,03:10PM,پایین,۵,1,20,باخت,-20,,11880,62489.86,62523.12
2026-08-01,22:50,03:20PM,بالا,۵,2,40,برد,40,,11920,62464.04,62493.8
2026-08-01,23:05,03:35PM,بالا,۵,1,20,برد,20,,11940,62408.81,62410.15
2026-08-01,23:50,04:20PM,پایین,۱،۲،۵,1,20,برد,20,,11960,62561.01,62554.37
2026-08-01,23:55,04:25PM,پایین,۵,1,20,برد,20,,11980,62554.37,62536.31
2026-08-02,00:15,04:45PM,پایین,۱,1,20,باخت,-20,,11960,62570.31,62593.74
2026-08-02,00:25,04:55PM,پایین,۵,2,40,باخت,-40,,11920,62608.34,62696.51
2026-08-02,00:30,05:00PM,پایین,🏆 ورودِ طلایی،۲،۵،۷,3,80,باخت,-80,انفجار,11840,62696.51,62703.71
2026-08-02,00:35,05:05PM,پایین,🏆 ورودِ طلایی،۳،۵،۷,1,20,برد,20,,11860,62703.71,62684.82
2026-08-02,00:40,05:10PM,پایین,۵,1,20,باخت,-20,,11840,62684.82,62722.04
2026-08-02,00:45,05:15PM,پایین,۵،۶,2,40,برد,40,,11880,62722.04,62696.51
2026-08-02,01:00,05:30PM,پایین,۵،۷,1,20,برد,20,,11900,62805.0,62729.93
2026-08-02,03:40,08:10PM,پایین,۵،۷,1,20,برد,20,,11920,62871.71,62865.69
2026-08-02,03:45,08:15PM,پایین,۵,1,20,برد,20,,11940,62865.69,62863.0
2026-08-02,03:55,08:25PM,بالا,۲,1,20,باخت,-20,,11920,62820.74,62819.04
2026-08-02,04:10,08:40PM,بالا,۳,2,40,باخت,-40,,11880,62786.42,62778.01
2026-08-02,04:15,08:45PM,بالا,۳,3,80,باخت,-80,انفجار,11800,62778.01,62757.0
2026-08-02,04:20,08:50PM,بالا,۳,1,20,برد,20,,11820,62757.0,62767.74
2026-08-02,04:35,09:05PM,پایین,۲,1,20,باخت,-20,,11800,62852.24,62952.92
2026-08-02,04:40,09:10PM,پایین,🏆 ورودِ طلایی،۲،۵،۷,2,40,باخت,-40,,11760,62952.92,62958.0
